,ZR-167-D1,ZR-178-D1,ZR-103-D1,ZR-112-D1,ZR-095-D1,ZR-240-D1,ZR-106-D1,ZR-245-D1,ZR-092-D1,ZR-200-D1,JL-042-D1,ZR-088-D1,ZR-223-D1,ZR-093-D1,ZR-211-D1,ZR-187-D1,ZR-189-D1,JL-034-D1,ZR-243-D1,ZR-182-D1,ZR-183-D1,ZR-247-D1,ZR-196-D1,ZR-102-D1,ZR-238-D1,JL-054-D1,ZR-191-D1,ZR-222-D1,ZR-116-D1,JL-046-D1,JL-066-D1,ZR-203-D1,ZR-105-D1,ZR-195-D1,ZR-094-D1,ZR-188-D1,XY-031-D1,ZR-179-D1,ZR-230-D1,JL-070-D1,ZR-199-D1,ZR-109-D1,ZR-220-D1,ZR-242-D1,ZR-190-D1,ZR-111-D1,XY-026-D1,ZR-186-D1,XY-034-D1,XY-011-D1,XY-049-D1,XY-012-D1,ZR-181-D1,ZR-089-D1,ZR-180-D1,ZR-241-D1,ZR-221-D1,ZR-176-D1,JL-059-D1,ZR-177-D1,ZR-219-D1,XY-016-D1,XY-028-D1,JL-063-D1,XY-013-D1,ZR-090-D1,ZR-096-D1,ZR-091-D1,ZR-192-D1,JL-064-D1,ZR-193-D1,XY-024-D1,ZR-232-D1,JL-060-D1,ZR-113-D1,ZR-108-D1,ZR-184-D1,ZR-244-D1,ZR-110-D1,JL-072-D1,ZR-233-D1,JL-038-D1,JL-052-D1,ZR-235-D1,JL-044-D1,ZR-098-D1,XY-017-D1,JL-037-D1,JL-040-D1,JL-055-D1,JL-062-D1,JL-041-D1,JL-071-D1,JL-058-D1,ZR-229-D1,ZR-224-D1,JL-057-D1,ZR-239-D1,ZR-236-D1,JL-051-D1,JL-050-D1,ZR-225-D1,XY-030-D1,ZR-197-D1,ZR-104-D1,ZR-246-D1,ZR-237-D1,ZR-226-D1,XY-056-D1,JL-065-D1,JL-049-D1,JL-056-D1,ZR-231-D1,JL-039-D1,JL-043-D1,JL-045-D1,JL-047-D1,JL-067-D1,JL-069-D1,JL-068-D1
ZR-167-D1,1.045343575,0.002300011,0.006579768,0.010716419,0.00427625,0.003068769,0.006535425,0.002728248,0.002220011,0.003472698,0.006167075,0.002573915,0.001734742,0.002643358,0.001799468,0.007381896,0.003346781,0.002372712,0.0024295,0.007348156,0.008057314,0.002255578,0.006638467,0.002516158,0.019511191,0.001981776,0.004378336,0.004453147,0.005022176,0.003654771,0.001073544,0.013449675,0.005814893,0.011270649,0.011342206,0.010045604,0.003686142,0.017379652,0.001839554,0.001320155,0.002954017,0.016434438,0.006075699,0.007521213,0.003012726,0.007251003,0.002201918,0.009982913,0.001921099,0.001301543,0.001178923,0.003125653,0.001946797,0.002593127,0.003351191,0.003358329,0.008356538,0.003378802,0.003787518,0.001400381,0.002026104,0.001073556,0.001094191,0.000950158,0.00093715,0.003814032,0.001835648,0.00117742,0.004293981,0.001426874,0.005674944,0.001133017,0.00196016,0.004733121,0.005345025,0.002156857,0.0021162,0.001778624,0.00383542,0.001425412,0.002314694,0.001008366,0.001566074,0.015925309,0.001531,0.001979207,0.001406141,0.001484711,0.001113717,0.001095529,0.001410018,0.001467868,0.001540037,0.001013719,0.001539315,0.010055504,0.002958556,0.00167108,0.001727158,0.001708932,0.001844327,0.006661052,0.000975511,0.002372812,0.003195089,0.001540145,0.003804295,0.002004804,0.000900346,0.004122726,0.002296657,0.001863299,0.001514008,0.001288709,0.001715984,0.001112174,0.001589257,0.003594738,0.001014716,0.000927081
ZR-178-D1,0.002300011,1.028045414,0.004606764,0.00201488,0.002964684,0.005154188,0.002847824,0.00282396,0.008609388,0.00391254,0.002140541,0.010237802,0.003507876,0.008301992,0.002544722,0.00845376,0.00231569,0.002455815,0.009536037,0.006620754,0.004523508,0.006463274,0.011504857,0.002748407,0.002157693,0.002232739,0.007444539,0.002300509,0.00628369,0.004938355,0.006060618,0.002809162,0.006154132,0.001865521,0.002598432,0.002129826,0.001649124,0.002762378,0.004960536,0.002336831,0.003738211,0.002902795,0.004983164,0.008938957,0.002372173,0.005247424,0.001799456,0.005205157,0.00231184,0.002255662,0.001711804,0.00185852,0.012416685,0.003487164,0.004732149,0.002651688,0.002210482,0.002680055,0.001935847,0.004656558,0.003337619,0.001881535,0.002377282,0.00228131,0.002110624,0.005147665,0.002512802,0.00360792,0.005464147,0.002502135,0.008814567,0.00164664,0.006360888,0.002584774,0.002153734,0.005541786,0.005085791,0.006049632,0.00305582,0.002505784,0.008131739,0.006538938,0.002679117,0.002782381,0.002594148,0.002199726,0.001888979,0.007313113,0.005185907,0.004211735,0.002229774,0.002628271,0.005244914,0.003755629,0.002095569,0.002247501,0.002703549,0.002589745,0.002414787,0.003564875,0.003742804,0.003175942,0.001975263,0.009578027,0.007061398,0.005414924,0.004681462,0.005610575,0.001853795,0.002385959,0.002098742,0.004387711,0.002144219,0.00276329,0.00248222,0.003053384,0.002263457,0.002003275,0.002284067,0.004560081
ZR-103-D1,0.006579768,0.004606764,1.027783764,0.007905864,0.009190912,0.002477377,0.00942515,0.008545563,0.00851685,0.003243548,0.002410843,0.004167788,0.001587372,0.010966186,0.0026699,0.003489349,0.010954698,0.001738417,0.002807359,0.005838297,0.005911311,0.008093241,0.008000192,0.002837051,0.007208466,0.001828559,0.002106709,0.00787655,0.005582868,0.001824626,0.001589077,0.007184467,0.005088836,0.002730583,0.005980704,0.006042811,0.002362326,0.003596221,0.00309917,0.001193606,0.005717593,0.01100345,0.008524275,0.003129082,0.008677566,0.006092224,0.001533991,0.00633238,0.001456803,0.001398565,0.001254183,0.001929439,0.002678798,0.008301803,0.003440939,0.002161146,0.010231576,0.011495604,0.001525009,0.005945743,0.003996298,0.001358497,0.001402583,0.001063153,0.001079809,0.009885274,0.006322588,0.002391049,0.007929567,0.001195273,0.002662665,0.001396231,0.001879776,0.001859298,0.013327702,0.005612983,0.00741837,0.004888742,0.003037315,0.001738648,0.002471131,0.001185376,0.001249498,0.005529609,0.001207707,0.003655785,0.001212959,0.001611017,0.001667039,0.001565485,0.001141866,0.001090773,0.001651149,0.002902332,0.005239703,0.006984982,0.001369175,0.004033115,0.003205229,0.001191716,0.001287951,0.002977375,0.001084481,0.002233743,0.005305107,0.005735183,0.001864414,0.002731474,0.001082282,0.001566903,0.001809103,0.001211487,0.00350251,0.001803808,0.001241322,0.001565645,0.004707923,0.00115281,0.001020029,0.001138323
ZR-112-D1,0.010716419,0.00201488,0.007905864,1.071695292,0.007153127,0.002240252,0.009487308,0.003250265,0.00397713,0.006328967,0.003030904,0.002268619,0.001848227,0.003118342,0.001738884,0.003191535,0.004264065,0.001521435,0.002005014,0.00692161,0.00393278,0.00282626,0.00319708,0.001859018,0.006759905,0.001753077,0.002409683,0.003822086,0.002558755,0.007212795,0.001065398,0.005758858,0.006389902,0.005567791,0.009033923,0.003087632,0.006325511,0.016302228,0.002920658,0.001111284,0.003942489,0.016480627,0.006842326,0.006182318,0.004427262,0.006380964,0.003887449,0.016279935,0.002364385,0.001382928,0.001278356,0.002386289,0.002079249,0.006134263,0.005410955,0.001940611,0.005523938,0.005666809,0.002114237,0.003378437,0.002492138,0.001275212,0.001248592,0.000941385,0.001119557,0.008280284,0.003320061,0.001829883,0.002756346,0.001282888,0.004646439,0.001258241,0.001927287,0.002331341,0.01437868,0.002162032,0.003552428,0.002480327,0.001986814,0.001370583,0.002630093,0.001116406,0.001443389,0.004332043,0.001226959,0.00234318,0.0011973,0.001227481,0.001116441,0.001154836,0.001364028,0.001040661,0.001353762,0.000986332,0.002101093,0.003065649,0.001619184,0.0021985,0.005230565,0.00128315,0.004564981,0.003512521,0.001107104,0.002060967,0.002205801,0.00242318,0.006080044,0.001864929,0.001030937,0.002722009,0.001488918,0.001485752,0.002289384,0.001587783,0.001732755,0.001081644,0.002076269,0.001376975,0.001010508,0.000968278
ZR-095-D1,0.00427625,0.002964684,0.009190912,0.007153127,1.039930001,0.00405318,0.012126159,0.008507609,0.007096733,0.003243541,0.0021972,0.00287999,0.001722202,0.008244908,0.00192411,0.010740445,0.005410958,0.001677077,0.002408327,0.005668091,0.004878696,0.007340066,0.005363875,0.00234409,0.0031733,0.002032478,0.002269613,0.006090335,0.002409147,0.002440074,0.001614663,0.005649071,0.004361278,0.002407291,0.00382495,0.00258488,0.005193227,0.003041964,0.004857021,0.001424258,0.005749829,0.006133181,0.008034942,0.006855262,0.008608323,0.002643534,0.002203457,0.005172199,0.001687543,0.001784996,0.001566921,0.004075913,0.004814489,0.003822799,0.007110349,0.002008269,0.006522919,0.005882683,0.003426417,0.006008514,0.003977612,0.001788769,0.00146391,0.00130605,0.001372246,0.007390431,0.003094788,0.002721564,0.005684124,0.001611685,0.002882567,0.001693665,0.002146679,0.006089481,0.008954552,0.0057201,0.009159421,0.005703654,0.002032244,0.002039508,0.002649693,0.001529067,0.001755212,0.004078974,0.002054907,0.006644695,0.001752418,0.001835683,0.002564004,0.001727862,0.001438152,0.001778902,0.001914584,0.00164297,0.006015473,0.002572586,0.003359651,0.007629066,0.006894875,0.002123943,0.001827979,0.003742153,0.001492068,0.00244798,0.004788202,0.00342479,0.001990687,0.002297437,0.001305373,0.002664183,0.001989885,0.002963819,0.003263572,0.001956301,0.004514544,0.001566371,0.006484857,0.001511511,0.001378052,0.001436349
ZR-240-D1,0.003068769,0.005154188,0.002477377,0.002240252,0.00405318,1.037903852,0.005006637,0.002762898,0.005512762,0.009888574,0.002582229,0.005977051,0.001940367,0.004797887,0.002503615,0.008181296,0.002623262,0.001970167,0.007776688,0.005846847,0.005290311,0.008919481,0.005133755,0.002115816,0.00548956,0.007618468,0.003999907,0.002375916,0.005631962,0.002256144,0.001979458,0.005871089,0.002580556,0.002991226,0.002039591,0.002465066,0.00218853,0.00247175,0.009333666,0.002347628,0.002698343,0.002420062,0.005507014,0.006074368,0.003099881,0.003643178,0.003039408,0.005121756,0.005303516,0.003195864,0.004854235,0.005141068,0.006797926,0.001829414,0.005547005,0.002223288,0.003587028,0.002687423,0.002214904,0.00439326,0.002310336,0.001992782,0.001990051,0.001950862,0.002041036,0.003293413,0.002330774,0.003800175,0.00651454,0.001867731,0.004479416,0.002052614,0.007528463,0.004465166,0.00211789,0.005442009,0.002351105,0.002260065,0.002542458,0.002644855,0.005781227,0.003147954,0.001899852,0.006991065,0.003172542,0.005215427,0.005434002,0.00474924,0.004460043,0.002047579,0.001935005,0.003672148,0.004073879,0.002221818,0.002447063,0.001988527,0.005192766,0.008959141,0.006206306,0.002140481,0.00229371,0.008701626,0.002394289,0.005128998,0.003415791,0.00205441,0.007052371,0.005203035,0.002511082,0.001987043,0.005537976,0.001909887,0.002200358,0.005708567,0.001833788,0.001780312,0.003672809,0.002342882,0.001811687,0.002247725
ZR-106-D1,0.006535425,0.002847824,0.00942515,0.009487308,0.012126159,0.005006637,1.028146087,0.009300273,0.008724336,0.006332786,0.004222184,0.003867874,0.003450379,0.002951585,0.002175161,0.009073679,0.007416843,0.002648913,0.002682732,0.002794397,0.005270287,0.006059171,0.003687082,0.001904304,0.003818458,0.004661505,0.004289066,0.011959672,0.002688359,0.00409335,0.001581686,0.006516248,0.010315105,0.007196644,0.005351157,0.002497788,0.001879536,0.004245807,0.002766881,0.001625349,0.006430017,0.004641225,0.005176346,0.005208737,0.009564024,0.00285732,0.0064214,0.006584234,0.001433131,0.001583988,0.001548382,0.005433969,0.002566299,0.007203826,0.003418387,0.00201855,0.006585473,0.005681171,0.002964783,0.005029218,0.003372436,0.001408112,0.001498089,0.001378976,0.001224321,0.01010579,0.002854944,0.002546116,0.002563732,0.001944463,0.00670392,0.001317687,0.002572029,0.005402721,0.007215737,0.002348484,0.009038159,0.005919632,0.001820235,0.001939206,0.003048438,0.002076149,0.004261236,0.002398863,0.001807262,0.003753597,0.002081546,0.00180388,0.001621342,0.001746657,0.004338893,0.001700937,0.004058038,0.001684362,0.003386154,0.003268682,0.004381412,0.002572212,0.003238521,0.004750896,0.002230379,0.002676824,0.001460651,0.002142968,0.002198799,0.006219684,0.002567072,0.001804414,0.001244573,0.002278654,0.001682176,0.002636279,0.005882169,0.001719308,0.00265616,0.001499117,0.002912603,0.002468503,0.001398084,0.00153407
ZR-245-D1,0.002728248,0.00282396,0.008545563,0.003250265,0.008507609,0.002762898,0.009300273,1.03967452,0.006642624,0.002888357,0.001969291,0.003330928,0.00184143,0.003086119,0.006200992,0.005175357,0.009277894,0.001845818,0.002434266,0.002749876,0.002782944,0.008510694,0.005097984,0.004839129,0.002774276,0.002189364,0.003008629,0.010618316,0.004816152,0.002646625,0.001795016,0.00698999,0.002807501,0.002569506,0.005436175,0.002212705,0.002726051,0.002237094,0.007234498,0.00148533,0.004158144,0.002710783,0.008193113,0.004892124,0.007785701,0.002845322,0.00137791,0.005361705,0.00171128,0.00210098,0.001545486,0.001754884,0.002097448,0.006425812,0.002282658,0.006906537,0.009377624,0.004030869,0.001566563,0.00588927,0.00978771,0.004048503,0.002191055,0.001388727,0.00157686,0.003555349,0.004626801,0.003184014,0.003518353,0.001327906,0.002378138,0.00231518,0.001995908,0.001613335,0.005242813,0.003175549,0.004420513,0.011143975,0.006503003,0.001766962,0.002738514,0.001468891,0.001446071,0.001992026,0.001337231,0.007881603,0.001509021,0.001515787,0.003924318,0.004773678,0.001331639,0.001222258,0.001593291,0.001407754,0.011768176,0.00355383,0.001547894,0.006140469,0.004337496,0.001434448,0.001448086,0.002553245,0.001551889,0.005077785,0.006107749,0.008020092,0.001818842,0.006272143,0.001472244,0.001486059,0.001665606,0.001443146,0.01345663,0.002400859,0.001575404,0.005493438,0.00468442,0.001357685,0.001236051,0.001357493
ZR-092-D1,0.002220011,0.008609388,0.00851685,0.00397713,0.007096733,0.005512762,0.008724336,0.006642624,1.049033125,0.006427666,0.001875091,0.007356256,0.00207966,0.003852156,0.003824859,0.003676747,0.006792298,0.001496781,0.009184664,0.007493406,0.005422006,0.010579813,0.006147476,0.004780329,0.002246556,0.002271073,0.003569919,0.007125354,0.003400705,0.001902293,0.001652172,0.004719484,0.005105797,0.002871682,0.003110237,0.002361387,0.001944023,0.001904304,0.007001154,0.001451429,0.006846851,0.003725493,0.00764169,0.003281932,0.00756587,0.003228732,0.001552858,0.002732799,0.001992815,0.001402025,0.001447736,0.001879266,0.00756982,0.009048213,0.009681567,0.003710285,0.004375869,0.007344484,0.001439816,0.005189075,0.005927645,0.001538912,0.001447911,0.001113829,0.001357381,0.005097866,0.006318437,0.003390527,0.002466706,0.00141395,0.00248722,0.001657767,0.002581463,0.001376972,0.005882961,0.006455929,0.006944129,0.007457185,0.002596545,0.001774345,0.004863051,0.001637361,0.001495787,0.001888822,0.001153049,0.003588666,0.001572799,0.002965759,0.002337416,0.001571781,0.001288934,0.00108731,0.001923272,0.001248427,0.006683217,0.002627324,0.001364573,0.006997525,0.004934848,0.001236593,0.001568556,0.002658471,0.001439287,0.005194021,0.002758124,0.008556193,0.002074339,0.002519185,0.001144294,0.001439782,0.001517096,0.001393171,0.004108771,0.002122938,0.001254599,0.001558617,0.004755333,0.001232831,0.001016092,0.001228201
ZR-200-D1,0.003472698,0.00391254,0.003243548,0.006328967,0.003243541,0.009888574,0.006332786,0.002888357,0.006427666,1.048337668,0.006246263,0.006380801,0.002329726,0.004308965,0.002783128,0.006293892,0.006872862,0.001550522,0.008347241,0.005289079,0.007658291,0.011629635,0.010895764,0.00178482,0.003204433,0.003082877,0.00553781,0.005271779,0.006592808,0.004502015,0.001314798,0.004663447,0.005481913,0.010699888,0.00579002,0.003024048,0.001791246,0.00498885,0.010261425,0.001483906,0.008971137,0.003926663,0.002643916,0.006061799,0.007735478,0.006358038,0.006411385,0.009003071,0.002195793,0.001547913,0.001499429,0.00571056,0.007634679,0.002456512,0.007302401,0.002202035,0.002492386,0.006220576,0.001646515,0.001875439,0.002225679,0.001306304,0.001233055,0.001108661,0.001167558,0.002828123,0.002472325,0.001811638,0.005636334,0.001691608,0.004845199,0.001349766,0.005615869,0.002986555,0.002576975,0.003343386,0.006135069,0.002311074,0.002361131,0.001684551,0.005782976,0.001521278,0.002161018,0.002642341,0.001333147,0.002211606,0.001665286,0.001722412,0.001571403,0.001373365,0.001897688,0.001149014,0.001640612,0.001214702,0.002208138,0.002673255,0.001819075,0.005485744,0.002934392,0.001605587,0.002064505,0.006085769,0.001224117,0.005010298,0.003146834,0.002146989,0.007645346,0.004015647,0.001091201,0.001502191,0.001505134,0.001709833,0.001818025,0.003727412,0.001696203,0.001289833,0.002117064,0.001879126,0.001015325,0.001095748
JL-042-D1,0.006167075,0.002140541,0.002410843,0.003030904,0.0021972,0.002582229,0.004222184,0.001969291,0.001875091,0.006246263,1.052404349,0.00282168,0.003421316,0.001483388,0.002936444,0.004929938,0.004272401,0.006338361,0.002338418,0.005788125,0.002345436,0.002278784,0.003469252,0.002036052,0.006581563,0.011843155,0.007139532,0.004613933,0.005644569,0.004036015,0.002907996,0.004906048,0.006203946,0.010150938,0.0051134,0.001776039,0.004975257,0.005660481,0.003176623,0.002796241,0.005173793,0.004103795,0.001836702,0.002523228,0.002994009,0.005942062,0.010955739,0.003711077,0.00277006,0.002733345,0.006039772,0.013859584,0.001759727,0.001725366,0.007470709,0.001491674,0.001941264,0.0020522,0.006128946,0.001432746,0.001391304,0.002201304,0.002129899,0.003814561,0.002770713,0.001796038,0.001388138,0.001439497,0.001779824,0.006397312,0.002247432,0.005282158,0.00502262,0.008954703,0.002873157,0.001364591,0.002407205,0.001405119,0.001437767,0.006179423,0.00160763,0.004708165,0.006579327,0.002364543,0.005688948,0.00186457,0.003355381,0.003145267,0.002208749,0.002155889,0.006806928,0.003516077,0.003976003,0.002934456,0.001298173,0.002267362,0.005585527,0.001707122,0.00139009,0.003703039,0.007364435,0.00177611,0.002733364,0.001440939,0.001401448,0.00138513,0.004816503,0.001379129,0.002105664,0.005821782,0.004816573,0.005473572,0.001318614,0.001832202,0.005934879,0.003183954,0.002014728,0.005364434,0.002922895,0.002763947
ZR-088-D1,0.002573915,0.010237802,0.004167788,0.002268619,0.00287999,0.005977051,0.003867874,0.003330928,0.007356256,0.006380801,0.00282168,1.0506849,0.002860582,0.002763216,0.006664298,0.005541167,0.002943508,0.002288365,0.007251674,0.005078239,0.005326729,0.010345346,0.010307879,0.005022255,0.002888577,0.003452048,0.006391686,0.003395763,0.00546785,0.006777885,0.002826986,0.003062757,0.008381601,0.002959343,0.005375246,0.001818102,0.002184128,0.002326681,0.003515299,0.004614862,0.002260492,0.004475296,0.002592185,0.008283003,0.003875166,0.008871153,0.002503909,0.002744563,0.002402768,0.005046303,0.003178156,0.003679461,0.005475786,0.006778093,0.00386868,0.003263522,0.00215293,0.002796963,0.001717623,0.001992585,0.002100988,0.002436371,0.003722352,0.002273725,0.001882604,0.005381665,0.001927237,0.002574549,0.002066928,0.002016147,0.002777371,0.002414199,0.002360629,0.002859933,0.002309946,0.002528444,0.004355589,0.005471731,0.001854038,0.002712122,0.006037741,0.002853194,0.003396283,0.002069647,0.00322397,0.002206311,0.002594444,0.005311101,0.00814855,0.006091072,0.00232558,0.003009149,0.006743017,0.002350195,0.002076195,0.002236352,0.004061742,0.002391521,0.002272284,0.003208666,0.00259586,0.002108809,0.002370487,0.005812482,0.002455739,0.006150199,0.002069107,0.002061732,0.002245743,0.00271608,0.002178823,0.003187186,0.002050659,0.001857918,0.002451386,0.002581693,0.001726219,0.003309743,0.00204063,0.002613897
ZR-223-D1,0.001734742,0.003507876,0.001587372,0.001848227,0.001722202,0.001940367,0.003450379,0.00184143,0.00207966,0.002329726,0.003421316,0.002860582,1.039597094,0.002556814,0.006572417,0.001637742,0.001488532,0.003682948,0.00512683,0.00168938,0.001576218,0.002033155,0.001903574,0.0067728,0.00214346,0.004451471,0.012168211,0.008516057,0.001811501,0.005682213,0.004370364,0.001624586,0.00618284,0.00438504,0.001845684,0.002121503,0.00263705,0.003089703,0.001944308,0.006859297,0.006839573,0.001354859,0.001648733,0.002002529,0.00177704,0.001689025,0.003131681,0.001987965,0.003022148,0.00407893,0.006779142,0.002470807,0.006962892,0.00199374,0.005618236,0.001940567,0.001487733,0.001893936,0.00394952,0.002267094,0.002337795,0.007484705,0.006061102,0.003996465,0.005938375,0.004093028,0.004071634,0.005122597,0.003194262,0.004407591,0.006609591,0.006706653,0.006432147,0.003199178,0.001454877,0.00231458,0.003160003,0.005844416,0.004532204,0.002764484,0.002348869,0.003453775,0.007561964,0.001596776,0.003639443,0.003681461,0.00321003,0.005574025,0.004266485,0.005042953,0.006697933,0.003461519,0.007877094,0.005530107,0.002598349,0.003240649,0.003209007,0.002086118,0.00255091,0.006182094,0.005831021,0.003476032,0.006629029,0.004827246,0.00236758,0.002779093,0.007311124,0.00515137,0.005777168,0.007249527,0.002671443,0.00665368,0.002658343,0.002452155,0.007235776,0.003689439,0.002813297,0.003706167,0.003540596,0.003706419
ZR-093-D1,0.002643358,0.008301992,0.010966186,0.003118342,0.008244908,0.004797887,0.002951585,0.003086119,0.003852156,0.004308965,0.001483388,0.002763216,0.002556814,1.031281868,0.005674139,0.003368529,0.00875693,0.002108255,0.005551443,0.00541569,0.011615132,0.00393968,0.00551001,0.005347276,0.002322365,0.002913967,0.002146875,0.002901733,0.00724943,0.005140175,0.003889232,0.003084127,0.002266819,0.002321658,0.005602918,0.006586553,0.001678813,0.002451791,0.00573664,0.001643307,0.00453208,0.006407116,0.00347428,0.003283747,0.006091826,0.006930485,0.001423467,0.006121234,0.001930043,0.001857931,0.001746936,0.00154027,0.007760945,0.007060152,0.00313796,0.003149258,0.004620303,0.010008088,0.001370652,0.003042414,0.003497374,0.001806239,0.004286079,0.001419988,0.001901068,0.004289449,0.006535174,0.002775571,0.007127788,0.001405747,0.004609666,0.001826174,0.00344907,0.001983396,0.007873167,0.010957454,0.003320319,0.004859161,0.009503536,0.001633617,0.006461653,0.004011516,0.001415395,0.003180867,0.002012911,0.004895158,0.001309568,0.002203424,0.001931017,0.004872234,0.001499472,0.001786253,0.004713435,0.002168838,0.003338132,0.005366967,0.001798999,0.004057162,0.003095178,0.001763956,0.001865367,0.004715595,0.001520367,0.00396728,0.011918977,0.002804826,0.003051052,0.009129043,0.001484094,0.001351333,0.001986377,0.001826573,0.002967572,0.003783888,0.001716613,0.002150318,0.0021883,0.001388862,0.001501763,0.003681519
ZR-211-D1,0.001799468,0.002544722,0.0026699,0.001738884,0.00192411,0.002503615,0.002175161,0.006200992,0.003824859,0.002783128,0.002936444,0.006664298,0.006572417,0.005674139,1.038012414,0.00239341,0.005506177,0.004001378,0.006062777,0.002344432,0.002817766,0.004733167,0.002913346,0.006064489,0.003457511,0.005495162,0.004846933,0.004393562,0.007369567,0.007186813,0.004521569,0.002369227,0.005910932,0.005470642,0.004809396,0.002328663,0.008131509,0.001801203,0.010166152,0.005183606,0.001957459,0.001968328,0.002089687,0.002039489,0.004549141,0.007859946,0.002704201,0.001977834,0.005128429,0.006438316,0.007505488,0.005521556,0.002262486,0.005114292,0.005525131,0.006896941,0.002324329,0.007430682,0.001801427,0.002518624,0.005047979,0.00762067,0.004163207,0.002164529,0.004190899,0.00180301,0.003983997,0.001977747,0.002300458,0.003298865,0.002203299,0.008920936,0.001884654,0.002403193,0.00355783,0.004259734,0.00186125,0.002695236,0.006766493,0.004051198,0.002347062,0.004697845,0.001952063,0.001908428,0.002483404,0.001975739,0.002148619,0.004545751,0.002873564,0.007601358,0.001892039,0.002157772,0.004893393,0.002444401,0.00732277,0.005356677,0.002146335,0.005312253,0.004944904,0.002161763,0.00215977,0.002198642,0.002399998,0.002479366,0.005411542,0.002306304,0.001930367,0.005725577,0.002971478,0.002308216,0.002263996,0.003269354,0.006096284,0.002714523,0.004537671,0.005190413,0.001805318,0.002044764,0.002014818,0.002602309
ZR-187-D1,0.007381896,0.00845376,0.003489349,0.003191535,0.010740445,0.008181296,0.009073679,0.005175357,0.003676747,0.006293892,0.004929938,0.005541167,0.001637742,0.003368529,0.00239341,1.032627098,0.005050908,0.002714501,0.00545137,0.006901088,0.006653974,0.005779729,0.012133157,0.002403637,0.004648498,0.004886617,0.007426485,0.002910078,0.00532529,0.004523207,0.001788891,0.01128515,0.006694587,0.006675882,0.008114418,0.003454028,0.001992775,0.006652838,0.004176745,0.002507694,0.002597659,0.00583801,0.006185491,0.009554015,0.007515766,0.00766775,0.002373189,0.007032681,0.002190775,0.002491111,0.001587486,0.005670665,0.003554688,0.002191356,0.006781362,0.003494507,0.004162276,0.003357863,0.002718889,0.002158866,0.004274603,0.001572391,0.001393635,0.001144801,0.001351074,0.003436559,0.00205367,0.001728992,0.005411776,0.001820586,0.006426728,0.001498843,0.002718002,0.004452041,0.002744893,0.004308527,0.005266441,0.002422216,0.002432562,0.002841204,0.003286093,0.004105349,0.001737215,0.006679187,0.001862659,0.002228723,0.001640329,0.002243899,0.00188503,0.001657171,0.0013853,0.001404725,0.001919034,0.00151699,0.002028464,0.006892396,0.002204333,0.002649664,0.005213036,0.001786065,0.002917798,0.007232363,0.001291843,0.00552116,0.005429446,0.002048924,0.004110557,0.002857719,0.001174675,0.001823449,0.002166041,0.001914251,0.001836369,0.001746813,0.003617339,0.001335429,0.001763227,0.001439988,0.001264582,0.001555095
ZR-189-D1,0.003346781,0.00231569,0.010954698,0.004264065,0.005410958,0.002623262,0.007416843,0.009277894,0.006792298,0.006872862,0.004272401,0.002943508,0.001488532,0.00875693,0.005506177,0.005050908,1.031583169,0.001789405,0.002890508,0.005228558,0.008764008,0.006332562,0.006794897,0.00270726,0.00563574,0.004421003,0.002111844,0.006472669,0.007216335,0.001644191,0.00170064,0.007421809,0.002457735,0.008019218,0.004122829,0.010785414,0.00197277,0.002393921,0.006012917,0.001224916,0.006082824,0.005123986,0.003876597,0.002318392,0.02094508,0.00515651,0.001780921,0.004244469,0.001616556,0.0017389,0.00145335,0.004222989,0.002515201,0.006281963,0.002293123,0.00285363,0.010504163,0.016587967,0.001431823,0.003100894,0.008665746,0.0014879,0.00144492,0.001060994,0.001050884,0.003746629,0.006882976,0.001814738,0.00659528,0.001169741,0.002202433,0.001379899,0.00189868,0.001394609,0.01065824,0.003190523,0.006476431,0.003905915,0.006521384,0.001866859,0.002046081,0.001224233,0.001210007,0.004752813,0.001223545,0.003641868,0.001272134,0.001293235,0.001491273,0.001891593,0.001192632,0.001065874,0.001395083,0.001522303,0.006106338,0.009033397,0.001252489,0.003107911,0.002610533,0.001123017,0.001243756,0.00322276,0.001124838,0.002229318,0.004030956,0.004750853,0.001879954,0.005259826,0.00102409,0.001266137,0.002201891,0.001099645,0.006759815,0.001969977,0.001245869,0.004045416,0.003433978,0.001222415,0.000986261,0.001043975
JL-034-D1,0.002372712,0.002455815,0.001738417,0.001521435,0.001677077,0.001970167,0.002648913,0.001845818,0.001496781,0.001550522,0.006338361,0.002288365,0.003682948,0.002108255,0.004001378,0.002714501,0.001789405,1.123038803,0.003190694,0.001387944,0.001810617,0.001649629,0.001738301,0.005637727,0.002064254,0.006994452,0.005602305,0.001545634,0.001901933,0.006186105,0.00382593,0.00269123,0.002736146,0.006029719,0.00597711,0.002928078,0.002122866,0.001853494,0.002730418,0.003609739,0.001893191,0.002681965,0.001695089,0.002254278,0.001778249,0.002088294,0.002292705,0.001628113,0.002065689,0.002881185,0.002537001,0.005248396,0.001867565,0.001538028,0.00217019,0.002339145,0.001585473,0.002328438,0.013120837,0.003134678,0.00162984,0.002436875,0.003510697,0.003091278,0.003324765,0.002653552,0.001516099,0.002880902,0.001494923,0.005222931,0.002801029,0.002584299,0.002053699,0.005875628,0.001940301,0.001750243,0.002085267,0.001517369,0.001995083,0.004226151,0.002806943,0.004368277,0.004302008,0.00222233,0.005894077,0.00295169,0.002361954,0.006159617,0.00295733,0.007099329,0.002746318,0.003138994,0.007273236,0.004546174,0.00155168,0.005184247,0.005992843,0.001935533,0.001630604,0.003245943,0.004983797,0.001434638,0.003169626,0.001670975,0.001820071,0.0018319,0.002219144,0.001885156,0.002542784,0.003905604,0.002684845,0.003028122,0.001850197,0.005868487,0.003014679,0.004002064,0.002326857,0.002681137,0.003079096,0.003528913
ZR-243-D1,0.0024295,0.009536037,0.002807359,0.002005014,0.002408327,0.007776688,0.002682732,0.002434266,0.009184664,0.008347241,0.002338418,0.007251674,0.00512683,0.005551443,0.006062777,0.00545137,0.002890508,0.003190694,1.045968525,0.003544463,0.003745533,0.00687082,0.008235016,0.002205889,0.00228042,0.005617662,0.004922663,0.005811018,0.005940961,0.002265758,0.00226459,0.002999351,0.002727816,0.00515484,0.002232752,0.002596943,0.00161029,0.00312442,0.007509959,0.004272014,0.003145189,0.003451612,0.002572026,0.008710615,0.003025562,0.00403327,0.001664664,0.003266126,0.002975274,0.001536229,0.002139705,0.002103961,0.013486668,0.00282009,0.002793043,0.002581593,0.00206628,0.005109134,0.00336297,0.002166554,0.0021915,0.001739402,0.001793196,0.002022767,0.001677018,0.005069984,0.003057165,0.002919583,0.004248,0.001837148,0.006488153,0.001610874,0.012196355,0.002189162,0.002004225,0.006268093,0.003974007,0.00326771,0.005368484,0.001929927,0.004828618,0.002306478,0.0021422,0.004332807,0.001731145,0.005135577,0.002331283,0.005934532,0.00278312,0.00199871,0.002318963,0.002817693,0.006500801,0.00208573,0.004321863,0.003476705,0.002962154,0.002336115,0.005363281,0.002017214,0.003168606,0.006873727,0.003183916,0.005973796,0.005557836,0.003321725,0.007242489,0.006336424,0.001504123,0.002206363,0.001959566,0.002104148,0.002760378,0.002651173,0.002079807,0.001682633,0.00220609,0.001934904,0.001581214,0.001882551
ZR-182-D1,0.007348156,0.006620754,0.005838297,0.00692161,0.005668091,0.005846847,0.002794397,0.002749876,0.007493406,0.005289079,0.005788125,0.005078239,0.00168938,0.00541569,0.002344432,0.006901088,0.005228558,0.001387944,0.003544463,1.050157332,0.007193983,0.005300332,0.009458019,0.002275947,0.010042347,0.002197486,0.002235443,0.002180054,0.00931064,0.001725801,0.001168322,0.006090846,0.004097802,0.003310863,0.007151049,0.002862238,0.007476308,0.010536939,0.003296705,0.00137941,0.002123148,0.007861354,0.005976085,0.004188079,0.004859946,0.009791272,0.002688856,0.012094556,0.007016568,0.002641631,0.001899937,0.005627785,0.00856477,0.004925246,0.011401841,0.002348726,0.002712751,0.003104978,0.001672215,0.001734857,0.001986137,0.001942046,0.001797037,0.001063541,0.002244189,0.002527992,0.002384641,0.001740915,0.008301936,0.001224014,0.006773438,0.00208623,0.002451286,0.001648571,0.005888644,0.007121341,0.002326319,0.002500896,0.002225068,0.002543435,0.004282826,0.001164257,0.001135134,0.005747438,0.001213593,0.001875306,0.001251157,0.001666379,0.001608506,0.001273545,0.001036866,0.001039256,0.001355822,0.001074112,0.001953466,0.003343867,0.001198261,0.002596589,0.00617081,0.00099365,0.001445789,0.003221421,0.001255364,0.008722684,0.004293346,0.002193666,0.008058392,0.003156033,0.001412995,0.00156435,0.001560309,0.001110482,0.001686044,0.002074596,0.00135252,0.001186107,0.001418448,0.001085471,0.00097371,0.001053126
ZR-183-D1,0.008057314,0.004523508,0.005911311,0.00393278,0.004878696,0.005290311,0.005270287,0.002782944,0.005422006,0.007658291,0.002345436,0.005326729,0.001576218,0.011615132,0.002817766,0.006653974,0.008764008,0.001810617,0.003745533,0.007193983,1.048250405,0.005454919,0.004600262,0.002745426,0.003827895,0.003365684,0.002528215,0.002307222,0.005888015,0.004263843,0.001437145,0.005306913,0.002738838,0.005720001,0.003935277,0.014602601,0.001833167,0.004633601,0.003509459,0.001320068,0.005200665,0.013912113,0.006806339,0.005983454,0.006471939,0.009421833,0.001429286,0.005884997,0.001948267,0.00155492,0.001513601,0.002296233,0.007352375,0.004159776,0.006004748,0.002176481,0.006429077,0.012193014,0.001833859,0.001898197,0.002946229,0.001170738,0.001544711,0.000952298,0.001016595,0.003536688,0.003040404,0.001905084,0.007687205,0.001087069,0.003210641,0.001412384,0.004399253,0.002126587,0.007149863,0.008456446,0.002973694,0.002144015,0.004124014,0.001508945,0.003201542,0.001601696,0.001122809,0.007332827,0.001369533,0.003372568,0.001183206,0.001563711,0.001411938,0.001620237,0.001189647,0.001188579,0.003791589,0.00131286,0.002265763,0.008179885,0.001667222,0.005366968,0.002664373,0.001169449,0.001443565,0.004911645,0.001023696,0.00378947,0.006030012,0.002120878,0.002889209,0.005339452,0.00098798,0.001658293,0.001829952,0.001434426,0.002023766,0.002290883,0.001346876,0.001290475,0.001675626,0.001124212,0.000888599,0.001253257
ZR-247-D1,0.002255578,0.006463274,0.008093241,0.00282626,0.007340066,0.008919481,0.006059171,0.008510694,0.010579813,0.011629635,0.002278784,0.010345346,0.002033155,0.00393968,0.004733167,0.005779729,0.006332562,0.001649629,0.00687082,0.005300332,0.005454919,1.045417321,0.00749858,0.002302613,0.002327173,0.006311544,0.005376609,0.00601956,0.002964838,0.00227988,0.001775261,0.005370632,0.005176529,0.005133634,0.002958561,0.002150498,0.001616796,0.002001294,0.009765459,0.001656018,0.005681648,0.002830241,0.006259283,0.007614091,0.007123013,0.003086404,0.001875591,0.002970938,0.001873337,0.001461101,0.001567096,0.002261408,0.005444596,0.003947631,0.004131241,0.002289,0.00377913,0.004780283,0.001660311,0.00529836,0.005200292,0.001507233,0.001526841,0.001419108,0.001411114,0.005925569,0.002693715,0.00390517,0.002489496,0.001510435,0.002706027,0.001481942,0.002549508,0.001927252,0.002883194,0.00532934,0.007226547,0.006452,0.002142394,0.002100248,0.004102431,0.001793465,0.001603366,0.00190209,0.001343868,0.006457057,0.001760524,0.004418395,0.00444769,0.001776971,0.001372085,0.001259206,0.002214886,0.001501308,0.006108888,0.002304683,0.001719473,0.006961049,0.006591426,0.001353895,0.001663917,0.003000223,0.002322515,0.005146876,0.002499503,0.007107392,0.002384552,0.002454891,0.001327655,0.00175697,0.001696924,0.001479552,0.003165095,0.003316617,0.001395027,0.001588182,0.007496287,0.001396953,0.001217287,0.001431397
ZR-196-D1,0.006638467,0.011504857,0.008000192,0.00319708,0.005363875,0.005133755,0.003687082,0.005097984,0.006147476,0.010895764,0.003469252,0.010307879,0.001903574,0.00551001,0.002913346,0.012133157,0.006794897,0.001738301,0.008235016,0.009458019,0.004600262,0.00749858,1.028285847,0.002191803,0.007146947,0.002525618,0.005016864,0.004949914,0.008002302,0.00199969,0.003494003,0.011187644,0.004298255,0.005798896,0.004858234,0.004134848,0.001882254,0.00714998,0.006467582,0.00143889,0.002478928,0.006409696,0.003197117,0.010076751,0.006961054,0.006550729,0.002253062,0.007311789,0.002015485,0.001419165,0.001335436,0.003529368,0.004996551,0.003282358,0.003068459,0.003631451,0.003003757,0.008302392,0.001587449,0.001995277,0.002346513,0.0013691,0.001356791,0.001272727,0.00115609,0.005090777,0.004172871,0.002186505,0.004870309,0.001388158,0.00756897,0.00121935,0.002791812,0.001882506,0.003363559,0.003658367,0.004932662,0.005976199,0.002867921,0.002993935,0.006283482,0.001502671,0.001431511,0.005674325,0.001267591,0.002134158,0.001439723,0.004356307,0.004451911,0.001678942,0.001211665,0.001205159,0.001965111,0.001644247,0.00227311,0.0056377,0.001440178,0.002332146,0.002802922,0.001276431,0.001566069,0.006134086,0.001362019,0.007592661,0.00587285,0.005009807,0.004970027,0.003376292,0.001140966,0.001633303,0.001819043,0.001334067,0.002193973,0.002234596,0.001397066,0.001622555,0.001590925,0.001280628,0.001097392,0.00119952
ZR-102-D1,0.002516158,0.002748407,0.002837051,0.001859018,0.00234409,0.002115816,0.001904304,0.004839129,0.004780329,0.00178482,0.002036052,0.005022255,0.0067728,0.005347276,0.006064489,0.002403637,0.00270726,0.005637727,0.002205889,0.002275947,0.002745426,0.002302613,0.002191803,1.061457335,0.002269197,0.005322582,0.008450137,0.00213862,0.005466403,0.003371444,0.005792537,0.002383341,0.004749897,0.004582112,0.006811711,0.004775825,0.00215828,0.001976109,0.002889176,0.005957621,0.003564635,0.002717622,0.003641241,0.002240112,0.001934192,0.006314206,0.001817256,0.001848536,0.002208264,0.002351789,0.002091676,0.001917301,0.002600861,0.00328732,0.002562477,0.006495007,0.004434463,0.002618323,0.004949408,0.003690882,0.008180601,0.002679696,0.003724247,0.002084098,0.001942535,0.002705006,0.003851749,0.005320666,0.002683999,0.001987823,0.00503926,0.002759917,0.003591201,0.002389327,0.004990304,0.006942181,0.003207799,0.006114196,0.004300024,0.002028261,0.006196284,0.001828829,0.002387503,0.005020731,0.003499803,0.004992565,0.00218207,0.0021193,0.003361184,0.003437053,0.003247184,0.004735355,0.002347175,0.002178681,0.005021104,0.008734906,0.002349029,0.005347641,0.005457585,0.00243538,0.001994554,0.002139821,0.001857882,0.005698591,0.009720419,0.004576377,0.002506686,0.005746325,0.001985882,0.007125763,0.002187659,0.004444923,0.003552243,0.002035512,0.002322839,0.005013288,0.002127119,0.002534628,0.003068762,0.002436363
ZR-238-D1,0.019511191,0.002157693,0.007208466,0.006759905,0.0031733,0.00548956,0.003818458,0.002774276,0.002246556,0.003204433,0.006581563,0.002888577,0.00214346,0.002322365,0.003457511,0.004648498,0.00563574,0.002064254,0.00228042,0.010042347,0.003827895,0.002327173,0.007146947,0.002269197,1.052203222,0.00222002,0.00352351,0.003724686,0.006128187,0.002560455,0.001305477,0.012399717,0.007743843,0.008546277,0.006716266,0.006478728,0.006954211,0.012191997,0.002102881,0.001671645,0.002043508,0.008089551,0.006101292,0.003152537,0.004403396,0.008193317,0.002505399,0.00801225,0.004584223,0.002808425,0.002355985,0.008360648,0.001895584,0.002406701,0.005315949,0.001909944,0.008682076,0.004302271,0.00249358,0.001438816,0.001996608,0.001894169,0.001364199,0.001153597,0.001358623,0.0029221,0.00194914,0.001316342,0.006193614,0.002636957,0.005944738,0.001767254,0.00175059,0.002262842,0.005998811,0.001830725,0.001895495,0.001913079,0.002065505,0.00222349,0.002094005,0.001217914,0.001488476,0.020091103,0.001543699,0.002214688,0.001522276,0.004762168,0.001410753,0.001299226,0.001462565,0.001602512,0.001554545,0.001406653,0.001554004,0.00790209,0.001927749,0.001754595,0.001785319,0.001451359,0.001725775,0.007462954,0.001203359,0.002146684,0.002165769,0.001688624,0.004989592,0.001878712,0.001240719,0.002048036,0.00565447,0.001569374,0.001535179,0.001358828,0.002479851,0.001221086,0.001578241,0.002515387,0.001075367,0.001091046
JL-054-D1,0.001981776,0.002232739,0.001828559,0.001753077,0.002032478,0.007618468,0.004661505,0.002189364,0.002271073,0.003082877,0.011843155,0.003452048,0.004451471,0.002913967,0.005495162,0.004886617,0.004421003,0.006994452,0.005617662,0.002197486,0.003365684,0.006311544,0.002525618,0.005322582,0.00222002,1.044289778,0.007494364,0.002302456,0.003112637,0.006469087,0.006474292,0.002536407,0.003144648,0.007224317,0.002224781,0.001740823,0.002554755,0.00204315,0.00490167,0.0072283,0.00199611,0.001592752,0.002850494,0.004739249,0.004635731,0.002656695,0.004646995,0.003212459,0.005044843,0.003294087,0.008171256,0.007583185,0.001784493,0.001705789,0.003916354,0.001576739,0.002760685,0.002489065,0.008322277,0.00209121,0.001596743,0.002621785,0.002882812,0.005818192,0.003262361,0.001710531,0.001620267,0.002457934,0.00167007,0.004081327,0.001838965,0.004006783,0.002718644,0.00646912,0.001751002,0.001810423,0.001770765,0.001818681,0.001731327,0.008811402,0.002616703,0.003785007,0.003349263,0.001893658,0.008663137,0.005045861,0.006406654,0.003265062,0.004215177,0.003028525,0.003437119,0.005585788,0.004756191,0.003541592,0.001633327,0.002197554,0.004889785,0.002151548,0.002063555,0.003219099,0.006282688,0.001829973,0.004583829,0.001756801,0.001626004,0.001765451,0.00584606,0.001636578,0.003346965,0.008629659,0.00785394,0.004016642,0.001544343,0.002604355,0.004847726,0.005377693,0.004814361,0.003257353,0.003835315,0.005820514
ZR-191-D1,0.004378336,0.007444539,0.002106709,0.002409683,0.002269613,0.003999907,0.004289066,0.003008629,0.003569919,0.00553781,0.007139532,0.006391686,0.012168211,0.002146875,0.004846933,0.007426485,0.002111844,0.005602305,0.004922663,0.002235443,0.002528215,0.005376609,0.005016864,0.008450137,0.00352351,0.007494364,1.040064994,0.006149297,0.002648425,0.008146409,0.003289936,0.004690991,0.012247625,0.006833229,0.006696532,0.001899632,0.002256595,0.005199775,0.004526381,0.005820015,0.006324835,0.00232381,0.003049115,0.003090611,0.002431439,0.004088972,0.002945464,0.002652839,0.001809222,0.002482151,0.002310718,0.002997933,0.002855821,0.00158683,0.011087734,0.0021709,0.00186915,0.001757946,0.004278473,0.001811186,0.002013442,0.002349599,0.001811043,0.002673066,0.002066966,0.002153894,0.001520125,0.001982781,0.001863096,0.008957595,0.006156049,0.002026962,0.007013298,0.003046384,0.001673202,0.001803475,0.004612768,0.001924691,0.001956858,0.002781422,0.002091595,0.005743569,0.009860082,0.002292002,0.002557666,0.001890734,0.001911887,0.004256662,0.002195033,0.002336597,0.006980646,0.003188736,0.00422726,0.003530647,0.001609969,0.0055244,0.002775777,0.004281108,0.001710349,0.005157951,0.006623455,0.001988541,0.00202181,0.002237437,0.002022155,0.001753083,0.002967271,0.001938124,0.001946277,0.007664153,0.002218193,0.007654342,0.001537526,0.001879517,0.00563865,0.002341637,0.003002027,0.003112789,0.002947652,0.003041836
ZR-222-D1,0.004453147,0.002300509,0.00787655,0.003822086,0.006090335,0.002375916,0.011959672,0.010618316,0.007125354,0.005271779,0.004613933,0.003395763,0.008516057,0.002901733,0.004393562,0.002910078,0.006472669,0.001545634,0.005811018,0.002180054,0.002307222,0.00601956,0.004949914,0.00213862,0.003724686,0.002302456,0.006149297,1.024308921,0.002468463,0.003599113,0.001954824,0.003152557,0.006075686,0.006545116,0.002785844,0.002434048,0.001522283,0.003430215,0.002982202,0.001982646,0.008302136,0.002139136,0.006595966,0.002333193,0.008519479,0.002161748,0.003617239,0.002769818,0.001641568,0.001408241,0.001664766,0.002300102,0.00312096,0.009711521,0.00217147,0.002782126,0.007439001,0.006159917,0.002196248,0.006554045,0.004680109,0.001602549,0.001655529,0.001686886,0.001543495,0.005965424,0.003334831,0.003925042,0.002587664,0.004772947,0.00670674,0.001528124,0.00541131,0.002317526,0.003797107,0.004608859,0.006612336,0.012507548,0.002462662,0.001541909,0.002338642,0.001761522,0.004848842,0.0021455,0.00159436,0.007893046,0.002060253,0.001724269,0.001892969,0.001734687,0.004867504,0.002174749,0.002534829,0.001706122,0.009532257,0.004448031,0.00306232,0.002684314,0.006887112,0.005488361,0.002182166,0.006405974,0.001913524,0.003361098,0.002402499,0.009229967,0.002776606,0.003512274,0.001660902,0.003137862,0.001752405,0.005047893,0.010144012,0.001910252,0.004596345,0.00176884,0.005364322,0.004789641,0.001810593,0.001630657
ZR-116-D1,0.005022176,0.00628369,0.005582868,0.002558755,0.002409147,0.005631962,0.002688359,0.004816152,0.003400705,0.006592808,0.005644569,0.00546785,0.001811501,0.00724943,0.007369567,0.00532529,0.007216335,0.001901933,0.005940961,0.00931064,0.005888015,0.002964838,0.008002302,0.005466403,0.006128187,0.003112637,0.002648425,0.002468463,1.027297991,0.001839971,0.001644964,0.005385652,0.004951951,0.003029571,0.003947444,0.00282966,0.00518363,0.004430897,0.008660318,0.001704662,0.002249706,0.003797404,0.002136834,0.0045297,0.005181572,0.01037866,0.001831929,0.004959683,0.002820588,0.002495644,0.001842054,0.003427805,0.005941308,0.007183832,0.002373882,0.006932785,0.002846084,0.006674998,0.001470225,0.002382508,0.005990898,0.004553022,0.003102946,0.001258858,0.001993916,0.002501772,0.009883739,0.002200352,0.006521301,0.00313674,0.005283592,0.004161405,0.005554986,0.001566395,0.006531277,0.007852509,0.001979699,0.002582375,0.010214079,0.003245937,0.00540102,0.001644847,0.001307442,0.003991269,0.001289376,0.001976477,0.001425085,0.001756035,0.001756132,0.00341476,0.001419987,0.001291996,0.003335119,0.001681594,0.00626912,0.006015346,0.001326217,0.006654888,0.003126532,0.001250009,0.001688947,0.003202431,0.001551638,0.005733068,0.00975162,0.002550389,0.005533217,0.007625312,0.001719469,0.001578922,0.001862213,0.001437279,0.005315687,0.005884406,0.001512483,0.004378469,0.00171017,0.001327079,0.001249331,0.001421469
JL-046-D1,0.003654771,0.004938355,0.001824626,0.007212795,0.002440074,0.002256144,0.00409335,0.002646625,0.001902293,0.004502015,0.004036015,0.006777885,0.005682213,0.005140175,0.007186813,0.004523207,0.001644191,0.006186105,0.002265758,0.001725801,0.004263843,0.00227988,0.00199969,0.003371444,0.002560455,0.006469087,0.008146409,0.003599113,0.001839971,1.044287672,0.004382385,0.002024424,0.009871007,0.004799969,0.002658944,0.001912132,0.00207196,0.007716812,0.002167831,0.003022478,0.003699402,0.00218225,0.003180994,0.004587953,0.002028387,0.002694564,0.00432086,0.00631401,0.002089182,0.005641162,0.002837819,0.002708967,0.001936547,0.001674809,0.002818305,0.001494563,0.002729122,0.001833574,0.00443708,0.002419006,0.001610547,0.0029641,0.006251624,0.003148069,0.002746846,0.002185018,0.001361865,0.002392031,0.001585351,0.005130803,0.006162832,0.002839473,0.002700184,0.007434493,0.001691369,0.001907932,0.002327299,0.001775993,0.001631823,0.002616193,0.002295856,0.008418237,0.005079572,0.002414813,0.009076826,0.002012964,0.003093016,0.003110152,0.006483019,0.009777251,0.005673806,0.005989245,0.007098341,0.003616784,0.001425009,0.001733842,0.009200319,0.001872243,0.001567349,0.007040208,0.007617692,0.001921201,0.003130472,0.002067612,0.002868094,0.001584257,0.005125073,0.001804074,0.003296186,0.006508489,0.002659264,0.008456443,0.00146049,0.001866725,0.007750336,0.00323004,0.002154044,0.005746331,0.004661921,0.006083011
JL-066-D1,0.001073544,0.006060618,0.001589077,0.001065398,0.001614663,0.001979458,0.001581686,0.001795016,0.001652172,0.001314798,0.002907996,0.002826986,0.004370364,0.003889232,0.004521569,0.001788891,0.00170064,0.00382593,0.00226459,0.001168322,0.001437145,0.001775261,0.003494003,0.005792537,0.001305477,0.006474292,0.003289936,0.001954824,0.001644964,0.004382385,1.021480138,0.001259734,0.00218082,0.001702381,0.001157536,0.002217191,0.002740285,0.001083425,0.00210909,0.004384833,0.00191474,0.001063911,0.001537937,0.001885435,0.004266031,0.001318494,0.006472373,0.001152293,0.00632732,0.007191907,0.004068524,0.003181694,0.001919179,0.001719555,0.001816384,0.00536883,0.00175881,0.004052508,0.002608674,0.004549492,0.004363434,0.003140852,0.003869483,0.010878545,0.007183057,0.00181326,0.001799766,0.00539893,0.001586103,0.006615068,0.001687571,0.003715629,0.002461183,0.007005912,0.001367244,0.001605986,0.002663022,0.003076625,0.002877348,0.009757758,0.002022303,0.007317188,0.00762475,0.001654672,0.010147659,0.002397292,0.007798977,0.004847404,0.010797495,0.007450474,0.007393774,0.011554138,0.010287833,0.012407701,0.001970479,0.001239234,0.005026366,0.002057889,0.001502607,0.00813768,0.004748164,0.001608693,0.004673334,0.002107579,0.001943958,0.002923099,0.001540546,0.002282003,0.01187242,0.008944339,0.005158783,0.00684071,0.001945242,0.004720421,0.003838482,0.014313467,0.004088579,0.009699685,0.010598131,0.008476586
ZR-203-D1,0.013449675,0.002809162,0.007184467,0.005758858,0.005649071,0.005871089,0.006516248,0.00698999,0.004719484,0.004663447,0.004906048,0.003062757,0.001624586,0.003084127,0.002369227,0.01128515,0.007421809,0.00269123,0.002999351,0.006090846,0.005306913,0.005370632,0.011187644,0.002383341,0.012399717,0.002536407,0.004690991,0.003152557,0.005385652,0.002024424,0.001259734,1.057445286,0.006176158,0.009563223,0.01344099,0.007775498,0.002031503,0.006587955,0.002789111,0.001368148,0.00202788,0.008463494,0.006515457,0.008017987,0.007563765,0.006369627,0.001726011,0.007393205,0.001781675,0.001689438,0.002155906,0.002997209,0.002100314,0.002634822,0.003004876,0.007197336,0.00644517,0.006214941,0.002652332,0.001676601,0.002062893,0.001230943,0.001157261,0.000941455,0.001036786,0.002855017,0.002148346,0.001451694,0.004504673,0.00119996,0.004363238,0.001256131,0.002460582,0.001822751,0.003794192,0.002612389,0.002392332,0.002206341,0.004920105,0.001808603,0.003200677,0.001043639,0.001083144,0.009991743,0.001293254,0.002225738,0.001316152,0.001529056,0.001442085,0.001152449,0.001097454,0.001070724,0.001410879,0.001203898,0.001854584,0.009526008,0.001465349,0.001963635,0.002353709,0.001039996,0.001270262,0.008196853,0.001068551,0.002522339,0.003300223,0.002077763,0.002391773,0.002290945,0.001088721,0.001613748,0.005398376,0.00129634,0.001926277,0.001634945,0.001226672,0.001193582,0.001564328,0.001180208,0.000920883,0.000994391
ZR-105-D1,0.005814893,0.006154132,0.005088836,0.006389902,0.004361278,0.002580556,0.010315105,0.002807501,0.005105797,0.005481913,0.006203946,0.008381601,0.00618284,0.002266819,0.005910932,0.006694587,0.002457735,0.002736146,0.002727816,0.004097802,0.002738838,0.005176529,0.004298255,0.004749897,0.007743843,0.003144648,0.012247625,0.006075686,0.004951951,0.009871007,0.00218082,0.006176158,1.038119647,0.005621725,0.005647484,0.001948091,0.005152164,0.006666789,0.003430068,0.00460553,0.004100077,0.003228271,0.005159863,0.004999202,0.005028765,0.009579462,0.005160463,0.004575185,0.002812265,0.004882855,0.004389809,0.006359904,0.002701916,0.002351996,0.00888659,0.001786591,0.003500427,0.002214436,0.002557677,0.001809793,0.001982645,0.004093001,0.001996366,0.001857926,0.002044984,0.005369677,0.001641589,0.001901446,0.002569153,0.005065213,0.007955754,0.002428501,0.002634672,0.002861483,0.002614421,0.001932231,0.005219182,0.002266476,0.001600389,0.00558402,0.00395606,0.002610627,0.003218403,0.002904312,0.002347022,0.001767719,0.001739039,0.003246851,0.003015263,0.00245994,0.003614885,0.002101209,0.00459278,0.001921753,0.001678923,0.002722623,0.002532761,0.004345939,0.001775019,0.002714719,0.004912369,0.002919204,0.001634088,0.00247186,0.002013344,0.003152325,0.002548799,0.001713836,0.001807712,0.004580029,0.001895127,0.006375072,0.001667975,0.001827838,0.003189877,0.00176667,0.002097369,0.002267242,0.002091165,0.002068935
ZR-195-D1,0.011270649,0.001865521,0.002730583,0.005567791,0.002407291,0.002991226,0.007196644,0.002569506,0.002871682,0.010699888,0.010150938,0.002959343,0.00438504,0.002321658,0.005470642,0.006675882,0.008019218,0.006029719,0.00515484,0.003310863,0.005720001,0.005133634,0.005798896,0.004582112,0.008546277,0.007224317,0.006833229,0.006545116,0.003029571,0.004799969,0.001702381,0.009563223,0.005621725,1.056785267,0.006693884,0.008501715,0.002014695,0.004484969,0.002874317,0.002974137,0.005654571,0.003655326,0.002405811,0.002652681,0.006789314,0.008946268,0.006412833,0.005202666,0.002404943,0.00158903,0.002388716,0.0104086,0.002349688,0.002300627,0.007180116,0.002237266,0.002788289,0.005880469,0.006173945,0.001446568,0.00170963,0.001354724,0.001309574,0.001462603,0.001266456,0.00224086,0.001951882,0.001300902,0.002375556,0.00186694,0.003074674,0.001594874,0.002105638,0.005217555,0.00244202,0.001766566,0.002629,0.001772698,0.002888417,0.002038546,0.001776062,0.001697867,0.002252296,0.007804249,0.001863336,0.00209664,0.004356098,0.002095936,0.001417555,0.001362658,0.00225444,0.001830678,0.001921632,0.001459826,0.001734148,0.010710419,0.005194544,0.001563931,0.001691035,0.002129838,0.002234355,0.004683217,0.001582848,0.001831498,0.001767155,0.001769724,0.004898817,0.001929933,0.001235829,0.002239436,0.002070448,0.001835961,0.001635081,0.001445727,0.001922935,0.00148126,0.001718441,0.006071313,0.001261936,0.001390627
ZR-094-D1,0.011342206,0.002598432,0.005980704,0.009033923,0.00382495,0.002039591,0.005351157,0.005436175,0.003110237,0.00579002,0.0051134,0.005375246,0.001845684,0.005602918,0.004809396,0.008114418,0.004122829,0.00597711,0.002232752,0.007151049,0.003935277,0.002958561,0.004858234,0.006811711,0.006716266,0.002224781,0.006696532,0.002785844,0.003947444,0.002658944,0.001157536,0.01344099,0.005647484,0.006693884,1.079121737,0.003322665,0.002143199,0.011876968,0.002452393,0.001530867,0.002225668,0.008490772,0.003054582,0.003768452,0.004222305,0.014840115,0.002348696,0.011494954,0.001991398,0.001374958,0.00122255,0.005246858,0.002192583,0.010036963,0.005096891,0.009001633,0.002890949,0.002861053,0.003866115,0.001412611,0.001974772,0.001159654,0.001270201,0.000921623,0.000943519,0.002771943,0.001942468,0.001418763,0.002651652,0.001157766,0.003690418,0.001186645,0.001725536,0.001632248,0.003561982,0.002477086,0.003125079,0.002137318,0.004524154,0.00179175,0.006029083,0.001237399,0.00123189,0.004291954,0.001005739,0.001572963,0.001095032,0.001271195,0.001188773,0.00136593,0.001101823,0.000949339,0.001334048,0.000920581,0.001794202,0.011025671,0.001193497,0.001821624,0.001888229,0.001068814,0.00178512,0.002432252,0.000960668,0.002692924,0.003840369,0.002888358,0.002654608,0.002265863,0.000912253,0.001684165,0.001310337,0.001224252,0.001916342,0.001536719,0.001252033,0.001226929,0.001227423,0.001092173,0.000822932,0.000907393
ZR-188-D1,0.010045604,0.002129826,0.006042811,0.003087632,0.00258488,0.002465066,0.002497788,0.002212705,0.002361387,0.003024048,0.001776039,0.001818102,0.002121503,0.006586553,0.002328663,0.003454028,0.010785414,0.002928078,0.002596943,0.002862238,0.014602601,0.002150498,0.004134848,0.004775825,0.006478728,0.001740823,0.001899632,0.002434048,0.00282966,0.001912132,0.002217191,0.007775498,0.001948091,0.008501715,0.003322665,1.082225332,0.001731169,0.006678884,0.002126608,0.001350625,0.002800194,0.009471555,0.003979255,0.002406839,0.006891569,0.003683952,0.001495478,0.00389771,0.00385031,0.001578659,0.004452796,0.001798145,0.003896094,0.003888716,0.002058104,0.002744277,0.009676866,0.00962176,0.003688612,0.001830625,0.003429382,0.001940642,0.004230545,0.001434763,0.001847405,0.002571104,0.003592141,0.001755443,0.010053005,0.001001604,0.005484261,0.004255351,0.002684626,0.001329169,0.005025838,0.003335006,0.00334412,0.002332266,0.006968322,0.001588397,0.002200783,0.001056663,0.001103979,0.008341395,0.001400172,0.002799383,0.00274769,0.00145638,0.001756716,0.001533934,0.001333324,0.001130853,0.0014892,0.001461163,0.002725353,0.014113769,0.001206649,0.002921956,0.002449594,0.001074109,0.001269868,0.009001861,0.001899778,0.004702398,0.003511385,0.00241211,0.00303434,0.006077186,0.001506908,0.001280048,0.002825393,0.001172597,0.002666226,0.001768781,0.00123688,0.001767929,0.001754522,0.001542489,0.001216719,0.001097376
XY-031-D1,0.003686142,0.001649124,0.002362326,0.006325511,0.005193227,0.00218853,0.001879536,0.002726051,0.001944023,0.001791246,0.004975257,0.002184128,0.00263705,0.001678813,0.008131509,0.001992775,0.00197277,0.002122866,0.00161029,0.007476308,0.001833167,0.001616796,0.001882254,0.00215828,0.006954211,0.002554755,0.002256595,0.001522283,0.00518363,0.00207196,0.002740285,0.002031503,0.005152164,0.002014695,0.002143199,0.001731169,1.056258651,0.006202395,0.004911044,0.003117514,0.00153126,0.005993162,0.001841287,0.002538524,0.00165516,0.00278372,0.007481831,0.005053601,0.011635545,0.011449611,0.008367006,0.007015969,0.001744161,0.001958116,0.010685728,0.005234498,0.001844652,0.001933152,0.002444521,0.00519341,0.002604691,0.013511194,0.008401235,0.002470376,0.010655888,0.001876806,0.002430583,0.002043688,0.003585474,0.005306868,0.002053601,0.011776024,0.00166028,0.003653553,0.006167885,0.002216946,0.001568062,0.001979249,0.002683208,0.007320959,0.002139805,0.002677449,0.002053153,0.003536251,0.003068695,0.001698212,0.002358894,0.002399449,0.002121624,0.003361387,0.001810765,0.00204019,0.001689197,0.003510886,0.002477126,0.002177284,0.001981869,0.008010662,0.004972676,0.002071662,0.002282201,0.001644362,0.005024848,0.002617999,0.002394781,0.001768075,0.002871855,0.004251251,0.007862637,0.004724356,0.002536283,0.002712389,0.003665654,0.005473806,0.004481414,0.00472693,0.002891669,0.001777066,0.002832227,0.002571484
ZR-179-D1,0.017379652,0.002762378,0.003596221,0.016302228,0.003041964,0.00247175,0.004245807,0.002237094,0.001904304,0.00498885,0.005660481,0.002326681,0.003089703,0.002451791,0.001801203,0.006652838,0.002393921,0.001853494,0.00312442,0.010536939,0.004633601,0.002001294,0.00714998,0.001976109,0.012191997,0.00204315,0.005199775,0.003430215,0.004430897,0.007716812,0.001083425,0.006587955,0.006666789,0.004484969,0.011876968,0.006678884,0.006202395,1.072789327,0.002095273,0.001418851,0.003375325,0.013392178,0.002772679,0.006953708,0.002351624,0.006940516,0.00240891,0.01907292,0.002160747,0.001354298,0.001300807,0.002647418,0.002494504,0.002427832,0.003142195,0.002282087,0.003468979,0.00250519,0.003655757,0.001346871,0.001693467,0.001315084,0.001203285,0.001027233,0.001073396,0.002753946,0.001740648,0.001243192,0.003974937,0.001790579,0.006255631,0.001274911,0.002679171,0.002379935,0.006572696,0.002142349,0.002273569,0.001656339,0.00211148,0.001559099,0.002784984,0.001234121,0.002845429,0.009621171,0.001313131,0.001636547,0.001015504,0.001515717,0.001135028,0.001193987,0.001934993,0.001236904,0.001530698,0.001036205,0.001346481,0.005906541,0.001726033,0.001843635,0.001725242,0.001806542,0.005563191,0.003105188,0.001188755,0.003356743,0.002681149,0.001452656,0.007683655,0.00215954,0.000990564,0.00307488,0.001507994,0.002164094,0.001379413,0.001571836,0.003006308,0.00108463,0.001417677,0.001542012,0.001158803,0.001039211
ZR-230-D1,0.001839554,0.004960536,0.00309917,0.002920658,0.004857021,0.009333666,0.002766881,0.007234498,0.007001154,0.010261425,0.003176623,0.003515299,0.001944308,0.00573664,0.010166152,0.004176745,0.006012917,0.002730418,0.007509959,0.003296705,0.003509459,0.009765459,0.006467582,0.002889176,0.002102881,0.00490167,0.004526381,0.002982202,0.008660318,0.002167831,0.00210909,0.002789111,0.003430068,0.002874317,0.002452393,0.002126608,0.004911044,0.002095273,1.044840577,0.001740492,0.003444783,0.002178275,0.003122207,0.004438877,0.005374835,0.005026659,0.001767105,0.005565042,0.002574785,0.00490043,0.002231277,0.002316239,0.004145549,0.002614737,0.002472126,0.005940409,0.00244348,0.004415293,0.001401444,0.00548833,0.006282897,0.004571947,0.002800019,0.001502763,0.002425012,0.002384137,0.004528258,0.002868057,0.003122303,0.001797172,0.002684447,0.004868225,0.005067131,0.001499091,0.002762971,0.006198005,0.002563123,0.00335042,0.005994183,0.002274339,0.006017005,0.003829884,0.001520153,0.0020964,0.001553169,0.002506357,0.001599877,0.001762565,0.002160758,0.004821536,0.001436011,0.001448716,0.002131472,0.001680899,0.00744489,0.003503708,0.00147064,0.006776541,0.011247512,0.001469666,0.00180173,0.006013502,0.001675454,0.00420911,0.004250519,0.002140072,0.002887581,0.008886419,0.002098155,0.001539587,0.00191902,0.001626672,0.007260519,0.007132677,0.001604872,0.005559595,0.005624866,0.001433543,0.001520945,0.001722198
JL-070-D1,0.001320155,0.002336831,0.001193606,0.001111284,0.001424258,0.002347628,0.001625349,0.00148533,0.001451429,0.001483906,0.002796241,0.004614862,0.006859297,0.001643307,0.005183606,0.002507694,0.001224916,0.003609739,0.004272014,0.00137941,0.001320068,0.001656018,0.00143889,0.005957621,0.001671645,0.0072283,0.005820015,0.001982646,0.001704662,0.003022478,0.004384833,0.001368148,0.00460553,0.002974137,0.001530867,0.001350625,0.003117514,0.001418851,0.001740492,1.060105262,0.004362645,0.001154798,0.001460542,0.002081957,0.001567254,0.003835079,0.003155671,0.001329134,0.006493275,0.006467863,0.009875254,0.003242882,0.002451105,0.001661368,0.004511706,0.003447933,0.001514483,0.001413147,0.007297103,0.005178987,0.001591517,0.005954793,0.003777907,0.007424997,0.006530134,0.001649477,0.001945839,0.002729672,0.001638977,0.006746297,0.001863113,0.008651718,0.00508944,0.002978188,0.001232485,0.001891027,0.005699301,0.00169021,0.002036012,0.003237687,0.002051175,0.006036622,0.003806325,0.001803146,0.005973746,0.003133911,0.006013568,0.00468579,0.007265549,0.004316411,0.007031788,0.006983981,0.004188952,0.003854265,0.002181883,0.002252055,0.003348977,0.001965377,0.001733982,0.003994652,0.0035776,0.001682975,0.007463846,0.00198056,0.001762633,0.004301259,0.002703512,0.001928929,0.007053789,0.008936398,0.003271277,0.004254295,0.002020821,0.006834005,0.004652848,0.006459246,0.006991698,0.007660006,0.006892983,0.011380058
ZR-199-D1,0.002954017,0.003738211,0.005717593,0.003942489,0.005749829,0.002698343,0.006430017,0.004158144,0.006846851,0.008971137,0.005173793,0.002260492,0.006839573,0.00453208,0.001957459,0.002597659,0.006082824,0.001893191,0.003145189,0.002123148,0.005200665,0.005681648,0.002478928,0.003564635,0.002043508,0.00199611,0.006324835,0.008302136,0.002249706,0.003699402,0.00191474,0.00202788,0.004100077,0.005654571,0.002225668,0.002800194,0.00153126,0.003375325,0.003444783,0.004362645,1.024860027,0.002490882,0.004245332,0.002283704,0.006022296,0.001804281,0.004764357,0.003199857,0.001607348,0.001595606,0.001882128,0.002359173,0.006421429,0.006540931,0.005076133,0.002261258,0.008826591,0.007011845,0.002312309,0.006058579,0.007136725,0.001764435,0.001970683,0.00215106,0.002043232,0.007525431,0.005811613,0.004055719,0.002705688,0.003122308,0.005224658,0.001832322,0.009505107,0.004475975,0.005767267,0.005212682,0.013120491,0.006714196,0.004873234,0.001538253,0.005126386,0.002428327,0.006899817,0.002371096,0.004056064,0.007607841,0.002162153,0.00267722,0.002439913,0.004614024,0.006118169,0.002377947,0.002531039,0.002268092,0.005855948,0.002199009,0.002607365,0.005632061,0.003900923,0.004863882,0.003612721,0.003536568,0.00194134,0.002541666,0.003663144,0.003960559,0.005348797,0.00292234,0.001673936,0.002360009,0.002082888,0.005373761,0.003637161,0.003496927,0.003393043,0.002128324,0.005650893,0.003753829,0.001928715,0.003169972
ZR-109-D1,0.016434438,0.002902795,0.01100345,0.016480627,0.006133181,0.002420062,0.004641225,0.002710783,0.003725493,0.003926663,0.004103795,0.004475296,0.001354859,0.006407116,0.001968328,0.00583801,0.005123986,0.002681965,0.003451612,0.007861354,0.013912113,0.002830241,0.006409696,0.002717622,0.008089551,0.001592752,0.00232381,0.002139136,0.003797404,0.00218225,0.001063911,0.008463494,0.003228271,0.003655326,0.008490772,0.009471555,0.005993162,0.013392178,0.002178275,0.001154798,0.002490882,1.050959155,0.005902391,0.009019181,0.003256105,0.008244117,0.001668182,0.007680463,0.001609607,0.001281524,0.001138434,0.001994305,0.002754196,0.005282348,0.005923705,0.004804799,0.004042401,0.008712587,0.002323638,0.001594566,0.002346815,0.001102679,0.001217182,0.000853602,0.000960433,0.006851212,0.002545904,0.001296591,0.004317178,0.001026596,0.002829735,0.001171293,0.002036212,0.003846557,0.016183357,0.003151163,0.004321251,0.002015122,0.00491429,0.001333856,0.003741127,0.000910334,0.001229069,0.008775843,0.001238003,0.001994287,0.001018293,0.001296346,0.001215067,0.001165959,0.000968888,0.001053425,0.001423305,0.001169115,0.001851554,0.0104062,0.00163424,0.002352747,0.002002616,0.001162681,0.001301654,0.003018745,0.000910111,0.002713117,0.005031311,0.003133546,0.002383965,0.002635905,0.000883797,0.003715238,0.001685947,0.001357029,0.001969894,0.001550112,0.001434948,0.001237426,0.001418459,0.001110053,0.000904033,0.000865264
ZR-220-D1,0.006075699,0.004983164,0.008524275,0.006842326,0.008034942,0.005507014,0.005176346,0.008193113,0.00764169,0.002643916,0.001836702,0.002592185,0.001648733,0.00347428,0.002089687,0.006185491,0.003876597,0.001695089,0.002572026,0.005976085,0.006806339,0.006259283,0.003197117,0.003641241,0.006101292,0.002850494,0.003049115,0.006595966,0.002136834,0.003180994,0.001537937,0.006515457,0.005159863,0.002405811,0.003054582,0.003979255,0.001841287,0.002772679,0.003122207,0.001460542,0.004245332,0.005902391,1.056891503,0.002785366,0.004001891,0.005533734,0.001473284,0.00382841,0.001819619,0.001510335,0.00145989,0.001785256,0.002541136,0.004244906,0.006224568,0.002935094,0.014605112,0.005679704,0.001851554,0.007373513,0.006317407,0.001492111,0.001427881,0.00122963,0.001202398,0.010212494,0.002671961,0.00625918,0.003513067,0.001409603,0.002724545,0.001493961,0.002193631,0.002274747,0.004361543,0.003028859,0.003954262,0.006398538,0.002201144,0.001425629,0.002746094,0.001608818,0.00166658,0.008025501,0.001832725,0.008959686,0.001508905,0.001662142,0.001604382,0.001644121,0.001345484,0.002613301,0.00173363,0.001467188,0.006454317,0.003844219,0.002194009,0.003055045,0.00960484,0.002664532,0.001759486,0.008029966,0.001327724,0.002474154,0.003540174,0.005298317,0.002049069,0.002302621,0.001224395,0.001910159,0.002560533,0.002996832,0.004344665,0.001740693,0.001872156,0.001510249,0.005568416,0.00148852,0.001462033,0.001400147
ZR-242-D1,0.007521213,0.008938957,0.003129082,0.006182318,0.006855262,0.006074368,0.005208737,0.004892124,0.003281932,0.006061799,0.002523228,0.008283003,0.002002529,0.003283747,0.002039489,0.009554015,0.002318392,0.002254278,0.008710615,0.004188079,0.005983454,0.007614091,0.010076751,0.002240112,0.003152537,0.004739249,0.003090611,0.002333193,0.0045297,0.004587953,0.001885435,0.008017987,0.004999202,0.002652681,0.003768452,0.002406839,0.002538524,0.006953708,0.004438877,0.002081957,0.002283704,0.009019181,0.002785366,1.045417642,0.002616169,0.003143819,0.001595598,0.006695389,0.002067343,0.001619455,0.001547311,0.002221439,0.004124702,0.002348079,0.003710689,0.003701789,0.002436477,0.002267297,0.004330047,0.003038045,0.002130982,0.001514812,0.001724464,0.001660026,0.00146499,0.002983618,0.002314483,0.002482708,0.003658812,0.001947774,0.006988614,0.001540391,0.006558729,0.00568846,0.003817381,0.006269562,0.002584784,0.005452315,0.002945601,0.002740099,0.007553153,0.001640171,0.001787118,0.005134464,0.002294997,0.002503569,0.001582946,0.00468189,0.002343709,0.001986551,0.001508228,0.002094371,0.00210057,0.001634032,0.002044189,0.002959527,0.004638164,0.002736883,0.002939102,0.002150264,0.002272842,0.006405328,0.001566869,0.00960587,0.006914409,0.002541702,0.006687321,0.006527272,0.001331541,0.008601023,0.001844412,0.004278727,0.002156898,0.004883024,0.00271679,0.001720587,0.002315232,0.001436828,0.001783564,0.00157686
ZR-190-D1,0.003012726,0.002372173,0.008677566,0.004427262,0.008608323,0.003099881,0.009564024,0.007785701,0.00756587,0.007735478,0.002994009,0.003875166,0.00177704,0.006091826,0.004549141,0.007515766,0.02094508,0.001778249,0.003025562,0.004859946,0.006471939,0.007123013,0.006961054,0.001934192,0.004403396,0.004635731,0.002431439,0.008519479,0.005181572,0.002028387,0.004266031,0.007563765,0.005028765,0.006789314,0.004222305,0.006891569,0.00165516,0.002351624,0.005374835,0.001567254,0.006022296,0.003256105,0.004001891,0.002616169,1.029959815,0.005674103,0.002337489,0.003900582,0.001848692,0.00189046,0.001960459,0.005018741,0.002412794,0.006903474,0.002574978,0.002184589,0.010870694,0.013770864,0.001635107,0.003275783,0.006220547,0.001307314,0.001273902,0.001855066,0.001468828,0.004437442,0.005355835,0.002358845,0.007092656,0.001532722,0.00448989,0.001307371,0.001930584,0.002851812,0.007212718,0.00245071,0.007601187,0.005403371,0.002667403,0.004337045,0.002020507,0.001751654,0.00152861,0.002779309,0.004073194,0.005509945,0.001667628,0.001736827,0.001778491,0.001570751,0.001402324,0.001761751,0.002166688,0.004461177,0.003525662,0.003699737,0.001742797,0.002583506,0.002982341,0.001673841,0.001463614,0.005267434,0.001378814,0.002068461,0.002123088,0.005390318,0.001963683,0.002036136,0.001614567,0.00173513,0.004590469,0.001576106,0.005191801,0.002241739,0.001500937,0.001671091,0.003788089,0.00143387,0.002452887,0.001573198
ZR-111-D1,0.007251003,0.005247424,0.006092224,0.006380964,0.002643534,0.003643178,0.00285732,0.002845322,0.003228732,0.006358038,0.005942062,0.008871153,0.001689025,0.006930485,0.007859946,0.00766775,0.00515651,0.002088294,0.00403327,0.009791272,0.009421833,0.003086404,0.006550729,0.006314206,0.008193317,0.002656695,0.004088972,0.002161748,0.01037866,0.002694564,0.001318494,0.006369627,0.009579462,0.008946268,0.014840115,0.003683952,0.00278372,0.006940516,0.005026659,0.003835079,0.001804281,0.008244117,0.005533734,0.003143819,0.005674103,1.05205961,0.00303193,0.005512049,0.006997969,0.002257685,0.002128782,0.009212219,0.00280512,0.007305691,0.003999354,0.00361177,0.002891395,0.004108223,0.001818674,0.001475,0.002182593,0.002084778,0.001720159,0.00102012,0.001243044,0.002540083,0.002217201,0.00151239,0.004384618,0.00149616,0.005401461,0.001889652,0.002028502,0.001518362,0.006484557,0.00322709,0.001934189,0.00207776,0.002658549,0.002912152,0.005057974,0.001520632,0.001175846,0.008295863,0.001205847,0.001891277,0.00128014,0.001830872,0.001409967,0.001757018,0.001102005,0.001154825,0.001685166,0.001109717,0.002003589,0.00856747,0.00131208,0.002481804,0.002223945,0.001061283,0.001598432,0.002629812,0.001090094,0.004044091,0.006070846,0.002164642,0.003072805,0.002881287,0.001218587,0.001496354,0.001580185,0.001305213,0.001936463,0.001548854,0.001409013,0.001457649,0.001335638,0.001200203,0.000945044,0.001037332
XY-026-D1,0.002201918,0.001799456,0.001533991,0.003887449,0.002203457,0.003039408,0.0064214,0.00137791,0.001552858,0.006411385,0.010955739,0.002503909,0.003131681,0.001423467,0.002704201,0.002373189,0.001780921,0.002292705,0.001664664,0.002688856,0.001429286,0.001875591,0.002253062,0.001817256,0.002505399,0.004646995,0.002945464,0.003617239,0.001831929,0.00432086,0.006472373,0.001726011,0.005160463,0.006412833,0.002348696,0.001495478,0.007481831,0.00240891,0.001767105,0.003155671,0.004764357,0.001668182,0.001473284,0.001595598,0.002337489,0.00303193,1.041623128,0.003024145,0.009107452,0.00887717,0.006640871,0.017221923,0.002086459,0.001672034,0.004996948,0.004379725,0.001416846,0.001759266,0.002706263,0.001764512,0.001705567,0.003328684,0.003273367,0.00585577,0.006364807,0.002117481,0.004058931,0.001746775,0.001579688,0.007878871,0.004051358,0.005987156,0.002425516,0.008701958,0.001624413,0.001353813,0.004873382,0.001532315,0.00180005,0.006548427,0.001797199,0.008554274,0.00583135,0.001730534,0.005869523,0.001907394,0.009613928,0.003367057,0.003047754,0.002639742,0.007496162,0.006330428,0.003305594,0.003980717,0.001732374,0.001484862,0.007359257,0.001920607,0.001466398,0.004421339,0.006076988,0.002093875,0.006062065,0.001567474,0.001347336,0.004474371,0.003511342,0.001550465,0.007274558,0.004025557,0.006884535,0.006076316,0.001649724,0.005780636,0.007763848,0.003459427,0.00230896,0.007201624,0.00624595,0.003825595
ZR-186-D1,0.009982913,0.005205157,0.00633238,0.016279935,0.005172199,0.005121756,0.006584234,0.005361705,0.002732799,0.009003071,0.003711077,0.002744563,0.001987965,0.006121234,0.001977834,0.007032681,0.004244469,0.001628113,0.003266126,0.012094556,0.005884997,0.002970938,0.007311789,0.001848536,0.00801225,0.003212459,0.002652839,0.002769818,0.004959683,0.00631401,0.001152293,0.007393205,0.004575185,0.005202666,0.011494954,0.00389771,0.005053601,0.01907292,0.005565042,0.001329134,0.003199857,0.007680463,0.00382841,0.006695389,0.003900582,0.005512049,0.003024145,1.049838367,0.002977003,0.001575133,0.001477913,0.002927473,0.005107419,0.002933594,0.003268615,0.002311225,0.003041564,0.003733456,0.003160785,0.001646419,0.001921133,0.001523381,0.001487436,0.001153248,0.001278283,0.002703234,0.002230889,0.001635338,0.005700828,0.001469239,0.006302284,0.001410091,0.00327827,0.001858497,0.00381576,0.004982338,0.002322743,0.00213131,0.002447638,0.001699857,0.006813788,0.001394992,0.001479814,0.003806724,0.001206472,0.002127583,0.001305531,0.001437605,0.001276271,0.001384892,0.001479065,0.00116991,0.001506043,0.001105458,0.001725565,0.003366353,0.001519269,0.002627502,0.002436446,0.001316668,0.005656218,0.005601924,0.001380525,0.005870097,0.005405459,0.001732201,0.010180158,0.004925173,0.001183405,0.001757341,0.00142179,0.001376615,0.001802656,0.003054389,0.00261691,0.001171911,0.001761395,0.001444917,0.00112788,0.001150465
XY-034-D1,0.001921099,0.00231184,0.001456803,0.002364385,0.001687543,0.005303516,0.001433131,0.00171128,0.001992815,0.002195793,0.00277006,0.002402768,0.003022148,0.001930043,0.005128429,0.002190775,0.001616556,0.002065689,0.002975274,0.007016568,0.001948267,0.001873337,0.002015485,0.002208264,0.004584223,0.005044843,0.001809222,0.001641568,0.002820588,0.002089182,0.00632732,0.001781675,0.002812265,0.002404943,0.001991398,0.00385031,0.011635545,0.002160747,0.002574785,0.006493275,0.001607348,0.001609607,0.001819619,0.002067343,0.001848692,0.006997969,0.009107452,0.002977003,1.055222339,0.011462823,0.010797941,0.006686293,0.002733904,0.003325469,0.005078458,0.009093625,0.001743979,0.002769445,0.002753123,0.003107206,0.002012283,0.011105656,0.008990286,0.005394552,0.010919796,0.001527586,0.002865273,0.002452501,0.004653428,0.002827767,0.002760904,0.012332289,0.002106773,0.002347845,0.001659616,0.002099434,0.002477495,0.001909553,0.002103478,0.005375865,0.004103729,0.002944235,0.002096594,0.004784214,0.004767237,0.001918799,0.005760542,0.002317223,0.002956592,0.00271027,0.002315421,0.002548622,0.002106162,0.002655446,0.002362402,0.002102588,0.002170499,0.00392797,0.00483297,0.001994067,0.002483924,0.002325133,0.004805357,0.006010411,0.002123606,0.005853724,0.007962794,0.002480437,0.011013861,0.002147876,0.002823923,0.00231189,0.002420723,0.006865276,0.00273073,0.005064965,0.002292818,0.004497501,0.003193197,0.003013808
XY-011-D1,0.001301543,0.002255662,0.001398565,0.001382928,0.001784996,0.003195864,0.001583988,0.00210098,0.001402025,0.001547913,0.002733345,0.005046303,0.00407893,0.001857931,0.006438316,0.002491111,0.0017389,0.002881185,0.001536229,0.002641631,0.00155492,0.001461101,0.001419165,0.002351789,0.002808425,0.003294087,0.002482151,0.001408241,0.002495644,0.005641162,0.007191907,0.001689438,0.004882855,0.00158903,0.001374958,0.001578659,0.011449611,0.001354298,0.00490043,0.006467863,0.001595606,0.001281524,0.001510335,0.001619455,0.00189046,0.002257685,0.00887717,0.001575133,0.011462823,1.043716423,0.010241886,0.006624673,0.001668034,0.001570689,0.002810065,0.003392722,0.002597833,0.002498303,0.001985068,0.006420956,0.004725569,0.012752403,0.012624719,0.003611875,0.014190496,0.00156213,0.001960756,0.002660976,0.004175953,0.00586532,0.00181221,0.011953935,0.001727249,0.003886327,0.001611913,0.001792627,0.002021208,0.001847168,0.002086373,0.006500619,0.001995971,0.005090432,0.002909794,0.003612521,0.006982345,0.001733286,0.003579018,0.003004575,0.005930431,0.007460297,0.002725063,0.003172691,0.004087211,0.004666197,0.00208883,0.001411804,0.002936688,0.005787654,0.002815221,0.003371844,0.003787583,0.001765846,0.004607256,0.002267064,0.001752819,0.002189734,0.001974195,0.002568692,0.013572798,0.002957575,0.005666305,0.004650274,0.004103102,0.008737551,0.006277505,0.006388096,0.002843779,0.003322151,0.004453589,0.00631291
XY-049-D1,0.001178923,0.001711804,0.001254183,0.001278356,0.001566921,0.004854235,0.001548382,0.001545486,0.001447736,0.001499429,0.006039772,0.003178156,0.006779142,0.001746936,0.007505488,0.001587486,0.00145335,0.002537001,0.002139705,0.001899937,0.001513601,0.001567096,0.001335436,0.002091676,0.002355985,0.008171256,0.002310718,0.001664766,0.001842054,0.002837819,0.004068524,0.002155906,0.004389809,0.002388716,0.00122255,0.004452796,0.008367006,0.001300807,0.002231277,0.009875254,0.001882128,0.001138434,0.00145989,0.001547311,0.001960459,0.002128782,0.006640871,0.001477913,0.010797941,0.010241886,1.029827578,0.008360957,0.003270219,0.001596945,0.00615206,0.002389514,0.001843357,0.003438425,0.002869508,0.005473788,0.001550763,0.013144843,0.010315464,0.006808747,0.011341538,0.001600655,0.002417372,0.002974309,0.004620575,0.003728468,0.00240523,0.017075688,0.001854537,0.005573246,0.001321738,0.002786388,0.002231573,0.002612377,0.001933031,0.006973832,0.001899556,0.005091707,0.003067988,0.002695756,0.0095628,0.002383893,0.011703225,0.00337142,0.005668003,0.005153191,0.003112309,0.003669214,0.003178726,0.004053023,0.002430048,0.001897651,0.003526109,0.002662116,0.003420271,0.003932877,0.003170321,0.004482117,0.010396511,0.002748201,0.001495271,0.002230996,0.004265896,0.00233141,0.009244466,0.003559441,0.005744405,0.004433851,0.002592463,0.004564063,0.004503439,0.003877098,0.003617944,0.003431457,0.008393617,0.0066977
XY-012-D1,0.003125653,0.00185852,0.001929439,0.002386289,0.004075913,0.005141068,0.005433969,0.001754884,0.001879266,0.00571056,0.013859584,0.003679461,0.002470807,0.00154027,0.005521556,0.005670665,0.004222989,0.005248396,0.002103961,0.005627785,0.002296233,0.002261408,0.003529368,0.001917301,0.008360648,0.007583185,0.002997933,0.002300102,0.003427805,0.002708967,0.003181694,0.002997209,0.006359904,0.0104086,0.005246858,0.001798145,0.007015969,0.002647418,0.002316239,0.003242882,0.002359173,0.001994305,0.001785256,0.002221439,0.005018741,0.009212219,0.017221923,0.002927473,0.006686293,0.006624673,0.008360957,1.058689302,0.001683427,0.001789173,0.008616538,0.001968798,0.001775095,0.002068461,0.005811641,0.001737204,0.001502476,0.002747863,0.00223377,0.002796641,0.003315182,0.002028997,0.001734916,0.001734279,0.001990526,0.006054324,0.002057138,0.003917794,0.00193815,0.007302637,0.001836907,0.001437598,0.002395191,0.001392768,0.001389802,0.008934199,0.001759803,0.004701682,0.00296662,0.002842248,0.004020881,0.002385212,0.007722794,0.00810681,0.002309671,0.001940402,0.002836943,0.002841989,0.002397165,0.002570849,0.001332807,0.002177358,0.00596519,0.001893736,0.001719244,0.003330125,0.003156748,0.002003615,0.005098701,0.001494578,0.001360323,0.002068774,0.004465764,0.001349682,0.003007708,0.003445247,0.002886233,0.002442229,0.001369467,0.00339279,0.003134748,0.002106534,0.002248616,0.005288726,0.002600498,0.003216652
ZR-181-D1,0.001946797,0.012416685,0.002678798,0.002079249,0.004814489,0.006797926,0.002566299,0.002097448,0.00756982,0.007634679,0.001759727,0.005475786,0.006962892,0.007760945,0.002262486,0.003554688,0.002515201,0.001867565,0.013486668,0.00856477,0.007352375,0.005444596,0.004996551,0.002600861,0.001895584,0.001784493,0.002855821,0.00312096,0.005941308,0.001936547,0.001919179,0.002100314,0.002701916,0.002349688,0.002192583,0.003896094,0.001744161,0.002494504,0.004145549,0.002451105,0.006421429,0.002754196,0.002541136,0.004124702,0.002412794,0.00280512,0.002086459,0.005107419,0.002733904,0.001668034,0.003270219,0.001683427,1.036540755,0.003113473,0.007897789,0.002654747,0.001989466,0.004641532,0.001713407,0.00241187,0.002545947,0.001996507,0.002208726,0.001966665,0.003770272,0.005035334,0.006497494,0.00482431,0.007650342,0.00176202,0.009260321,0.00201447,0.010219147,0.001817376,0.002210984,0.006406457,0.00895563,0.003980921,0.006703242,0.00177398,0.004460427,0.001670595,0.00226883,0.002431481,0.001342156,0.003030967,0.005038942,0.006342116,0.005158317,0.00194284,0.003154691,0.001435905,0.002430403,0.002012408,0.006558151,0.002801002,0.001609592,0.00275478,0.005502899,0.001743656,0.002041238,0.005289183,0.005286911,0.006869029,0.005835383,0.00643681,0.009447472,0.008053132,0.002004282,0.001539218,0.002982596,0.001752629,0.004317847,0.004712431,0.001730421,0.002231174,0.002042069,0.002242183,0.001361935,0.001858181
ZR-089-D1,0.002593127,0.003487164,0.008301803,0.006134263,0.003822799,0.001829414,0.007203826,0.006425812,0.009048213,0.002456512,0.001725366,0.006778093,0.00199374,0.007060152,0.005114292,0.002191356,0.006281963,0.001538028,0.00282009,0.004925246,0.004159776,0.003947631,0.003282358,0.00328732,0.002406701,0.001705789,0.00158683,0.009711521,0.007183832,0.001674809,0.001719555,0.002634822,0.002351996,0.002300627,0.010036963,0.003888716,0.001958116,0.002427832,0.002614737,0.001661368,0.006540931,0.005282348,0.004244906,0.002348079,0.006903474,0.007305691,0.001672034,0.002933594,0.003325469,0.001570689,0.001596945,0.001789173,0.003113473,1.060032031,0.002274112,0.00769199,0.010187011,0.006805639,0.001200804,0.005611886,0.00414181,0.001726673,0.003979452,0.001294023,0.001860517,0.009680543,0.007117693,0.003756452,0.003152643,0.001254042,0.002598431,0.001800342,0.002410085,0.001245575,0.007099191,0.003410806,0.00682963,0.00723792,0.005452286,0.001738304,0.007039836,0.001382056,0.001264461,0.002498307,0.00126506,0.007145675,0.001551345,0.001734314,0.002034049,0.002152255,0.001490782,0.001005254,0.001680266,0.001224782,0.005105895,0.003440947,0.001173953,0.002835126,0.004413754,0.001292849,0.001247892,0.002752322,0.001605911,0.006591506,0.004353514,0.009666864,0.002451345,0.005308097,0.001483142,0.001165828,0.001656118,0.001127126,0.007130345,0.004949814,0.001275584,0.001852169,0.002814636,0.001496848,0.001101526,0.001225911
ZR-180-D1,0.003351191,0.004732149,0.003440939,0.005410955,0.007110349,0.005547005,0.003418387,0.002282658,0.009681567,0.007302401,0.007470709,0.00386868,0.005618236,0.00313796,0.005525131,0.006781362,0.002293123,0.00217019,0.002793043,0.011401841,0.006004748,0.004131241,0.003068459,0.002562477,0.005315949,0.003916354,0.011087734,0.00217147,0.002373882,0.002818305,0.001816384,0.003004876,0.00888659,0.007180116,0.005096891,0.002058104,0.010685728,0.003142195,0.002472126,0.004511706,0.005076133,0.005923705,0.006224568,0.003710689,0.002574978,0.003999354,0.004996948,0.003268615,0.005078458,0.002810065,0.00615206,0.008616538,0.007897789,0.002274112,1.080858036,0.001596413,0.002274068,0.002185051,0.002252742,0.001707117,0.00178531,0.002821687,0.001697636,0.001608287,0.002300537,0.002544589,0.00165623,0.001433676,0.002578357,0.003354301,0.002389936,0.005201909,0.002233741,0.003766205,0.002913037,0.002423701,0.005223779,0.001950261,0.001584729,0.003874448,0.001995849,0.002030598,0.004382591,0.002730564,0.002145051,0.001817566,0.001975759,0.002606227,0.001744745,0.001482734,0.001809845,0.001684148,0.00165743,0.001644758,0.001625565,0.002372282,0.0019689,0.003359827,0.00232684,0.00171823,0.002449868,0.002116694,0.001621829,0.002270093,0.001758275,0.001923497,0.003247813,0.001615141,0.00162938,0.003515681,0.001897531,0.002291653,0.001461646,0.001614268,0.002354939,0.001642611,0.001865404,0.001804836,0.001567201,0.001413334
ZR-241-D1,0.003358329,0.002651688,0.002161146,0.001940611,0.002008269,0.002223288,0.00201855,0.006906537,0.003710285,0.002202035,0.001491674,0.003263522,0.001940567,0.003149258,0.006896941,0.003494507,0.00285363,0.002339145,0.002581593,0.002348726,0.002176481,0.002289,0.003631451,0.006495007,0.001909944,0.001576739,0.0021709,0.002782126,0.006932785,0.001494563,0.00536883,0.007197336,0.001786591,0.002237266,0.009001633,0.002744277,0.005234498,0.002282087,0.005940409,0.003447933,0.002261258,0.004804799,0.002935094,0.003701789,0.002184589,0.00361177,0.004379725,0.002311225,0.009093625,0.003392722,0.002389514,0.001968798,0.002654747,0.00769199,0.001596413,1.056222426,0.00229866,0.00456249,0.00163118,0.002929327,0.004898332,0.005084767,0.003806225,0.004687015,0.003790616,0.00233686,0.004392729,0.002719968,0.002222586,0.001690493,0.002384377,0.005663792,0.00415995,0.001463107,0.003608856,0.004797585,0.005062084,0.004422602,0.009268312,0.00249619,0.008590877,0.001735422,0.001997488,0.002227961,0.001623178,0.002607903,0.004499838,0.001992945,0.002958776,0.005204907,0.002929675,0.001934107,0.001646206,0.001882074,0.009064247,0.006503682,0.001445374,0.006236865,0.006535366,0.001606067,0.001756518,0.003804607,0.002372761,0.005882752,0.00720964,0.009374985,0.002549396,0.006884557,0.00525231,0.00151681,0.002092065,0.001549592,0.010066755,0.006353736,0.001535959,0.008259183,0.002287873,0.004551066,0.001803878,0.001769089
ZR-221-D1,0.008356538,0.002210482,0.010231576,0.005523938,0.006522919,0.003587028,0.006585473,0.009377624,0.004375869,0.002492386,0.001941264,0.00215293,0.001487733,0.004620303,0.002324329,0.004162276,0.010504163,0.001585473,0.00206628,0.002712751,0.006429077,0.00377913,0.003003757,0.004434463,0.008682076,0.002760685,0.00186915,0.007439001,0.002846084,0.002729122,0.00175881,0.00644517,0.003500427,0.002788289,0.002890949,0.009676866,0.001844652,0.003468979,0.00244348,0.001514483,0.008826591,0.004042401,0.014605112,0.002436477,0.010870694,0.002891395,0.001416846,0.003041564,0.001743979,0.002597833,0.001843357,0.001775095,0.001989466,0.010187011,0.002274068,0.00229866,1.042974957,0.010883682,0.001850064,0.004392981,0.011107224,0.001354317,0.001434969,0.001184268,0.001206835,0.010447753,0.003654868,0.002798168,0.007916022,0.001362134,0.002715146,0.001450635,0.002151222,0.001890984,0.007316095,0.002532789,0.006159157,0.006816418,0.002987844,0.001703771,0.002486197,0.001331931,0.001219127,0.010180008,0.002500867,0.009117701,0.001451696,0.001420717,0.001426659,0.001533372,0.001263826,0.00159155,0.001521612,0.001462832,0.00590136,0.004539651,0.001768998,0.003392071,0.004054353,0.001478239,0.001466123,0.0075059,0.001232334,0.00220124,0.002734407,0.005451269,0.002016262,0.002660609,0.001254343,0.001852287,0.004820727,0.001539083,0.005044225,0.001973051,0.001682202,0.0014962,0.005719365,0.001319125,0.001080207,0.00123795
ZR-176-D1,0.003378802,0.002680055,0.011495604,0.005666809,0.005882683,0.002687423,0.005681171,0.004030869,0.007344484,0.006220576,0.0020522,0.002796963,0.001893936,0.010008088,0.007430682,0.003357863,0.016587967,0.002328438,0.005109134,0.003104978,0.012193014,0.004780283,0.008302392,0.002618323,0.004302271,0.002489065,0.001757946,0.006159917,0.006674998,0.001833574,0.004052508,0.006214941,0.002214436,0.005880469,0.002861053,0.00962176,0.001933152,0.00250519,0.004415293,0.001413147,0.007011845,0.008712587,0.005679704,0.002267297,0.013770864,0.004108223,0.001759266,0.003733456,0.002769445,0.002498303,0.003438425,0.002068461,0.004641532,0.006805639,0.002185051,0.00456249,0.010883682,1.029000739,0.001370538,0.004448492,0.005743936,0.001628613,0.001674044,0.001385332,0.001479071,0.00477961,0.008438464,0.002151136,0.006648068,0.001224915,0.002540028,0.001856007,0.002126944,0.001469896,0.012431163,0.003590769,0.006829486,0.003368641,0.004596626,0.002044378,0.002070097,0.00142308,0.001241439,0.005542983,0.001433349,0.005426733,0.001848605,0.0017102,0.001969277,0.001858003,0.001292736,0.001261687,0.001898861,0.003310864,0.004120594,0.0084952,0.00129464,0.003828419,0.002924787,0.001181168,0.001269126,0.005854229,0.001548922,0.002082091,0.003193509,0.005301735,0.002211912,0.00331657,0.001542013,0.001300796,0.003289786,0.001157072,0.003698793,0.00259366,0.001209482,0.002775111,0.002726111,0.001377027,0.001196445,0.001222992
JL-059-D1,0.003787518,0.001935847,0.001525009,0.002114237,0.003426417,0.002214904,0.002964783,0.001566563,0.001439816,0.001646515,0.006128946,0.001717623,0.00394952,0.001370652,0.001801427,0.002718889,0.001431823,0.013120837,0.00336297,0.001672215,0.001833859,0.001660311,0.001587449,0.004949408,0.00249358,0.008322277,0.004278473,0.002196248,0.001470225,0.00443708,0.002608674,0.002652332,0.002557677,0.006173945,0.003866115,0.003688612,0.002444521,0.003655757,0.001401444,0.007297103,0.002312309,0.002323638,0.001851554,0.004330047,0.001635107,0.001818674,0.002706263,0.003160785,0.002753123,0.001985068,0.002869508,0.005811641,0.001713407,0.001200804,0.002252742,0.00163118,0.001850064,0.001370538,1.097763544,0.002298068,0.001551649,0.002369879,0.00212279,0.005326795,0.002128951,0.002168623,0.001363229,0.002250872,0.001609483,0.006208868,0.001901976,0.002190853,0.005314199,0.006905937,0.004154214,0.001297895,0.001905726,0.001400097,0.001479736,0.002711004,0.002194232,0.003337811,0.005951952,0.004295663,0.005350976,0.004450709,0.002810343,0.003698289,0.002178053,0.002668033,0.004069056,0.005098839,0.00337088,0.003101622,0.00132481,0.003055348,0.007319391,0.004413666,0.001463429,0.006643691,0.008214925,0.001410285,0.005362881,0.001632149,0.001764946,0.001467748,0.007226769,0.001363774,0.002318511,0.011245878,0.002450257,0.006085059,0.001431536,0.001934494,0.009968392,0.002334716,0.00767584,0.003089939,0.004694308,0.004330088
ZR-177-D1,0.001400381,0.004656558,0.005945743,0.003378437,0.006008514,0.00439326,0.005029218,0.00588927,0.005189075,0.001875439,0.001432746,0.001992585,0.002267094,0.003042414,0.002518624,0.002158866,0.003100894,0.003134678,0.002166554,0.001734857,0.001898197,0.00529836,0.001995277,0.003690882,0.001438816,0.00209121,0.001811186,0.006554045,0.002382508,0.002419006,0.004549492,0.001676601,0.001809793,0.001446568,0.001412611,0.001830625,0.00519341,0.001346871,0.00548833,0.005178987,0.006058579,0.001594566,0.007373513,0.003038045,0.003275783,0.001475,0.001764512,0.001646419,0.003107206,0.006420956,0.005473788,0.001737204,0.00241187,0.005611886,0.001707117,0.002929327,0.004392981,0.004448492,0.002298068,1.033808807,0.00626908,0.00488389,0.006259929,0.002869678,0.005580373,0.007212342,0.005228947,0.011541837,0.004450524,0.002255529,0.004885616,0.005724814,0.002807764,0.002450529,0.003768183,0.005144659,0.005453087,0.008849756,0.002478354,0.002178286,0.005272677,0.003453106,0.002176336,0.002461075,0.005135799,0.006282304,0.002462753,0.002223613,0.004582544,0.006550061,0.002053283,0.00278293,0.002756219,0.003330642,0.006884839,0.001988344,0.004897144,0.004157754,0.010114271,0.005797986,0.002266649,0.002709599,0.003923878,0.003293534,0.005269958,0.004235978,0.002127642,0.004678408,0.006120432,0.00266527,0.00332729,0.002797217,0.007834789,0.004380697,0.003771752,0.005206757,0.007904437,0.002162438,0.005338806,0.008296807
ZR-219-D1,0.002026104,0.003337619,0.003996298,0.002492138,0.003977612,0.002310336,0.003372436,0.00978771,0.005927645,0.002225679,0.001391304,0.002100988,0.002337795,0.003497374,0.005047979,0.004274603,0.008665746,0.00162984,0.0021915,0.001986137,0.002946229,0.005200292,0.002346513,0.008180601,0.001996608,0.001596743,0.002013442,0.004680109,0.005990898,0.001610547,0.004363434,0.002062893,0.001982645,0.00170963,0.001974772,0.003429382,0.002604691,0.001693467,0.006282897,0.001591517,0.007136725,0.002346815,0.006317407,0.002130982,0.006220547,0.002182593,0.001705567,0.001921133,0.002012283,0.004725569,0.001550763,0.001502476,0.002545947,0.00414181,0.00178531,0.004898332,0.011107224,0.005743936,0.001551649,0.00626908,1.051922321,0.00263693,0.002289707,0.001409227,0.002737945,0.006048536,0.015785385,0.005488406,0.0029521,0.00165589,0.002682077,0.002349237,0.004662184,0.001519002,0.005456709,0.004297332,0.005728568,0.00898779,0.011523241,0.001914063,0.006452774,0.00175785,0.00148475,0.004938488,0.001595983,0.00665004,0.001551052,0.001861863,0.001916697,0.002513829,0.001511353,0.001775575,0.00164804,0.002404164,0.011629701,0.005415557,0.001526465,0.006415403,0.004778518,0.001745955,0.001457255,0.002538407,0.001774097,0.006677619,0.007195168,0.005954534,0.004360911,0.006862663,0.001919136,0.001530606,0.001817435,0.001623585,0.009377506,0.00354723,0.001785579,0.003421885,0.005389544,0.001651018,0.001344362,0.001731066
XY-016-D1,0.001073556,0.001881535,0.001358497,0.001275212,0.001788769,0.001992782,0.001408112,0.004048503,0.001538912,0.001306304,0.002201304,0.002436371,0.007484705,0.001806239,0.00762067,0.001572391,0.0014879,0.002436875,0.001739402,0.001942046,0.001170738,0.001507233,0.0013691,0.002679696,0.001894169,0.002621785,0.002349599,0.001602549,0.004553022,0.0029641,0.003140852,0.001230943,0.004093001,0.001354724,0.001159654,0.001940642,0.013511194,0.001315084,0.004571947,0.005954793,0.001764435,0.001102679,0.001492111,0.001514812,0.001307314,0.002084778,0.003328684,0.001523381,0.011105656,0.012752403,0.013144843,0.002747863,0.001996507,0.001726673,0.002821687,0.005084767,0.001354317,0.001628613,0.002369879,0.00488389,0.00263693,1.044481816,0.014619674,0.00393697,0.012058576,0.001680226,0.002135423,0.002913369,0.004539958,0.003612307,0.005923379,0.016060867,0.001870535,0.002849914,0.001808594,0.002268824,0.00173171,0.002476241,0.002322894,0.004764831,0.002555041,0.004394136,0.005122058,0.001875991,0.00400402,0.00187731,0.003569044,0.002674584,0.003610931,0.00820894,0.00273258,0.003884491,0.002779142,0.004063318,0.002743402,0.001719489,0.002480339,0.008015706,0.004940479,0.003347146,0.005070694,0.001682138,0.010733818,0.005041327,0.003630017,0.001922111,0.002549651,0.003224198,0.012651226,0.002932682,0.002899917,0.005823059,0.004609511,0.005773533,0.008902438,0.006346927,0.005287629,0.003084365,0.006538039,0.004907174
XY-028-D1,0.001094191,0.002377282,0.001402583,0.001248592,0.00146391,0.001990051,0.001498089,0.002191055,0.001447911,0.001233055,0.002129899,0.003722352,0.006061102,0.004286079,0.004163207,0.001393635,0.00144492,0.003510697,0.001793196,0.001797037,0.001544711,0.001526841,0.001356791,0.003724247,0.001364199,0.002882812,0.001811043,0.001655529,0.003102946,0.006251624,0.003869483,0.001157261,0.001996366,0.001309574,0.001270201,0.004230545,0.008401235,0.001203285,0.002800019,0.003777907,0.001970683,0.001217182,0.001427881,0.001724464,0.001273902,0.001720159,0.003273367,0.001487436,0.008990286,0.012624719,0.010315464,0.00223377,0.002208726,0.003979452,0.001697636,0.003806225,0.001434969,0.001674044,0.00212279,0.006259929,0.002289707,0.014619674,1.037038823,0.004016071,0.013614239,0.001784178,0.002001685,0.005676494,0.002590035,0.003151701,0.005593429,0.01446684,0.001871744,0.004153725,0.001465985,0.002605489,0.0016085,0.002744732,0.002518839,0.00334659,0.00311181,0.006307351,0.003266358,0.00185918,0.008588196,0.002143401,0.004259254,0.002950125,0.006168844,0.010504313,0.003083355,0.003576248,0.006894259,0.004523528,0.003101675,0.002032049,0.00375718,0.003291686,0.004134366,0.007235612,0.003414751,0.001829696,0.011782185,0.007430382,0.005735851,0.002103671,0.002482466,0.006054602,0.012166426,0.003169801,0.003233035,0.006340026,0.005371434,0.005605483,0.007574659,0.00442698,0.002345331,0.00446805,0.006429091,0.007578969
JL-063-D1,0.000950158,0.00228131,0.001063153,0.000941385,0.00130605,0.001950862,0.001378976,0.001388727,0.001113829,0.001108661,0.003814561,0.002273725,0.003996465,0.001419988,0.002164529,0.001144801,0.001060994,0.003091278,0.002022767,0.001063541,0.000952298,0.001419108,0.001272727,0.002084098,0.001153597,0.005818192,0.002673066,0.001686886,0.001258858,0.003148069,0.010878545,0.000941455,0.001857926,0.001462603,0.000921623,0.001434763,0.002470376,0.001027233,0.001502763,0.007424997,0.00215106,0.000853602,0.00122963,0.001660026,0.001855066,0.00102012,0.00585577,0.001153248,0.005394552,0.003611875,0.006808747,0.002796641,0.001966665,0.001294023,0.001608287,0.004687015,0.001184268,0.001385332,0.005326795,0.002869678,0.001409227,0.00393697,0.004016071,1.017465073,0.009118899,0.001551415,0.0016589,0.00602206,0.001303474,0.007369355,0.001300422,0.005727172,0.004667221,0.004368927,0.001039962,0.001481623,0.005272551,0.002646467,0.001820487,0.009215411,0.002068339,0.011089871,0.011475958,0.001350862,0.00766129,0.002595359,0.010360679,0.008683626,0.010160161,0.006602061,0.01203356,0.012594482,0.009992332,0.011484358,0.002085099,0.000956311,0.007122697,0.0020772,0.001447581,0.009340655,0.011898016,0.001563561,0.009860036,0.002696858,0.001379002,0.002608144,0.00210166,0.001615841,0.007388158,0.00525914,0.008351556,0.009316769,0.001785235,0.005836902,0.005432177,0.012645741,0.006037907,0.013025368,0.01186286,0.01145049
XY-013-D1,0.00093715,0.002110624,0.001079809,0.001119557,0.001372246,0.002041036,0.001224321,0.00157686,0.001357381,0.001167558,0.002770713,0.001882604,0.005938375,0.001901068,0.004190899,0.001351074,0.001050884,0.003324765,0.001677018,0.002244189,0.001016595,0.001411114,0.00115609,0.001942535,0.001358623,0.003262361,0.002066966,0.001543495,0.001993916,0.002746846,0.007183057,0.001036786,0.002044984,0.001266456,0.000943519,0.001847405,0.010655888,0.001073396,0.002425012,0.006530134,0.002043232,0.000960433,0.001202398,0.00146499,0.001468828,0.001243044,0.006364807,0.001278283,0.010919796,0.014190496,0.011341538,0.003315182,0.003770272,0.001860517,0.002300537,0.003790616,0.001206835,0.001479071,0.002128951,0.005580373,0.002737945,0.012058576,0.013614239,0.009118899,1.026163282,0.001357031,0.002056587,0.003909567,0.001991005,0.009863499,0.002030005,0.01361012,0.002212539,0.005543784,0.001148894,0.001752771,0.003708541,0.002707422,0.004184291,0.009696224,0.00182049,0.010751386,0.003497387,0.001475377,0.006494173,0.002050872,0.005241084,0.005125119,0.004005351,0.004085588,0.004964039,0.005319173,0.004048739,0.010685189,0.002190604,0.00130615,0.003441829,0.004827367,0.004424802,0.003855756,0.00513513,0.001574704,0.010644101,0.004039455,0.001760599,0.003169392,0.002319322,0.004443958,0.017765798,0.003017534,0.004367396,0.006933297,0.002497231,0.009185166,0.005096689,0.004954413,0.003274764,0.004830488,0.007629233,0.009641687
ZR-090-D1,0.003814032,0.005147665,0.009885274,0.008280284,0.007390431,0.003293413,0.01010579,0.003555349,0.005097866,0.002828123,0.001796038,0.005381665,0.004093028,0.004289449,0.00180301,0.003436559,0.003746629,0.002653552,0.005069984,0.002527992,0.003536688,0.005925569,0.005090777,0.002705006,0.0029221,0.001710531,0.002153894,0.005965424,0.002501772,0.002185018,0.00181326,0.002855017,0.005369677,0.00224086,0.002771943,0.002571104,0.001876806,0.002753946,0.002384137,0.001649477,0.007525431,0.006851212,0.010212494,0.002983618,0.004437442,0.002540083,0.002117481,0.002703234,0.001527586,0.00156213,0.001600655,0.002028997,0.005035334,0.009680543,0.002544589,0.00233686,0.010447753,0.00477961,0.002168623,0.007212342,0.006048536,0.001680226,0.001784178,0.001551415,0.001357031,1.042377399,0.005234359,0.007104013,0.004885972,0.001614513,0.00334656,0.001629281,0.005967094,0.005153067,0.008948196,0.005121202,0.007394167,0.004471463,0.002399771,0.001531854,0.006237692,0.001578631,0.00224611,0.006610046,0.003111513,0.004379789,0.001898838,0.002543661,0.002340412,0.002129219,0.00202803,0.002081957,0.004257618,0.002193893,0.003670201,0.00304855,0.004114568,0.003013408,0.007171788,0.004439838,0.001851713,0.005077243,0.001583159,0.002951881,0.00516072,0.008341939,0.002471284,0.004549347,0.001526183,0.002262279,0.001819746,0.002235262,0.006106199,0.00200827,0.004228864,0.001534008,0.005511797,0.001884878,0.001791496,0.001618533
ZR-096-D1,0.001835648,0.002512802,0.006322588,0.003320061,0.003094788,0.002330774,0.002854944,0.004626801,0.006318437,0.002472325,0.001388138,0.001927237,0.004071634,0.006535174,0.003983997,0.00205367,0.006882976,0.001516099,0.003057165,0.002384641,0.003040404,0.002693715,0.004172871,0.003851749,0.00194914,0.001620267,0.001520125,0.003334831,0.009883739,0.001361865,0.001799766,0.002148346,0.001641589,0.001951882,0.001942468,0.003592141,0.002430583,0.001740648,0.004528258,0.001945839,0.005811613,0.002545904,0.002671961,0.002314483,0.005355835,0.002217201,0.004058931,0.002230889,0.002865273,0.001960756,0.002417372,0.001734916,0.006497494,0.007117693,0.00165623,0.004392729,0.003654868,0.008438464,0.001363229,0.005228947,0.015785385,0.002135423,0.002001685,0.0016589,0.002056587,0.005234359,1.058299727,0.004935972,0.005618764,0.001418956,0.002454594,0.00228668,0.005164353,0.00131586,0.00663105,0.008956023,0.005627325,0.003368655,0.017051477,0.001805728,0.002941306,0.001279504,0.001434498,0.002243418,0.001295656,0.00554091,0.004853678,0.002195723,0.004550835,0.002202854,0.002088039,0.001322967,0.001482036,0.00159603,0.012200272,0.007083147,0.001303431,0.003745766,0.003696067,0.001336523,0.001422093,0.007473865,0.004456473,0.002741964,0.00461656,0.008306807,0.00574241,0.007384069,0.0018101,0.001255544,0.005064891,0.001272555,0.007815886,0.007311475,0.001328722,0.003291678,0.002238339,0.00181748,0.0012267,0.00146051
ZR-091-D1,0.00117742,0.00360792,0.002391049,0.001829883,0.002721564,0.003800175,0.002546116,0.003184014,0.003390527,0.001811638,0.001439497,0.002574549,0.005122597,0.002775571,0.001977747,0.001728992,0.001814738,0.002880902,0.002919583,0.001740915,0.001905084,0.00390517,0.002186505,0.005320666,0.001316342,0.002457934,0.001982781,0.003925042,0.002200352,0.002392031,0.00539893,0.001451694,0.001901446,0.001300902,0.001418763,0.001755443,0.002043688,0.001243192,0.002868057,0.002729672,0.004055719,0.001296591,0.00625918,0.002482708,0.002358845,0.00151239,0.001746775,0.001635338,0.002452501,0.002660976,0.002974309,0.001734279,0.00482431,0.003756452,0.001433676,0.002719968,0.002798168,0.002151136,0.002250872,0.011541837,0.005488406,0.002913369,0.005676494,0.00602206,0.003909567,0.007104013,0.004935972,1.055991734,0.002099453,0.002374398,0.005549398,0.002583445,0.00641304,0.002792702,0.001831644,0.005973921,0.002965992,0.008468587,0.002578966,0.005093675,0.009506473,0.004336812,0.002815342,0.002165053,0.005591991,0.010533435,0.002819103,0.004465512,0.006612489,0.008747499,0.002736951,0.003432151,0.008783784,0.006068064,0.004586046,0.001578018,0.003909921,0.004496136,0.009883257,0.005608138,0.002836955,0.003669283,0.00541815,0.005447235,0.006390148,0.008245036,0.002976049,0.003630498,0.003823307,0.002536073,0.002609289,0.002991443,0.004075135,0.005423935,0.00288964,0.003545467,0.005573753,0.002498566,0.003300032,0.00564798
ZR-192-D1,0.004293981,0.005464147,0.007929567,0.002756346,0.005684124,0.00651454,0.002563732,0.003518353,0.002466706,0.005636334,0.001779824,0.002066928,0.003194262,0.007127788,0.002300458,0.005411776,0.00659528,0.001494923,0.004248,0.008301936,0.007687205,0.002489496,0.004870309,0.002683999,0.006193614,0.00167007,0.001863096,0.002587664,0.006521301,0.001585351,0.001586103,0.004504673,0.002569153,0.002375556,0.002651652,0.010053005,0.003585474,0.003974937,0.003122303,0.001638977,0.002705688,0.004317178,0.003513067,0.003658812,0.007092656,0.004384618,0.001579688,0.005700828,0.004653428,0.004175953,0.004620575,0.001990526,0.007650342,0.003152643,0.002578357,0.002222586,0.007916022,0.006648068,0.001609483,0.004450524,0.0029521,0.004539958,0.002590035,0.001303474,0.001991005,0.004885972,0.005618764,0.002099453,1.051946821,0.001271868,0.008363293,0.004531442,0.003216841,0.00156466,0.008241806,0.004848963,0.002254997,0.005028655,0.003633153,0.003760447,0.0039874,0.001136002,0.001200698,0.00653045,0.001392735,0.005043425,0.001825953,0.001452185,0.001814349,0.00164712,0.001155745,0.001189518,0.001351491,0.001757893,0.002688916,0.009840706,0.001201477,0.005095669,0.004725452,0.001300061,0.001304156,0.007853268,0.002060019,0.008226756,0.006122089,0.002335599,0.007046787,0.00704265,0.00187561,0.001487954,0.005657005,0.001258074,0.002980499,0.002604516,0.001604828,0.001700116,0.002002471,0.001141563,0.001384692,0.001240753
JL-064-D1,0.001426874,0.002502135,0.001195273,0.001282888,0.001611685,0.001867731,0.001944463,0.001327906,0.00141395,0.001691608,0.006397312,0.002016147,0.004407591,0.001405747,0.003298865,0.001820586,0.001169741,0.005222931,0.001837148,0.001224014,0.001087069,0.001510435,0.001388158,0.001987823,0.002636957,0.004081327,0.008957595,0.004772947,0.00313674,0.005130803,0.006615068,0.00119996,0.005065213,0.00186694,0.001157766,0.001001604,0.005306868,0.001790579,0.001797172,0.006746297,0.003122308,0.001026596,0.001409603,0.001947774,0.001532722,0.00149616,0.007878871,0.001469239,0.002827767,0.00586532,0.003728468,0.006054324,0.00176202,0.001254042,0.003354301,0.001690493,0.001362134,0.001224915,0.006208868,0.002255529,0.00165589,0.003612307,0.003151701,0.007369355,0.009863499,0.001614513,0.001418956,0.002374398,0.001271868,1.042767524,0.001839727,0.003228792,0.005357954,0.006983588,0.001321468,0.001237964,0.002387294,0.001359463,0.001669072,0.013748465,0.001833064,0.009572523,0.006304398,0.001470847,0.006031308,0.001939286,0.003987005,0.009820834,0.00329718,0.003281945,0.00897112,0.010752275,0.00494509,0.010698766,0.001346602,0.001175135,0.004893094,0.004856174,0.001355519,0.007139068,0.010222178,0.001330208,0.004351763,0.001375046,0.001367286,0.001697174,0.002147059,0.001774366,0.006815368,0.011176785,0.006404782,0.00918613,0.001426462,0.004899125,0.008834408,0.003908947,0.011855933,0.00673969,0.008400555,0.007571377
ZR-193-D1,0.005674944,0.008814567,0.002662665,0.004646439,0.002882567,0.004479416,0.00670392,0.002378138,0.00248722,0.004845199,0.002247432,0.002777371,0.006609591,0.004609666,0.002203299,0.006426728,0.002202433,0.002801029,0.006488153,0.006773438,0.003210641,0.002706027,0.00756897,0.00503926,0.005944738,0.001838965,0.006156049,0.00670674,0.005283592,0.006162832,0.001687571,0.004363238,0.007955754,0.003074674,0.003690418,0.005484261,0.002053601,0.006255631,0.002684447,0.001863113,0.005224658,0.002829735,0.002724545,0.006988614,0.00448989,0.005401461,0.004051358,0.006302284,0.002760904,0.00181221,0.00240523,0.002057138,0.009260321,0.002598431,0.002389936,0.002384377,0.002715146,0.002540028,0.001901976,0.004885616,0.002682077,0.005923379,0.005593429,0.001300422,0.002030005,0.00334656,0.002454594,0.005549398,0.008363293,0.001839727,1.036971836,0.002418954,0.005121565,0.002136788,0.002188805,0.007020794,0.005253236,0.004424998,0.003061563,0.001572418,0.006268672,0.001628319,0.002399122,0.00439767,0.001915413,0.002785373,0.001621393,0.002046985,0.0022499,0.004400236,0.002134138,0.001703289,0.002448779,0.001615412,0.002520562,0.004168346,0.002808707,0.002627282,0.005689269,0.002480857,0.002368235,0.006531811,0.002104138,0.013523364,0.010164646,0.002345842,0.009136806,0.007186618,0.001776236,0.001877252,0.001956392,0.002658614,0.00276224,0.002231637,0.004421554,0.001448881,0.001990976,0.001775486,0.001470439,0.001856933
XY-024-D1,0.001133017,0.00164664,0.001396231,0.001258241,0.001693665,0.002052614,0.001317687,0.00231518,0.001657767,0.001349766,0.005282158,0.002414199,0.006706653,0.001826174,0.008920936,0.001498843,0.001379899,0.002584299,0.001610874,0.00208623,0.001412384,0.001481942,0.00121935,0.002759917,0.001767254,0.004006783,0.002026962,0.001528124,0.004161405,0.002839473,0.003715629,0.001256131,0.002428501,0.001594874,0.001186645,0.004255351,0.011776024,0.001274911,0.004868225,0.008651718,0.001832322,0.001171293,0.001493961,0.001540391,0.001307371,0.001889652,0.005987156,0.001410091,0.012332289,0.011953935,0.017075688,0.003917794,0.00201447,0.001800342,0.005201909,0.005663792,0.001450635,0.001856007,0.002190853,0.005724814,0.002349237,0.016060867,0.01446684,0.005727172,0.01361012,0.001629281,0.00228668,0.002583445,0.004531442,0.003228792,0.002418954,1.035785783,0.001840133,0.004207119,0.001708616,0.003881815,0.002083956,0.002353171,0.002372811,0.004914474,0.00231591,0.003719864,0.003784852,0.001951766,0.007455466,0.001706029,0.006816181,0.002541136,0.003700942,0.006055995,0.002881443,0.003001555,0.002789765,0.003478085,0.003348417,0.00203394,0.00286902,0.005539515,0.005498742,0.004903892,0.002761226,0.001946947,0.008139684,0.005635497,0.003214842,0.002210867,0.002363512,0.003336134,0.011413676,0.003216314,0.004126663,0.00557902,0.00451589,0.006557107,0.005856518,0.006210525,0.002547179,0.004269313,0.004416707,0.004705764
ZR-232-D1,0.00196016,0.006360888,0.001879776,0.001927287,0.002146679,0.007528463,0.002572029,0.001995908,0.002581463,0.005615869,0.00502262,0.002360629,0.006432147,0.00344907,0.001884654,0.002718002,0.00189868,0.002053699,0.012196355,0.002451286,0.004399253,0.002549508,0.002791812,0.003591201,0.00175059,0.002718644,0.007013298,0.00541131,0.005554986,0.002700184,0.002461183,0.002460582,0.002634672,0.002105638,0.001725536,0.002684626,0.00166028,0.002679171,0.005067131,0.00508944,0.009505107,0.002036212,0.002193631,0.006558729,0.001930584,0.002028502,0.002425516,0.00327827,0.002106773,0.001727249,0.001854537,0.00193815,0.010219147,0.002410085,0.002233741,0.00415995,0.002151222,0.002126944,0.005314199,0.002807764,0.004662184,0.001870535,0.001871744,0.004667221,0.002212539,0.005967094,0.005164353,0.00641304,0.003216841,0.005357954,0.005121565,0.001840133,1.024438435,0.002445621,0.001813959,0.007217447,0.006953278,0.002951626,0.006239673,0.001862301,0.009539313,0.002533212,0.007272659,0.003440005,0.002342267,0.004255636,0.002588388,0.006041584,0.002698619,0.002226464,0.009177195,0.004932663,0.003112485,0.00439934,0.004809682,0.002205355,0.00243342,0.003764408,0.006653271,0.005205209,0.004987715,0.006317643,0.003000724,0.004219557,0.007877986,0.002747181,0.010730079,0.009730973,0.00214647,0.003861864,0.00320399,0.006128038,0.006199133,0.005559083,0.006017854,0.003326705,0.00543686,0.005025245,0.00275834,0.002518151
JL-060-D1,0.004733121,0.002584774,0.001859298,0.002331341,0.006089481,0.004465166,0.005402721,0.001613335,0.001376972,0.002986555,0.008954703,0.002859933,0.003199178,0.001983396,0.002403193,0.004452041,0.001394609,0.005875628,0.002189162,0.001648571,0.002126587,0.001927252,0.001882506,0.002389327,0.002262842,0.00646912,0.003046384,0.002317526,0.001566395,0.007434493,0.007005912,0.001822751,0.002861483,0.005217555,0.001632248,0.001329169,0.003653553,0.002379935,0.001499091,0.002978188,0.004475975,0.003846557,0.002274747,0.00568846,0.002851812,0.001518362,0.008701958,0.001858497,0.002347845,0.003886327,0.005573246,0.007302637,0.001817376,0.001245575,0.003766205,0.001463107,0.001890984,0.001469896,0.006905937,0.002450529,0.001519002,0.002849914,0.004153725,0.004368927,0.005543784,0.005153067,0.00131586,0.002792702,0.00156466,0.006983588,0.002136788,0.004207119,0.002445621,1.023775813,0.002188511,0.001480686,0.004627131,0.001462171,0.001415784,0.007112844,0.002077027,0.005904131,0.008926316,0.005289712,0.012347618,0.003345479,0.008376629,0.006613894,0.004774433,0.00494269,0.004925816,0.007667513,0.009511674,0.009127491,0.001358273,0.001511393,0.014794388,0.002115037,0.001431002,0.011696661,0.006556553,0.001850504,0.003663435,0.00157303,0.002571515,0.001765015,0.002141755,0.001467158,0.005357624,0.00908503,0.004302289,0.010546141,0.001348563,0.002234166,0.008700761,0.005699178,0.003127924,0.007042637,0.005006723,0.004565258
ZR-113-D1,0.005345025,0.002153734,0.013327702,0.01437868,0.008954552,0.00211789,0.007215737,0.005242813,0.005882961,0.002576975,0.002873157,0.002309946,0.001454877,0.007873167,0.00355783,0.002744893,0.01065824,0.001940301,0.002004225,0.005888644,0.007149863,0.002883194,0.003363559,0.004990304,0.005998811,0.001751002,0.001673202,0.003797107,0.006531277,0.001691369,0.001367244,0.003794192,0.002614421,0.00244202,0.003561982,0.005025838,0.006167885,0.006572696,0.002762971,0.001232485,0.005767267,0.016183357,0.004361543,0.003817381,0.007212718,0.006484557,0.001624413,0.00381576,0.001659616,0.001611913,0.001321738,0.001836907,0.002210984,0.007099191,0.002913037,0.003608856,0.007316095,0.012431163,0.004154214,0.003768183,0.005456709,0.001808594,0.001465985,0.001039962,0.001148894,0.008948196,0.00663105,0.001831644,0.008241806,0.001321468,0.002188805,0.001708616,0.001813959,0.002188511,1.050968965,0.003370979,0.005571005,0.003093714,0.003546966,0.001655067,0.002535982,0.001021143,0.001366471,0.006532518,0.001382134,0.002929136,0.001104798,0.001276996,0.001413793,0.00188106,0.001284802,0.001234874,0.001349081,0.001519146,0.003545125,0.008620043,0.001676096,0.005543264,0.002766401,0.001536786,0.001347661,0.002610724,0.001076588,0.002164857,0.00638144,0.003132748,0.001942211,0.003034325,0.001030514,0.004441725,0.004680861,0.0014892,0.003867746,0.0018753,0.002382431,0.00251591,0.002630077,0.001142956,0.001171833,0.001141394
ZR-108-D1,0.002156857,0.005541786,0.005612983,0.002162032,0.0057201,0.005442009,0.002348484,0.003175549,0.006455929,0.003343386,0.001364591,0.002528444,0.00231458,0.010957454,0.004259734,0.004308527,0.003190523,0.001750243,0.006268093,0.007121341,0.008456446,0.00532934,0.003658367,0.006942181,0.001830725,0.001810423,0.001803475,0.004608859,0.007852509,0.001907932,0.001605986,0.002612389,0.001932231,0.001766566,0.002477086,0.003335006,0.002216946,0.002142349,0.006198005,0.001891027,0.005212682,0.003151163,0.003028859,0.006269562,0.00245071,0.00322709,0.001353813,0.004982338,0.002099434,0.001792627,0.002786388,0.001437598,0.006406457,0.003410806,0.002423701,0.004797585,0.002532789,0.003590769,0.001297895,0.005144659,0.004297332,0.002268824,0.002605489,0.001481623,0.001752771,0.005121202,0.008956023,0.005973921,0.004848963,0.001237964,0.007020794,0.003881815,0.007217447,0.001480686,0.003370979,1.043571215,0.002691371,0.004628524,0.006980119,0.001557367,0.006969668,0.001545307,0.001481489,0.002640216,0.001585971,0.005283237,0.002203857,0.002097099,0.004932374,0.005035904,0.001698354,0.001353174,0.002775362,0.001621177,0.008340683,0.005228562,0.001647361,0.007738501,0.009561527,0.001715553,0.001495346,0.010865192,0.001854836,0.006471268,0.011150458,0.003306252,0.003941112,0.010723007,0.001468934,0.00136206,0.001954337,0.001451449,0.006523042,0.0051934,0.001661585,0.002446884,0.002286649,0.001507723,0.001261771,0.001988919
ZR-184-D1,0.0021162,0.005085791,0.00741837,0.003552428,0.009159421,0.002351105,0.009038159,0.004420513,0.006944129,0.006135069,0.002407205,0.004355589,0.003160003,0.003320319,0.00186125,0.005266441,0.006476431,0.002085267,0.003974007,0.002326319,0.002973694,0.007226547,0.004932662,0.003207799,0.001895495,0.001770765,0.004612768,0.006612336,0.001979699,0.002327299,0.002663022,0.002392332,0.005219182,0.002629,0.003125079,0.00334412,0.001568062,0.002273569,0.002563123,0.005699301,0.013120491,0.004321251,0.003954262,0.002584784,0.007601187,0.001934189,0.004873382,0.002322743,0.002477495,0.002021208,0.002231573,0.002395191,0.00895563,0.00682963,0.005223779,0.005062084,0.006159157,0.006829486,0.001905726,0.005453087,0.005728568,0.00173171,0.0016085,0.005272551,0.003708541,0.007394167,0.005627325,0.002965992,0.002254997,0.002387294,0.005253236,0.002083956,0.006953278,0.004627131,0.005571005,0.002691371,1.020154131,0.005815706,0.004682371,0.002188401,0.002671792,0.002090039,0.00635275,0.001864092,0.001949532,0.008194019,0.005004405,0.005188234,0.005335055,0.001967315,0.006039441,0.002312111,0.002218667,0.002295176,0.007676354,0.002109297,0.00216251,0.003721227,0.003534085,0.002503282,0.00434083,0.002840274,0.003121022,0.002588288,0.002200279,0.007028257,0.004933881,0.002330736,0.002337434,0.001851925,0.002519671,0.002439846,0.004782799,0.00559496,0.002153874,0.005667397,0.006836619,0.006882347,0.002050483,0.002245593
ZR-244-D1,0.001778624,0.006049632,0.004888742,0.002480327,0.005703654,0.002260065,0.005919632,0.011143975,0.007457185,0.002311074,0.001405119,0.005471731,0.005844416,0.004859161,0.002695236,0.002422216,0.003905915,0.001517369,0.00326771,0.002500896,0.002144015,0.006452,0.005976199,0.006114196,0.001913079,0.001818681,0.001924691,0.012507548,0.002582375,0.001775993,0.003076625,0.002206341,0.002266476,0.001772698,0.002137318,0.002332266,0.001979249,0.001656339,0.00335042,0.00169021,0.006714196,0.002015122,0.006398538,0.005452315,0.005403371,0.00207776,0.001532315,0.00213131,0.001909553,0.001847168,0.002612377,0.001392768,0.003980921,0.00723792,0.001950261,0.004422602,0.006816418,0.003368641,0.001400097,0.008849756,0.00898779,0.002476241,0.002744732,0.002646467,0.002707422,0.004471463,0.003368655,0.008468587,0.005028655,0.001359463,0.004424998,0.002353171,0.002951626,0.001462171,0.003093714,0.004628524,0.005815706,1.047969654,0.00309904,0.00200957,0.007609438,0.001723157,0.001543272,0.001947766,0.001876581,0.011909321,0.001832505,0.002092945,0.002864489,0.003127537,0.001570705,0.001652246,0.002141331,0.002050724,0.008861858,0.002694633,0.001517272,0.00374259,0.008835628,0.001901416,0.001469197,0.003270247,0.002241386,0.009318124,0.006614958,0.010451294,0.002809154,0.005333394,0.001984416,0.001715491,0.001629947,0.001701809,0.011985203,0.002274789,0.001613237,0.003071246,0.005428205,0.001566882,0.00177728,0.00189238
ZR-110-D1,0.00383542,0.00305582,0.003037315,0.001986814,0.002032244,0.002542458,0.001820235,0.006503003,0.002596545,0.002361131,0.001437767,0.001854038,0.004532204,0.009503536,0.006766493,0.002432562,0.006521384,0.001995083,0.005368484,0.002225068,0.004124014,0.002142394,0.002867921,0.004300024,0.002065505,0.001731327,0.001956858,0.002462662,0.010214079,0.001631823,0.002877348,0.004920105,0.001600389,0.002888417,0.004524154,0.006968322,0.002683208,0.00211148,0.005994183,0.002036012,0.004873234,0.00491429,0.002201144,0.002945601,0.002667403,0.002658549,0.00180005,0.002447638,0.002103478,0.002086373,0.001933031,0.001389802,0.006703242,0.005452286,0.001584729,0.009268312,0.002987844,0.004596626,0.001479736,0.002478354,0.011523241,0.002322894,0.002518839,0.001820487,0.004184291,0.002399771,0.017051477,0.002578966,0.003633153,0.001669072,0.003061563,0.002372811,0.006239673,0.001415784,0.003546966,0.006980119,0.004682371,0.00309904,1.056342893,0.001934137,0.004286333,0.001726975,0.001769047,0.002662226,0.00151728,0.003049163,0.002323729,0.004892127,0.002655907,0.003368203,0.004015664,0.002429903,0.001940598,0.002328967,0.011121691,0.009359329,0.001346296,0.003567226,0.003318396,0.001447807,0.001500333,0.006298375,0.002500062,0.003543559,0.009433803,0.003983546,0.005532755,0.011729371,0.001917919,0.001404601,0.004828606,0.001496287,0.007010875,0.004486583,0.001377378,0.00578634,0.001875803,0.00202242,0.00162391,0.001774933
JL-072-D1,0.001425412,0.002505784,0.001738648,0.001370583,0.002039508,0.002644855,0.001939206,0.001766962,0.001774345,0.001684551,0.006179423,0.002712122,0.002764484,0.001633617,0.004051198,0.002841204,0.001866859,0.004226151,0.001929927,0.002543435,0.001508945,0.002100248,0.002993935,0.002028261,0.00222349,0.008811402,0.002781422,0.001541909,0.003245937,0.002616193,0.009757758,0.001808603,0.00558402,0.002038546,0.00179175,0.001588397,0.007320959,0.001559099,0.002274339,0.003237687,0.001538253,0.001333856,0.001425629,0.002740099,0.004337045,0.002912152,0.006548427,0.001699857,0.005375865,0.006500619,0.006973832,0.008934199,0.00177398,0.001738304,0.003874448,0.00249619,0.001703771,0.002044378,0.002711004,0.002178286,0.001914063,0.004764831,0.00334659,0.009215411,0.009696224,0.001531854,0.001805728,0.005093675,0.003760447,0.013748465,0.001572418,0.004914474,0.001862301,0.007112844,0.001655067,0.001557367,0.002188401,0.00200957,0.001934137,1.050294811,0.002017829,0.005882432,0.005830316,0.001594249,0.004112677,0.003102879,0.007602728,0.008281873,0.006964156,0.005242761,0.005950726,0.006382887,0.004425837,0.010036858,0.001619839,0.001374089,0.003811235,0.006656745,0.001686257,0.003258211,0.007955864,0.001729703,0.00664682,0.001696657,0.001596176,0.004943836,0.001903761,0.001791819,0.004852229,0.003297837,0.009413594,0.004620038,0.001694032,0.008460182,0.003349193,0.005364975,0.002915636,0.004153105,0.004442951,0.004246941
ZR-233-D1,0.002314694,0.008131739,0.002471131,0.002630093,0.002649693,0.005781227,0.003048438,0.002738514,0.004863051,0.005782976,0.00160763,0.006037741,0.002348869,0.006461653,0.002347062,0.003286093,0.002046081,0.002806943,0.004828618,0.004282826,0.003201542,0.004102431,0.006283482,0.006196284,0.002094005,0.002616703,0.002091595,0.002338642,0.00540102,0.002295856,0.002022303,0.003200677,0.00395606,0.001776062,0.006029083,0.002200783,0.002139805,0.002784984,0.006017005,0.002051175,0.005126386,0.003741127,0.002746094,0.007553153,0.002020507,0.005057974,0.001797199,0.006813788,0.004103729,0.001995971,0.001899556,0.001759803,0.004460427,0.007039836,0.001995849,0.008590877,0.002486197,0.002070097,0.002194232,0.005272677,0.006452774,0.002555041,0.00311181,0.002068339,0.00182049,0.006237692,0.002941306,0.009506473,0.0039874,0.001833064,0.006268672,0.00231591,0.009539313,0.002077027,0.002535982,0.006969668,0.002671792,0.007609438,0.004286333,0.002017829,1.035930332,0.003749903,0.001952029,0.005285132,0.003198738,0.002890857,0.001653873,0.002221819,0.002667745,0.005854662,0.001825973,0.002090987,0.002317928,0.002110517,0.002734358,0.002773821,0.002154564,0.006902643,0.007576965,0.003322596,0.001978763,0.006476629,0.001797539,0.013117209,0.011417816,0.005676076,0.008138599,0.007295685,0.001775841,0.002193431,0.00182868,0.002168751,0.003240146,0.00548059,0.003350966,0.002194672,0.004763722,0.001772749,0.001921103,0.003126841
JL-038-D1,0.001008366,0.006538938,0.001185376,0.001116406,0.001529067,0.003147954,0.002076149,0.001468891,0.001637361,0.001521278,0.004708165,0.002853194,0.003453775,0.004011516,0.004697845,0.004105349,0.001224233,0.004368277,0.002306478,0.001164257,0.001601696,0.001793465,0.001502671,0.001828829,0.001217914,0.003785007,0.005743569,0.001761522,0.001644847,0.008418237,0.007317188,0.001043639,0.002610627,0.001697867,0.001237399,0.001056663,0.002677449,0.001234121,0.003829884,0.006036622,0.002428327,0.000910334,0.001608818,0.001640171,0.001751654,0.001520632,0.008554274,0.001394992,0.002944235,0.005090432,0.005091707,0.004701682,0.001670595,0.001382056,0.002030598,0.001735422,0.001331931,0.00142308,0.003337811,0.003453106,0.00175785,0.004394136,0.006307351,0.011089871,0.010751386,0.001578631,0.001279504,0.004336812,0.001136002,0.009572523,0.001628319,0.003719864,0.002533212,0.005904131,0.001021143,0.001545307,0.002090039,0.001723157,0.001726975,0.005882432,0.003749903,1.024452111,0.007076042,0.00160336,0.008191572,0.002161445,0.007601784,0.007513536,0.005281295,0.007037491,0.009014776,0.009800686,0.010562914,0.011979472,0.001330464,0.000998535,0.009682186,0.002095899,0.001565182,0.009409065,0.010650187,0.001239661,0.010662972,0.001673025,0.001452185,0.001904456,0.001852629,0.001760852,0.009669902,0.00412885,0.00542953,0.009503887,0.00135437,0.005047157,0.007501558,0.004389712,0.003451193,0.007394231,0.012313238,0.016188731
JL-052-D1,0.001566074,0.002679117,0.001249498,0.001443389,0.001755212,0.001899852,0.004261236,0.001446071,0.001495787,0.002161018,0.006579327,0.003396283,0.007561964,0.001415395,0.001952063,0.001737215,0.001210007,0.004302008,0.0021422,0.001135134,0.001122809,0.001603366,0.001431511,0.002387503,0.001488476,0.003349263,0.009860082,0.004848842,0.001307442,0.005079572,0.00762475,0.001083144,0.003218403,0.002252296,0.00123189,0.001103979,0.002053153,0.002845429,0.001520153,0.003806325,0.006899817,0.001229069,0.00166658,0.001787118,0.00152861,0.001175846,0.00583135,0.001479814,0.002096594,0.002909794,0.003067988,0.00296662,0.00226883,0.001264461,0.004382591,0.001997488,0.001219127,0.001241439,0.005951952,0.002176336,0.00148475,0.005122058,0.003266358,0.011475958,0.003497387,0.00224611,0.001434498,0.002815342,0.001200698,0.006304398,0.002399122,0.003784852,0.007272659,0.008926316,0.001366471,0.001481489,0.00635275,0.001543272,0.001769047,0.005830316,0.001952029,0.007076042,1.030337078,0.001753019,0.004911308,0.002195649,0.006997725,0.009480157,0.006772993,0.007582332,0.012754759,0.00903176,0.008266251,0.009370133,0.001705069,0.001100374,0.007786292,0.002142077,0.001407389,0.012195096,0.012802043,0.001437903,0.004663587,0.001754455,0.001640613,0.001752885,0.00252299,0.001738086,0.005058446,0.007192904,0.006080446,0.011794758,0.001705363,0.002384092,0.007769355,0.009715957,0.005531982,0.012760049,0.008612079,0.007739756
ZR-235-D1,0.015925309,0.002782381,0.005529609,0.004332043,0.004078974,0.006991065,0.002398863,0.001992026,0.001888822,0.002642341,0.002364543,0.002069647,0.001596776,0.003180867,0.001908428,0.006679187,0.004752813,0.00222233,0.004332807,0.005747438,0.007332827,0.00190209,0.005674325,0.005020731,0.020091103,0.001893658,0.002292002,0.0021455,0.003991269,0.002414813,0.001654672,0.009991743,0.002904312,0.007804249,0.004291954,0.008341395,0.003536251,0.009621171,0.0020964,0.001803146,0.002371096,0.008775843,0.008025501,0.005134464,0.002779309,0.008295863,0.001730534,0.003806724,0.004784214,0.003612521,0.002695756,0.002842248,0.002431481,0.002498307,0.002730564,0.002227961,0.010180008,0.005542983,0.004295663,0.002461075,0.004938488,0.001875991,0.00185918,0.001350862,0.001475377,0.006610046,0.002243418,0.002165053,0.00653045,0.001470847,0.00439767,0.001951766,0.003440005,0.005289712,0.006532518,0.002640216,0.001864092,0.001947766,0.002662226,0.001594249,0.005285132,0.00160336,0.001753019,1.038637003,0.004804768,0.003126953,0.001620335,0.001942551,0.001526993,0.001846338,0.001544072,0.004382505,0.001720325,0.001884904,0.001780962,0.010360736,0.004410652,0.002522251,0.002231459,0.003286079,0.001667112,0.00765247,0.001339724,0.003764358,0.005880494,0.001736903,0.005971719,0.0036119,0.001570803,0.004780859,0.005670925,0.004241832,0.001925178,0.001880957,0.004453471,0.00169079,0.002266894,0.001685398,0.002015768,0.001665837
JL-044-D1,0.001531,0.002594148,0.001207707,0.001226959,0.002054907,0.003172542,0.001807262,0.001337231,0.001153049,0.001333147,0.005688948,0.00322397,0.003639443,0.002012911,0.002483404,0.001862659,0.001223545,0.005894077,0.001731145,0.001213593,0.001369533,0.001343868,0.001267591,0.003499803,0.001543699,0.008663137,0.002557666,0.00159436,0.001289376,0.009076826,0.010147659,0.001293254,0.002347022,0.001863336,0.001005739,0.001400172,0.003068695,0.001313131,0.001553169,0.005973746,0.004056064,0.001238003,0.001832725,0.002294997,0.004073194,0.001205847,0.005869523,0.001206472,0.004767237,0.006982345,0.0095628,0.004020881,0.001342156,0.00126506,0.002145051,0.001623178,0.002500867,0.001433349,0.005350976,0.005135799,0.001595983,0.00400402,0.008588196,0.00766129,0.006494173,0.003111513,0.001295656,0.005591991,0.001392735,0.006031308,0.001915413,0.007455466,0.002342267,0.012347618,0.001382134,0.001585971,0.001949532,0.001876581,0.00151728,0.004112677,0.003198738,0.008191572,0.004911308,0.004804768,1.018279885,0.003277599,0.006918527,0.003891423,0.007002679,0.008905455,0.006382102,0.011314337,0.009690291,0.010489439,0.001441368,0.001167505,0.012055375,0.002144369,0.001707865,0.010547772,0.004577743,0.001498544,0.004289302,0.001686299,0.001870254,0.001648472,0.001661529,0.001744091,0.008705855,0.011941551,0.00503375,0.008614133,0.001557776,0.005100062,0.00752134,0.006544311,0.006848862,0.005039554,0.014325637,0.010657198
ZR-098-D1,0.001979207,0.002199726,0.003655785,0.00234318,0.006644695,0.005215427,0.003753597,0.007881603,0.003588666,0.002211606,0.00186457,0.002206311,0.003681461,0.004895158,0.001975739,0.002228723,0.003641868,0.00295169,0.005135577,0.001875306,0.003372568,0.006457057,0.002134158,0.004992565,0.002214688,0.005045861,0.001890734,0.007893046,0.001976477,0.002012964,0.002397292,0.002225738,0.001767719,0.00209664,0.001572963,0.002799383,0.001698212,0.001636547,0.002506357,0.003133911,0.007607841,0.001994287,0.008959686,0.002503569,0.005509945,0.001891277,0.001907394,0.002127583,0.001918799,0.001733286,0.002383893,0.002385212,0.003030967,0.007145675,0.001817566,0.002607903,0.009117701,0.005426733,0.004450709,0.006282304,0.00665004,0.00187731,0.002143401,0.002595359,0.002050872,0.004379789,0.00554091,0.010533435,0.005043425,0.001939286,0.002785373,0.001706029,0.004255636,0.003345479,0.002929136,0.005283237,0.008194019,0.011909321,0.003049163,0.003102879,0.002890857,0.002161445,0.002195649,0.003126953,0.003277599,1.047226328,0.005219245,0.005921252,0.002985951,0.002473062,0.002284479,0.003250094,0.003816277,0.003563639,0.007889868,0.002541435,0.005090508,0.003931731,0.006153192,0.00246753,0.004440987,0.004475635,0.005764854,0.002725311,0.005096967,0.00874242,0.005097591,0.003674421,0.002044164,0.002050608,0.002623666,0.002006895,0.008483434,0.002560444,0.00220026,0.001988534,0.007891418,0.002499465,0.002110914,0.002294056
XY-017-D1,0.001406141,0.001888979,0.001212959,0.0011973,0.001752418,0.005434002,0.002081546,0.001509021,0.001572799,0.001665286,0.003355381,0.002594444,0.00321003,0.001309568,0.002148619,0.001640329,0.001272134,0.002361954,0.002331283,0.001251157,0.001183206,0.001760524,0.001439723,0.00218207,0.001522276,0.006406654,0.001911887,0.002060253,0.001425085,0.003093016,0.007798977,0.001316152,0.001739039,0.004356098,0.001095032,0.00274769,0.002358894,0.001015504,0.001599877,0.006013568,0.002162153,0.001018293,0.001508905,0.001582946,0.001667628,0.00128014,0.009613928,0.001305531,0.005760542,0.003579018,0.011703225,0.007722794,0.005038942,0.001551345,0.001975759,0.004499838,0.001451696,0.001848605,0.002810343,0.002462753,0.001551052,0.003569044,0.004259254,0.010360679,0.005241084,0.001898838,0.004853678,0.002819103,0.001825953,0.003987005,0.001621393,0.006816181,0.002588388,0.008376629,0.001104798,0.002203857,0.005004405,0.001832505,0.002323729,0.007602728,0.001653873,0.007601784,0.006997725,0.001620335,0.006918527,0.005219245,1.031707316,0.006581377,0.011337095,0.004052075,0.010547689,0.008056455,0.004986294,0.006969582,0.005868097,0.001306387,0.011393948,0.00195706,0.00209712,0.007212447,0.005704751,0.004764908,0.013515437,0.001797826,0.001401183,0.005898973,0.002711222,0.002029201,0.008158333,0.003512842,0.006908054,0.004263528,0.004274802,0.003232099,0.003373332,0.009664148,0.002972186,0.013785742,0.00792805,0.007446787
JL-037-D1,0.001484711,0.007313113,0.001611017,0.001227481,0.001835683,0.00474924,0.00180388,0.001515787,0.002965759,0.001722412,0.003145267,0.005311101,0.005574025,0.002203424,0.004545751,0.002243899,0.001293235,0.006159617,0.005934532,0.001666379,0.001563711,0.004418395,0.004356307,0.0021193,0.004762168,0.003265062,0.004256662,0.001724269,0.001756035,0.003110152,0.004847404,0.001529056,0.003246851,0.002095936,0.001271195,0.00145638,0.002399449,0.001515717,0.001762565,0.00468579,0.00267722,0.001296346,0.001662142,0.00468189,0.001736827,0.001830872,0.003367057,0.001437605,0.002317223,0.003004575,0.00337142,0.00810681,0.006342116,0.001734314,0.002606227,0.001992945,0.001420717,0.0017102,0.003698289,0.002223613,0.001861863,0.002674584,0.002950125,0.008683626,0.005125119,0.002543661,0.002195723,0.004465512,0.001452185,0.009820834,0.002046985,0.002541136,0.006041584,0.006613894,0.001276996,0.002097099,0.005188234,0.002092945,0.004892127,0.008281873,0.002221819,0.007513536,0.009480157,0.001942551,0.003891423,0.005921252,0.006581377,1.042920702,0.009446622,0.005291669,0.008537645,0.006166607,0.009680978,0.012051661,0.002229474,0.001494059,0.007225709,0.002304086,0.001654897,0.00419789,0.009625246,0.002018807,0.008671297,0.002221249,0.001734954,0.005117757,0.003789517,0.002219599,0.003792593,0.003544289,0.007525948,0.003842313,0.001896484,0.003007612,0.003359432,0.004947797,0.00331385,0.007235701,0.004363769,0.006636823
JL-040-D1,0.001113717,0.005185907,0.001667039,0.001116441,0.002564004,0.004460043,0.001621342,0.003924318,0.002337416,0.001571403,0.002208749,0.00814855,0.004266485,0.001931017,0.002873564,0.00188503,0.001491273,0.00295733,0.00278312,0.001608506,0.001411938,0.00444769,0.004451911,0.003361184,0.001410753,0.004215177,0.002195033,0.001892969,0.001756132,0.006483019,0.010797495,0.001442085,0.003015263,0.001417555,0.001188773,0.001756716,0.002121624,0.001135028,0.002160758,0.007265549,0.002439913,0.001215067,0.001604382,0.002343709,0.001778491,0.001409967,0.003047754,0.001276271,0.002956592,0.005930431,0.005668003,0.002309671,0.005158317,0.002034049,0.001744745,0.002958776,0.001426659,0.001969277,0.002178053,0.004582544,0.001916697,0.003610931,0.006168844,0.010160161,0.004005351,0.002340412,0.004550835,0.006612489,0.001814349,0.00329718,0.0022499,0.003700942,0.002698619,0.004774433,0.001413793,0.004932374,0.005335055,0.002864489,0.002655907,0.006964156,0.002667745,0.005281295,0.006772993,0.001526993,0.007002679,0.002985951,0.011337095,0.009446622,1.022994462,0.012838999,0.006860508,0.005124948,0.009847471,0.007838455,0.005851541,0.001391548,0.006184917,0.004633228,0.002330724,0.00686392,0.004460612,0.005429588,0.009115985,0.00424168,0.002175758,0.005954166,0.002081345,0.002475785,0.006946126,0.004361622,0.005576883,0.00598638,0.003140058,0.003902141,0.003787228,0.012064676,0.002852493,0.009391142,0.005046178,0.009916677
JL-055-D1,0.001095529,0.004211735,0.001565485,0.001154836,0.001727862,0.002047579,0.001746657,0.004773678,0.001571781,0.001373365,0.002155889,0.006091072,0.005042953,0.004872234,0.007601358,0.001657171,0.001891593,0.007099329,0.00199871,0.001273545,0.001620237,0.001776971,0.001678942,0.003437053,0.001299226,0.003028525,0.002336597,0.001734687,0.00341476,0.009777251,0.007450474,0.001152449,0.00245994,0.001362658,0.00136593,0.001533934,0.003361387,0.001193987,0.004821536,0.004316411,0.004614024,0.001165959,0.001644121,0.001986551,0.001570751,0.001757018,0.002639742,0.001384892,0.00271027,0.007460297,0.005153191,0.001940402,0.00194284,0.002152255,0.001482734,0.005204907,0.001533372,0.001858003,0.002668033,0.006550061,0.002513829,0.00820894,0.010504313,0.006602061,0.004085588,0.002129219,0.002202854,0.008747499,0.00164712,0.003281945,0.004400236,0.006055995,0.002226464,0.00494269,0.00188106,0.005035904,0.001967315,0.003127537,0.003368203,0.005242761,0.005854662,0.007037491,0.007582332,0.001846338,0.008905455,0.002473062,0.004052075,0.005291669,0.012838999,1.023129514,0.004135755,0.006335893,0.011376888,0.007135977,0.003025,0.001739585,0.007593867,0.003078202,0.002677709,0.008789783,0.004725417,0.001868349,0.005093013,0.002704966,0.004998243,0.002321388,0.001869234,0.004956725,0.006708954,0.003831045,0.003837861,0.006410776,0.005920245,0.005833692,0.008257806,0.009692384,0.002885881,0.006112964,0.004959783,0.01112566
JL-062-D1,0.001410018,0.002229774,0.001141866,0.001364028,0.001438152,0.001935005,0.004338893,0.001331639,0.001288934,0.001897688,0.006806928,0.00232558,0.006697933,0.001499472,0.001892039,0.0013853,0.001192632,0.002746318,0.002318963,0.001036866,0.001189647,0.001372085,0.001211665,0.003247184,0.001462565,0.003437119,0.006980646,0.004867504,0.001419987,0.005673806,0.007393774,0.001097454,0.003614885,0.00225444,0.001101823,0.001333324,0.001810765,0.001934993,0.001436011,0.007031788,0.006118169,0.000968888,0.001345484,0.001508228,0.001402324,0.001102005,0.007496162,0.001479065,0.002315421,0.002725063,0.003112309,0.002836943,0.003154691,0.001490782,0.001809845,0.002929675,0.001263826,0.001292736,0.004069056,0.002053283,0.001511353,0.00273258,0.003083355,0.01203356,0.004964039,0.00202803,0.002088039,0.002736951,0.001155745,0.00897112,0.002134138,0.002881443,0.009177195,0.004925816,0.001284802,0.001698354,0.006039441,0.001570705,0.004015664,0.005950726,0.001825973,0.009014776,0.012754759,0.001544072,0.006382102,0.002284479,0.010547689,0.008537645,0.006860508,0.004135755,1.026330134,0.013465421,0.010039903,0.010106809,0.002148306,0.001317496,0.007831429,0.00165363,0.001491598,0.010507109,0.009818645,0.001814851,0.007491029,0.001579672,0.001551891,0.002177213,0.002869513,0.00189883,0.006163106,0.004292532,0.011054786,0.008733601,0.001815148,0.004928574,0.006982928,0.010261697,0.003410213,0.015268006,0.008550987,0.007512005
JL-041-D1,0.001467868,0.002628271,0.001090773,0.001040661,0.001778902,0.003672148,0.001700937,0.001222258,0.00108731,0.001149014,0.003516077,0.003009149,0.003461519,0.001786253,0.002157772,0.001404725,0.001065874,0.003138994,0.002817693,0.001039256,0.001188579,0.001259206,0.001205159,0.004735355,0.001602512,0.005585788,0.003188736,0.002174749,0.001291996,0.005989245,0.011554138,0.001070724,0.002101209,0.001830678,0.000949339,0.001130853,0.00204019,0.001236904,0.001448716,0.006983981,0.002377947,0.001053425,0.002613301,0.002094371,0.001761751,0.001154825,0.006330428,0.00116991,0.002548622,0.003172691,0.003669214,0.002841989,0.001435905,0.001005254,0.001684148,0.001934107,0.00159155,0.001261687,0.005098839,0.00278293,0.001775575,0.003884491,0.003576248,0.012594482,0.005319173,0.002081957,0.001322967,0.003432151,0.001189518,0.010752275,0.001703289,0.003001555,0.004932663,0.007667513,0.001234874,0.001353174,0.002312111,0.001652246,0.002429903,0.006382887,0.002090987,0.009800686,0.00903176,0.004382505,0.011314337,0.003250094,0.008056455,0.006166607,0.005124948,0.006335893,0.013465421,1.017711499,0.011014148,0.013477182,0.001517,0.001308368,0.013308955,0.001987433,0.001329393,0.011668636,0.00870549,0.001507047,0.006581234,0.001729463,0.003734274,0.001618585,0.001784598,0.001841226,0.004981725,0.008822784,0.007613413,0.013081716,0.001366264,0.002878098,0.007507545,0.009943058,0.007726273,0.013746634,0.014464171,0.008981667
JL-071-D1,0.001540037,0.005244914,0.001651149,0.001353762,0.001914584,0.004073879,0.004058038,0.001593291,0.001923272,0.001640612,0.003976003,0.006743017,0.007877094,0.004713435,0.004893393,0.001919034,0.001395083,0.007273236,0.006500801,0.001355822,0.003791589,0.002214886,0.001965111,0.002347175,0.001554545,0.004756191,0.00422726,0.002534829,0.003335119,0.007098341,0.010287833,0.001410879,0.00459278,0.001921632,0.001334048,0.0014892,0.001689197,0.001530698,0.002131472,0.004188952,0.002531039,0.001423305,0.00173363,0.00210057,0.002166688,0.001685166,0.003305594,0.001506043,0.002106162,0.004087211,0.003178726,0.002397165,0.002430403,0.001680266,0.00165743,0.001646206,0.001521612,0.001898861,0.00337088,0.002756219,0.00164804,0.002779142,0.006894259,0.009992332,0.004048739,0.004257618,0.001482036,0.008783784,0.001351491,0.00494509,0.002448779,0.002789765,0.003112485,0.009511674,0.001349081,0.002775362,0.002218667,0.002141331,0.001940598,0.004425837,0.002317928,0.010562914,0.008266251,0.001720325,0.009690291,0.003816277,0.004986294,0.009680978,0.009847471,0.011376888,0.010039903,0.011014148,1.015325207,0.012989578,0.001597193,0.001294168,0.012265906,0.002050249,0.001705275,0.01040496,0.010867863,0.001750529,0.005668527,0.001901078,0.001983892,0.00294247,0.002864614,0.002084027,0.005123113,0.005078561,0.004196325,0.007237802,0.001672212,0.003391351,0.004770436,0.006707332,0.003863428,0.009279989,0.006463987,0.008350879
JL-058-D1,0.001013719,0.003755629,0.002902332,0.000986332,0.00164297,0.002221818,0.001684362,0.001407754,0.001248427,0.001214702,0.002934456,0.002350195,0.005530107,0.002168838,0.002444401,0.00151699,0.001522303,0.004546174,0.00208573,0.001074112,0.00131286,0.001501308,0.001644247,0.002178681,0.001406653,0.003541592,0.003530647,0.001706122,0.001681594,0.003616784,0.012407701,0.001203898,0.001921753,0.001459826,0.000920581,0.001461163,0.003510886,0.001036205,0.001680899,0.003854265,0.002268092,0.001169115,0.001467188,0.001634032,0.004461177,0.001109717,0.003980717,0.001105458,0.002655446,0.004666197,0.004053023,0.002570849,0.002012408,0.001224782,0.001644758,0.001882074,0.001462832,0.003310864,0.003101622,0.003330642,0.002404164,0.004063318,0.004523528,0.011484358,0.010685189,0.002193893,0.00159603,0.006068064,0.001757893,0.010698766,0.001615412,0.003478085,0.00439934,0.009127491,0.001519146,0.001621177,0.002295176,0.002050724,0.002328967,0.010036858,0.002110517,0.011979472,0.009370133,0.001884904,0.010489439,0.003563639,0.006969582,0.012051661,0.007838455,0.007135977,0.010106809,0.013477182,0.012989578,1.01550045,0.001615162,0.00147283,0.009828796,0.00328136,0.001635529,0.007772107,0.008662751,0.001502526,0.009041476,0.001768645,0.001677988,0.002238127,0.001883258,0.003769908,0.010224393,0.004676096,0.008136867,0.007623374,0.001870838,0.004326501,0.005192876,0.008775551,0.006887903,0.008167914,0.011517052,0.009243819
ZR-229-D1,0.001539315,0.002095569,0.005239703,0.002101093,0.006015473,0.002447063,0.003386154,0.011768176,0.006683217,0.002208138,0.001298173,0.002076195,0.002598349,0.003338132,0.00732277,0.002028464,0.006106338,0.00155168,0.004321863,0.001953466,0.002265763,0.006108888,0.00227311,0.005021104,0.001554004,0.001633327,0.001609969,0.009532257,0.00626912,0.001425009,0.001970479,0.001854584,0.001678923,0.001734148,0.001794202,0.002725353,0.002477126,0.001346481,0.00744489,0.002181883,0.005855948,0.001851554,0.006454317,0.002044189,0.003525662,0.002003589,0.001732374,0.001725565,0.002362402,0.00208883,0.002430048,0.001332807,0.006558151,0.005105895,0.001625565,0.009064247,0.00590136,0.004120594,0.00132481,0.006884839,0.011629701,0.002743402,0.003101675,0.002085099,0.002190604,0.003670201,0.012200272,0.004586046,0.002688916,0.001346602,0.002520562,0.003348417,0.004809682,0.001358273,0.003545125,0.008340683,0.007676354,0.008861858,0.011121691,0.001619839,0.002734358,0.001330464,0.001705069,0.001780962,0.001441368,0.007889868,0.005868097,0.002229474,0.005851541,0.003025,0.002148306,0.001517,0.001597193,0.001615162,1.0302321,0.005200159,0.001418617,0.007664594,0.010951929,0.001480144,0.001546856,0.00661452,0.004903626,0.002991162,0.005688152,0.011206256,0.002812938,0.009643688,0.002064992,0.001383747,0.002359732,0.00140135,0.016964036,0.002812316,0.001421906,0.007065498,0.006124102,0.002290802,0.0015289,0.001715631
ZR-224-D1,0.010055504,0.002247501,0.006984982,0.003065649,0.002572586,0.001988527,0.003268682,0.00355383,0.002627324,0.002673255,0.002267362,0.002236352,0.003240649,0.005366967,0.005356677,0.006892396,0.009033397,0.005184247,0.003476705,0.003343867,0.008179885,0.002304683,0.0056377,0.008734906,0.00790209,0.002197554,0.0055244,0.004448031,0.006015346,0.001733842,0.001239234,0.009526008,0.002722623,0.010710419,0.011025671,0.014113769,0.002177284,0.005906541,0.003503708,0.002252055,0.002199009,0.0104062,0.003844219,0.002959527,0.003699737,0.00856747,0.001484862,0.003366353,0.002102588,0.001411804,0.001897651,0.002177358,0.002801002,0.003440947,0.002372282,0.006503682,0.004539651,0.0084952,0.003055348,0.001988344,0.005415557,0.001719489,0.002032049,0.000956311,0.00130615,0.00304855,0.007083147,0.001578018,0.009840706,0.001175135,0.004168346,0.00203394,0.002205355,0.001511393,0.008620043,0.005228562,0.002109297,0.002694633,0.009359329,0.001374089,0.002773821,0.000998535,0.001100374,0.010360736,0.001167505,0.002541435,0.001306387,0.001494059,0.001391548,0.001739585,0.001317496,0.001308368,0.001294168,0.00147283,0.005200159,1.046120451,0.001342995,0.002585991,0.002637738,0.00112723,0.001160261,0.00575261,0.001404679,0.003222145,0.007233365,0.00249886,0.00467378,0.008404564,0.001134491,0.001682903,0.004410271,0.001288719,0.004988813,0.001710181,0.001461256,0.002074931,0.001385157,0.001126023,0.001004289,0.000948429
JL-057-D1,0.002958556,0.002703549,0.001369175,0.001619184,0.003359651,0.005192766,0.004381412,0.001547894,0.001364573,0.001819075,0.005585527,0.004061742,0.003209007,0.001798999,0.002146335,0.002204333,0.001252489,0.005992843,0.002962154,0.001198261,0.001667222,0.001719473,0.001440178,0.002349029,0.001927749,0.004889785,0.002775777,0.00306232,0.001326217,0.009200319,0.005026366,0.001465349,0.002532761,0.005194544,0.001193497,0.001206649,0.001981869,0.001726033,0.00147064,0.003348977,0.002607365,0.00163424,0.002194009,0.004638164,0.001742797,0.00131208,0.007359257,0.001519269,0.002170499,0.002936688,0.003526109,0.00596519,0.001609592,0.001173953,0.0019689,0.001445374,0.001768998,0.00129464,0.007319391,0.004897144,0.001526465,0.002480339,0.00375718,0.007122697,0.003441829,0.004114568,0.001303431,0.003909921,0.001201477,0.004893094,0.002808707,0.00286902,0.00243342,0.014794388,0.001676096,0.001647361,0.00216251,0.001517272,0.001346296,0.003811235,0.002154564,0.009682186,0.007786292,0.004410652,0.012055375,0.005090508,0.011393948,0.007225709,0.006184917,0.007593867,0.007831429,0.013308955,0.012265906,0.009828796,0.001418617,0.001342995,1.023886668,0.001963583,0.001505586,0.014444965,0.007668712,0.002418374,0.007045281,0.001586744,0.001938239,0.001771471,0.002198067,0.001465223,0.003918991,0.008020251,0.00515404,0.010952164,0.001497846,0.002144624,0.008336081,0.005133932,0.005779907,0.013162643,0.006796804,0.00569944
ZR-239-D1,0.00167108,0.002589745,0.004033115,0.0021985,0.007629066,0.008959141,0.002572212,0.006140469,0.006997525,0.005485744,0.001707122,0.002391521,0.002086118,0.004057162,0.005312253,0.002649664,0.003107911,0.001935533,0.002336115,0.002596589,0.005366968,0.006961049,0.002332146,0.005347641,0.001754595,0.002151548,0.004281108,0.002684314,0.006654888,0.001872243,0.002057889,0.001963635,0.004345939,0.001563931,0.001821624,0.002921956,0.008010662,0.001843635,0.006776541,0.001965377,0.005632061,0.002352747,0.003055045,0.002736883,0.002583506,0.002481804,0.001920607,0.002627502,0.00392797,0.005787654,0.002662116,0.001893736,0.00275478,0.002835126,0.003359827,0.006236865,0.003392071,0.003828419,0.004413666,0.004157754,0.006415403,0.008015706,0.003291686,0.0020772,0.004827367,0.003013408,0.003745766,0.004496136,0.005095669,0.004856174,0.002627282,0.005539515,0.003764408,0.002115037,0.005543264,0.007738501,0.003721227,0.00374259,0.003567226,0.006656745,0.006902643,0.002095899,0.002142077,0.002522251,0.002144369,0.003931731,0.00195706,0.002304086,0.004633228,0.003078202,0.00165363,0.001987433,0.002050249,0.00328136,0.007664594,0.002585991,0.001963583,1.052340625,0.00598142,0.00225529,0.002347229,0.002787996,0.002506158,0.006274728,0.006955529,0.002717483,0.002494634,0.003850776,0.002941057,0.004174048,0.00330913,0.002038713,0.003403386,0.006220412,0.003495826,0.002883703,0.009977498,0.001638913,0.002381316,0.003067425
ZR-236-D1,0.001727158,0.002414787,0.003205229,0.005230565,0.006894875,0.006206306,0.003238521,0.004337496,0.004934848,0.002934392,0.00139009,0.002272284,0.00255091,0.003095178,0.004944904,0.005213036,0.002610533,0.001630604,0.005363281,0.00617081,0.002664373,0.006591426,0.002802922,0.005457585,0.001785319,0.002063555,0.001710349,0.006887112,0.003126532,0.001567349,0.001502607,0.002353709,0.001775019,0.001691035,0.001888229,0.002449594,0.004972676,0.001725242,0.011247512,0.001733982,0.003900923,0.002002616,0.00960484,0.002939102,0.002982341,0.002223945,0.001466398,0.002436446,0.00483297,0.002815221,0.003420271,0.001719244,0.005502899,0.004413754,0.00232684,0.006535366,0.004054353,0.002924787,0.001463429,0.010114271,0.004778518,0.004940479,0.004134366,0.001447581,0.004424802,0.007171788,0.003696067,0.009883257,0.004725452,0.001355519,0.005689269,0.005498742,0.006653271,0.001431002,0.002766401,0.009561527,0.003534085,0.008835628,0.003318396,0.001686257,0.007576965,0.001565182,0.001407389,0.002231459,0.001707865,0.006153192,0.00209712,0.001654897,0.002330724,0.002677709,0.001491598,0.001329393,0.001705275,0.001635529,0.010951929,0.002637738,0.001505586,0.00598142,1.050442331,0.001626645,0.001363149,0.0084788,0.002597248,0.006443892,0.004225671,0.003817688,0.005616329,0.005918914,0.002469478,0.001392781,0.001961807,0.001439229,0.008236281,0.003056604,0.001620767,0.002530746,0.006316138,0.001422685,0.001577858,0.001735818
JL-051-D1,0.001708932,0.003564875,0.001191716,0.00128315,0.002123943,0.002140481,0.004750896,0.001434448,0.001236593,0.001605587,0.003703039,0.003208666,0.006182094,0.001763956,0.002161763,0.001786065,0.001123017,0.003245943,0.002017214,0.00099365,0.001169449,0.001353895,0.001276431,0.00243538,0.001451359,0.003219099,0.005157951,0.005488361,0.001250009,0.007040208,0.00813768,0.001039996,0.002714719,0.002129838,0.001068814,0.001074109,0.002071662,0.001806542,0.001469666,0.003994652,0.004863882,0.001162681,0.002664532,0.002150264,0.001673841,0.001061283,0.004421339,0.001316668,0.001994067,0.003371844,0.003932877,0.003330125,0.001743656,0.001292849,0.00171823,0.001606067,0.001478239,0.001181168,0.006643691,0.005797986,0.001745955,0.003347146,0.007235612,0.009340655,0.003855756,0.004439838,0.001336523,0.005608138,0.001300061,0.007139068,0.002480857,0.004903892,0.005205209,0.011696661,0.001536786,0.001715553,0.002503282,0.001901416,0.001447807,0.003258211,0.003322596,0.009409065,0.012195096,0.003286079,0.010547772,0.00246753,0.007212447,0.00419789,0.00686392,0.008789783,0.010507109,0.011668636,0.01040496,0.007772107,0.001480144,0.00112723,0.014444965,0.00225529,0.001626645,1.013692468,0.005713976,0.00160463,0.006733466,0.00262922,0.002862422,0.001668711,0.001934272,0.001704669,0.005576826,0.010679813,0.007058499,0.014629435,0.001756921,0.002225839,0.013877361,0.006736962,0.006955291,0.011881808,0.010849521,0.009925239
JL-050-D1,0.001844327,0.003742804,0.001287951,0.004564981,0.001827979,0.00229371,0.002230379,0.001448086,0.001568556,0.002064505,0.007364435,0.00259586,0.005831021,0.001865367,0.00215977,0.002917798,0.001243756,0.004983797,0.003168606,0.001445789,0.001443565,0.001663917,0.001566069,0.001994554,0.001725775,0.006282688,0.006623455,0.002182166,0.001688947,0.007617692,0.004748164,0.001270262,0.004912369,0.002234355,0.00178512,0.001269868,0.002282201,0.005563191,0.00180173,0.0035776,0.003612721,0.001301654,0.001759486,0.002272842,0.001463614,0.001598432,0.006076988,0.005656218,0.002483924,0.003787583,0.003170321,0.003156748,0.002041238,0.001247892,0.002449868,0.001756518,0.001466123,0.001269126,0.008214925,0.002266649,0.001457255,0.005070694,0.003414751,0.011898016,0.00513513,0.001851713,0.001422093,0.002836955,0.001304156,0.010222178,0.002368235,0.002761226,0.004987715,0.006556553,0.001347661,0.001495346,0.00434083,0.001469197,0.001500333,0.007955864,0.001978763,0.010650187,0.012802043,0.001667112,0.004577743,0.004440987,0.005704751,0.009625246,0.004460612,0.004725417,0.009818645,0.00870549,0.010867863,0.008662751,0.001546856,0.001160261,0.007668712,0.002347229,0.001363149,0.005713976,1.030192404,0.001333924,0.008475395,0.001620552,0.001606782,0.001805887,0.006944987,0.001565235,0.004972054,0.004390044,0.00431656,0.007767452,0.001518111,0.002424396,0.011034061,0.007029562,0.005601847,0.007560535,0.00984251,0.008066204
ZR-225-D1,0.006661052,0.003175942,0.002977375,0.003512521,0.003742153,0.008701626,0.002676824,0.002553245,0.002658471,0.006085769,0.00177611,0.002108809,0.003476032,0.004715595,0.002198642,0.007232363,0.00322276,0.001434638,0.006873727,0.003221421,0.004911645,0.003000223,0.006134086,0.002139821,0.007462954,0.001829973,0.001988541,0.006405974,0.003202431,0.001921201,0.001608693,0.008196853,0.002919204,0.004683217,0.002432252,0.009001861,0.001644362,0.003105188,0.006013502,0.001682975,0.003536568,0.003018745,0.008029966,0.006405328,0.005267434,0.002629812,0.002093875,0.005601924,0.002325133,0.001765846,0.004482117,0.002003615,0.005289183,0.002752322,0.002116694,0.003804607,0.0075059,0.005854229,0.001410285,0.002709599,0.002538407,0.001682138,0.001829696,0.001563561,0.001574704,0.005077243,0.007473865,0.003669283,0.007853268,0.001330208,0.006531811,0.001946947,0.006317643,0.001850504,0.002610724,0.010865192,0.002840274,0.003270247,0.006298375,0.001729703,0.006476629,0.001239661,0.001437903,0.00765247,0.001498544,0.004475635,0.004764908,0.002018807,0.005429588,0.001868349,0.001814851,0.001507047,0.001750529,0.001502526,0.00661452,0.00575261,0.002418374,0.002787996,0.0084788,0.00160463,0.001333924,1.043587096,0.002278957,0.00569817,0.005727368,0.005103509,0.005897744,0.009166048,0.001555665,0.001422323,0.007185697,0.001458975,0.005648972,0.003897106,0.001485805,0.001871361,0.002383798,0.002814905,0.001305535,0.001419822
XY-030-D1,0.000975511,0.001975263,0.001084481,0.001107104,0.001492068,0.002394289,0.001460651,0.001551889,0.001439287,0.001224117,0.002733364,0.002370487,0.006629029,0.001520367,0.002399998,0.001291843,0.001124838,0.003169626,0.003183916,0.001255364,0.001023696,0.002322515,0.001362019,0.001857882,0.001203359,0.004583829,0.00202181,0.001913524,0.001551638,0.003130472,0.004673334,0.001068551,0.001634088,0.001582848,0.000960668,0.001899778,0.005024848,0.001188755,0.001675454,0.007463846,0.00194134,0.000910111,0.001327724,0.001566869,0.001378814,0.001090094,0.006062065,0.001380525,0.004805357,0.004607256,0.010396511,0.005098701,0.005286911,0.001605911,0.001621829,0.002372761,0.001232334,0.001548922,0.005362881,0.003923878,0.001774097,0.010733818,0.011782185,0.009860036,0.010644101,0.001583159,0.004456473,0.00541815,0.002060019,0.004351763,0.002104138,0.008139684,0.003000724,0.003663435,0.001076588,0.001854836,0.003121022,0.002241386,0.002500062,0.00664682,0.001797539,0.010662972,0.004663587,0.001339724,0.004289302,0.005764854,0.013515437,0.008671297,0.009115985,0.005093013,0.007491029,0.006581234,0.005668527,0.009041476,0.004903626,0.001404679,0.007045281,0.002506158,0.002597248,0.006733466,0.008475395,0.002278957,1.027770971,0.002555495,0.001622866,0.004761857,0.004723398,0.003376476,0.013316321,0.003304361,0.006805881,0.006241407,0.004711431,0.003622485,0.006765502,0.004638516,0.003968436,0.008816012,0.007362821,0.009838989
ZR-197-D1,0.002372812,0.009578027,0.002233743,0.002060967,0.00244798,0.005128998,0.002142968,0.005077785,0.005194021,0.005010298,0.001440939,0.005812482,0.004827246,0.00396728,0.002479366,0.00552116,0.002229318,0.001670975,0.005973796,0.008722684,0.00378947,0.005146876,0.007592661,0.005698591,0.002146684,0.001756801,0.002237437,0.003361098,0.005733068,0.002067612,0.002107579,0.002522339,0.00247186,0.001831498,0.002692924,0.004702398,0.002617999,0.003356743,0.00420911,0.00198056,0.002541666,0.002713117,0.002474154,0.00960587,0.002068461,0.004044091,0.001567474,0.005870097,0.006010411,0.002267064,0.002748201,0.001494578,0.006869029,0.006591506,0.002270093,0.005882752,0.00220124,0.002082091,0.001632149,0.003293534,0.006677619,0.005041327,0.007430382,0.002696858,0.004039455,0.002951881,0.002741964,0.005447235,0.008226756,0.001375046,0.013523364,0.005635497,0.004219557,0.00157303,0.002164857,0.006471268,0.002588288,0.009318124,0.003543559,0.001696657,0.013117209,0.001673025,0.001754455,0.003764358,0.001686299,0.002725311,0.001797826,0.002221249,0.00424168,0.002704966,0.001579672,0.001729463,0.001901078,0.001768645,0.002991162,0.003222145,0.001586744,0.006274728,0.006443892,0.00262922,0.001620552,0.00569817,0.002555495,1.036372066,0.013158023,0.003262897,0.009545504,0.011040042,0.002470072,0.001758252,0.001461508,0.001788515,0.0033316,0.003028085,0.001930989,0.002508068,0.00224054,0.003596886,0.001764202,0.001634078
ZR-104-D1,0.003195089,0.007061398,0.005305107,0.002205801,0.004788202,0.003415791,0.002198799,0.006107749,0.002758124,0.003146834,0.001401448,0.002455739,0.00236758,0.011918977,0.005411542,0.005429446,0.004030956,0.001820071,0.005557836,0.004293346,0.006030012,0.002499503,0.00587285,0.009720419,0.002165769,0.001626004,0.002022155,0.002402499,0.00975162,0.002868094,0.001943958,0.003300223,0.002013344,0.001767155,0.003840369,0.003511385,0.002394781,0.002681149,0.004250519,0.001762633,0.003663144,0.005031311,0.003540174,0.006914409,0.002123088,0.006070846,0.001347336,0.005405459,0.002123606,0.001752819,0.001495271,0.001360323,0.005835383,0.004353514,0.001758275,0.00720964,0.002734407,0.003193509,0.001764946,0.005269958,0.007195168,0.003630017,0.005735851,0.001379002,0.001760599,0.00516072,0.00461656,0.006390148,0.006122089,0.001367286,0.010164646,0.003214842,0.007877986,0.002571515,0.00638144,0.011150458,0.002200279,0.006614958,0.009433803,0.001596176,0.011417816,0.001452185,0.001640613,0.005880494,0.001870254,0.005096967,0.001401183,0.001734954,0.002175758,0.004998243,0.001551891,0.003734274,0.001983892,0.001677988,0.005688152,0.007233365,0.001938239,0.006955529,0.004225671,0.002862422,0.001606782,0.005727368,0.001622866,0.013158023,1.018562118,0.004415487,0.005628856,0.013091697,0.001467342,0.001851307,0.001730812,0.003707772,0.00622765,0.002847837,0.003945325,0.003728247,0.002250431,0.001604946,0.001717612,0.001879865
ZR-246-D1,0.001540145,0.005414924,0.005735183,0.00242318,0.00342479,0.00205441,0.006219684,0.008020092,0.008556193,0.002146989,0.00138513,0.006150199,0.002779093,0.002804826,0.002306304,0.002048924,0.004750853,0.0018319,0.003321725,0.002193666,0.002120878,0.007107392,0.005009807,0.004576377,0.001688624,0.001765451,0.001753083,0.009229967,0.002550389,0.001584257,0.002923099,0.002077763,0.003152325,0.001769724,0.002888358,0.00241211,0.001768075,0.001452656,0.002140072,0.004301259,0.003960559,0.003133546,0.005298317,0.002541702,0.005390318,0.002164642,0.004474371,0.001732201,0.005853724,0.002189734,0.002230996,0.002068774,0.00643681,0.009666864,0.001923497,0.009374985,0.005451269,0.005301735,0.001467748,0.004235978,0.005954534,0.001922111,0.002103671,0.002608144,0.003169392,0.008341939,0.008306807,0.008245036,0.002335599,0.001697174,0.002345842,0.002210867,0.002747181,0.001765015,0.003132748,0.003306252,0.007028257,0.010451294,0.003983546,0.004943836,0.005676076,0.001904456,0.001752885,0.001736903,0.001648472,0.00874242,0.005898973,0.005117757,0.005954166,0.002321388,0.002177213,0.001618585,0.00294247,0.002238127,0.011206256,0.00249886,0.001771471,0.002717483,0.003817688,0.001668711,0.001805887,0.005103509,0.004761857,0.003262897,0.004415487,1.047641726,0.002489811,0.003154898,0.004732653,0.001453273,0.002242089,0.001590294,0.014332781,0.00516139,0.001446655,0.002725807,0.003148995,0.003024045,0.001568488,0.00174263
ZR-237-D1,0.003804295,0.004681462,0.001864414,0.006080044,0.001990687,0.007052371,0.002567072,0.001818842,0.002074339,0.007645346,0.004816503,0.002069107,0.007311124,0.003051052,0.001930367,0.004110557,0.001879954,0.002219144,0.007242489,0.008058392,0.002889209,0.002384552,0.004970027,0.002506686,0.004989592,0.00584606,0.002967271,0.002776606,0.005533217,0.005125073,0.001540546,0.002391773,0.002548799,0.004898817,0.002654608,0.00303434,0.002871855,0.007683655,0.002887581,0.002703512,0.005348797,0.002383965,0.002049069,0.006687321,0.001963683,0.003072805,0.003511342,0.010180158,0.007962794,0.001974195,0.004265896,0.004465764,0.009447472,0.002451345,0.003247813,0.002549396,0.002016262,0.002211912,0.007226769,0.002127642,0.004360911,0.002549651,0.002482466,0.00210166,0.002319322,0.002471284,0.00574241,0.002976049,0.007046787,0.002147059,0.009136806,0.002363512,0.010730079,0.002141755,0.001942211,0.003941112,0.004933881,0.002809154,0.005532755,0.001903761,0.008138599,0.001852629,0.00252299,0.005971719,0.001661529,0.005097591,0.002711222,0.003789517,0.002081345,0.001869234,0.002869513,0.001784598,0.002864614,0.001883258,0.002812938,0.00467378,0.002198067,0.002494634,0.005616329,0.001934272,0.006944987,0.005897744,0.004723398,0.009545504,0.005628856,0.002489811,1.039608753,0.006361952,0.001832325,0.002208953,0.002424939,0.002062619,0.004376591,0.004993497,0.005346727,0.001689081,0.002322938,0.002504293,0.001628382,0.00188737
ZR-226-D1,0.002004804,0.005610575,0.002731474,0.001864929,0.002297437,0.005203035,0.001804414,0.006272143,0.002519185,0.004015647,0.001379129,0.002061732,0.00515137,0.009129043,0.005725577,0.002857719,0.005259826,0.001885156,0.006336424,0.003156033,0.005339452,0.002454891,0.003376292,0.005746325,0.001878712,0.001636578,0.001938124,0.003512274,0.007625312,0.001804074,0.002282003,0.002290945,0.001713836,0.001929933,0.002265863,0.006077186,0.004251251,0.00215954,0.008886419,0.001928929,0.00292234,0.002635905,0.002302621,0.006527272,0.002036136,0.002881287,0.001550465,0.004925173,0.002480437,0.002568692,0.00233141,0.001349682,0.008053132,0.005308097,0.001615141,0.006884557,0.002660609,0.00331657,0.001363774,0.004678408,0.006862663,0.003224198,0.006054602,0.001615841,0.004443958,0.004549347,0.007384069,0.003630498,0.00704265,0.001774366,0.007186618,0.003336134,0.009730973,0.001467158,0.003034325,0.010723007,0.002330736,0.005333394,0.011729371,0.001791819,0.007295685,0.001760852,0.001738086,0.0036119,0.001744091,0.003674421,0.002029201,0.002219599,0.002475785,0.004956725,0.00189883,0.001841226,0.002084027,0.003769908,0.009643688,0.008404564,0.001465223,0.003850776,0.005918914,0.001704669,0.001565235,0.009166048,0.003376476,0.011040042,0.013091697,0.003154898,0.006361952,1.023588627,0.004177989,0.001589605,0.002239321,0.001735923,0.011059781,0.004405532,0.001786913,0.00603227,0.003221911,0.001697653,0.003972706,0.001977882
XY-056-D1,0.000900346,0.001853795,0.001082282,0.001030937,0.001305373,0.002511082,0.001244573,0.001472244,0.001144294,0.001091201,0.002105664,0.002245743,0.005777168,0.001484094,0.002971478,0.001174675,0.00102409,0.002542784,0.001504123,0.001412995,0.00098798,0.001327655,0.001140966,0.001985882,0.001240719,0.003346965,0.001946277,0.001660902,0.001719469,0.003296186,0.01187242,0.001088721,0.001807712,0.001235829,0.000912253,0.001506908,0.007862637,0.000990564,0.002098155,0.007053789,0.001673936,0.000883797,0.001224395,0.001331541,0.001614567,0.001218587,0.007274558,0.001183405,0.011013861,0.013572798,0.009244466,0.003007708,0.002004282,0.001483142,0.00162938,0.00525231,0.001254343,0.001542013,0.002318511,0.006120432,0.001919136,0.012651226,0.012166426,0.007388158,0.017765798,0.001526183,0.0018101,0.003823307,0.00187561,0.006815368,0.001776236,0.011413676,0.00214647,0.005357624,0.001030514,0.001468934,0.002337434,0.001984416,0.001917919,0.004852229,0.001775841,0.009669902,0.005058446,0.001570803,0.008705855,0.002044164,0.008158333,0.003792593,0.006946126,0.006708954,0.006163106,0.004981725,0.005123113,0.010224393,0.002064992,0.001134491,0.003918991,0.002941057,0.002469478,0.005576826,0.004972054,0.001555665,0.013316321,0.002470072,0.001467342,0.004732653,0.001832325,0.004177989,1.029125644,0.003712623,0.00404635,0.00664951,0.002523734,0.007158027,0.006169456,0.006210732,0.005602999,0.007814722,0.011588137,0.009913852
JL-065-D1,0.004122726,0.002385959,0.001566903,0.002722009,0.002664183,0.001987043,0.002278654,0.001486059,0.001439782,0.001502191,0.005821782,0.00271608,0.007249527,0.001351333,0.002308216,0.001823449,0.001266137,0.003905604,0.002206363,0.00156435,0.001658293,0.00175697,0.001633303,0.007125763,0.002048036,0.008629659,0.007664153,0.003137862,0.001578922,0.006508489,0.008944339,0.001613748,0.004580029,0.002239436,0.001684165,0.001280048,0.004724356,0.00307488,0.001539587,0.008936398,0.002360009,0.003715238,0.001910159,0.008601023,0.00173513,0.001496354,0.004025557,0.001757341,0.002147876,0.002957575,0.003559441,0.003445247,0.001539218,0.001165828,0.003515681,0.00151681,0.001852287,0.001300796,0.011245878,0.00266527,0.001530606,0.002932682,0.003169801,0.00525914,0.003017534,0.002262279,0.001255544,0.002536073,0.001487954,0.011176785,0.001877252,0.003216314,0.003861864,0.00908503,0.004441725,0.00136206,0.001851925,0.001715491,0.001404601,0.003297837,0.002193431,0.00412885,0.007192904,0.004780859,0.011941551,0.002050608,0.003512842,0.003544289,0.004361622,0.003831045,0.004292532,0.008822784,0.005078561,0.004676096,0.001383747,0.001682903,0.008020251,0.004174048,0.001392781,0.010679813,0.004390044,0.001422323,0.003304361,0.001758252,0.001851307,0.001453273,0.002208953,0.001589605,0.003712623,1.044238997,0.003453856,0.011987057,0.001423686,0.002129122,0.011788503,0.006121801,0.011639163,0.004396632,0.012251921,0.007122454
JL-049-D1,0.002296657,0.002098742,0.001809103,0.001488918,0.001989885,0.005537976,0.001682176,0.001665606,0.001517096,0.001505134,0.004816573,0.002178823,0.002671443,0.001986377,0.002263996,0.002166041,0.002201891,0.002684845,0.001959566,0.001560309,0.001829952,0.001696924,0.001819043,0.002187659,0.00565447,0.00785394,0.002218193,0.001752405,0.001862213,0.002659264,0.005158783,0.005398376,0.001895127,0.002070448,0.001310337,0.002825393,0.002536283,0.001507994,0.00191902,0.003271277,0.002082888,0.001685947,0.002560533,0.001844412,0.004590469,0.001580185,0.006884535,0.00142179,0.002823923,0.005666305,0.005744405,0.002886233,0.002982596,0.001656118,0.001897531,0.002092065,0.004820727,0.003289786,0.002450257,0.00332729,0.001817435,0.002899917,0.003233035,0.008351556,0.004367396,0.001819746,0.005064891,0.002609289,0.005657005,0.006404782,0.001956392,0.004126663,0.00320399,0.004302289,0.004680861,0.001954337,0.002519671,0.001629947,0.004828606,0.009413594,0.00182868,0.00542953,0.006080446,0.005670925,0.00503375,0.002623666,0.006908054,0.007525948,0.005576883,0.003837861,0.011054786,0.007613413,0.004196325,0.008136867,0.002359732,0.004410271,0.00515404,0.00330913,0.001961807,0.007058499,0.00431656,0.007185697,0.006805881,0.001461508,0.001730812,0.002242089,0.002424939,0.002239321,0.00404635,0.003453856,1.058128854,0.005032808,0.002158839,0.005744469,0.00571225,0.007665797,0.00282368,0.005510331,0.004759525,0.0087348
JL-056-D1,0.001863299,0.004387711,0.001211487,0.001485752,0.002963819,0.001909887,0.002636279,0.001443146,0.001393171,0.001709833,0.005473572,0.003187186,0.00665368,0.001826573,0.003269354,0.001914251,0.001099645,0.003028122,0.002104148,0.001110482,0.001434426,0.001479552,0.001334067,0.004444923,0.001569374,0.004016642,0.007654342,0.005047893,0.001437279,0.008456443,0.00684071,0.00129634,0.006375072,0.001835961,0.001224252,0.001172597,0.002712389,0.002164094,0.001626672,0.004254295,0.005373761,0.001357029,0.002996832,0.004278727,0.001576106,0.001305213,0.006076316,0.001376615,0.00231189,0.004650274,0.004433851,0.002442229,0.001752629,0.001127126,0.002291653,0.001549592,0.001539083,0.001157072,0.006085059,0.002797217,0.001623585,0.005823059,0.006340026,0.009316769,0.006933297,0.002235262,0.001272555,0.002991443,0.001258074,0.00918613,0.002658614,0.00557902,0.006128038,0.010546141,0.0014892,0.001451449,0.002439846,0.001701809,0.001496287,0.004620038,0.002168751,0.009503887,0.011794758,0.004241832,0.008614133,0.002006895,0.004263528,0.003842313,0.00598638,0.006410776,0.008733601,0.013081716,0.007237802,0.007623374,0.00140135,0.001288719,0.010952164,0.002038713,0.001439229,0.014629435,0.007767452,0.001458975,0.006241407,0.001788515,0.003707772,0.001590294,0.002062619,0.001735923,0.00664951,0.011987057,0.005032808,1.01644182,0.001420687,0.002277932,0.014498469,0.006000259,0.004085495,0.007170586,0.010778542,0.008819243
ZR-231-D1,0.001514008,0.002144219,0.00350251,0.002289384,0.003263572,0.002200358,0.005882169,0.01345663,0.004108771,0.001818025,0.001318614,0.002050659,0.002658343,0.002967572,0.006096284,0.001836369,0.006759815,0.001850197,0.002760378,0.001686044,0.002023766,0.003165095,0.002193973,0.003552243,0.001535179,0.001544343,0.001537526,0.010144012,0.005315687,0.00146049,0.001945242,0.001926277,0.001667975,0.001635081,0.001916342,0.002666226,0.003665654,0.001379413,0.007260519,0.002020821,0.003637161,0.001969894,0.004344665,0.002156898,0.005191801,0.001936463,0.001649724,0.001802656,0.002420723,0.004103102,0.002592463,0.001369467,0.004317847,0.007130345,0.001461646,0.010066755,0.005044225,0.003698793,0.001431536,0.007834789,0.009377506,0.004609511,0.005371434,0.001785235,0.002497231,0.006106199,0.007815886,0.004075135,0.002980499,0.001426462,0.00276224,0.00451589,0.006199133,0.001348563,0.003867746,0.006523042,0.004782799,0.011985203,0.007010875,0.001694032,0.003240146,0.00135437,0.001705363,0.001925178,0.001557776,0.008483434,0.004274802,0.001896484,0.003140058,0.005920245,0.001815148,0.001366264,0.001672212,0.001870838,0.016964036,0.004988813,0.001497846,0.003403386,0.008236281,0.001756921,0.001518111,0.005648972,0.004711431,0.0033316,0.00622765,0.014332781,0.004376591,0.011059781,0.002523734,0.001423686,0.002158839,0.001420687,1.042133105,0.003873149,0.001659925,0.007018517,0.004174969,0.001873575,0.001697864,0.001750008
JL-039-D1,0.001288709,0.00276329,0.001803808,0.001587783,0.001956301,0.005708567,0.001719308,0.002400859,0.002122938,0.003727412,0.001832202,0.001857918,0.002452155,0.003783888,0.002714523,0.001746813,0.001969977,0.005868487,0.002651173,0.002074596,0.002290883,0.003316617,0.002234596,0.002035512,0.001358828,0.002604355,0.001879517,0.001910252,0.005884406,0.001866725,0.004720421,0.001634945,0.001827838,0.001445727,0.001536719,0.001768781,0.005473806,0.001571836,0.007132677,0.006834005,0.003496927,0.001550112,0.001740693,0.004883024,0.002241739,0.001548854,0.005780636,0.003054389,0.006865276,0.008737551,0.004564063,0.00339279,0.004712431,0.004949814,0.001614268,0.006353736,0.001973051,0.00259366,0.001934494,0.004380697,0.00354723,0.005773533,0.005605483,0.005836902,0.009185166,0.00200827,0.007311475,0.005423935,0.002604516,0.004899125,0.002231637,0.006557107,0.005559083,0.002234166,0.0018753,0.0051934,0.00559496,0.002274789,0.004486583,0.008460182,0.00548059,0.005047157,0.002384092,0.001880957,0.005100062,0.002560444,0.003232099,0.003007612,0.003902141,0.005833692,0.004928574,0.002878098,0.003391351,0.004326501,0.002812316,0.001710181,0.002144624,0.006220412,0.003056604,0.002225839,0.002424396,0.003897106,0.003622485,0.003028085,0.002847837,0.00516139,0.004993497,0.004405532,0.007158027,0.002129122,0.005744469,0.002277932,0.003873149,1.061923006,0.002168429,0.004737022,0.003133601,0.004922931,0.00536656,0.004205679
JL-043-D1,0.001715984,0.00248222,0.001241322,0.001732755,0.004514544,0.001833788,0.00265616,0.001575404,0.001254599,0.001696203,0.005934879,0.002451386,0.007235776,0.001716613,0.004537671,0.003617339,0.001245869,0.003014679,0.002079807,0.00135252,0.001346876,0.001395027,0.001397066,0.002322839,0.002479851,0.004847726,0.00563865,0.004596345,0.001512483,0.007750336,0.003838482,0.001226672,0.003189877,0.001922935,0.001252033,0.00123688,0.004481414,0.003006308,0.001604872,0.004652848,0.003393043,0.001434948,0.001872156,0.00271679,0.001500937,0.001409013,0.007763848,0.00261691,0.00273073,0.006277505,0.004503439,0.003134748,0.001730421,0.001275584,0.002354939,0.001535959,0.001682202,0.001209482,0.009968392,0.003771752,0.001785579,0.008902438,0.007574659,0.005432177,0.005096689,0.004228864,0.001328722,0.00288964,0.001604828,0.008834408,0.004421554,0.005856518,0.006017854,0.008700761,0.002382431,0.001661585,0.002153874,0.001613237,0.001377378,0.003349193,0.003350966,0.007501558,0.007769355,0.004453471,0.00752134,0.00220026,0.003373332,0.003359432,0.003787228,0.008257806,0.006982928,0.007507545,0.004770436,0.005192876,0.001421906,0.001461256,0.008336081,0.003495826,0.001620767,0.013877361,0.011034061,0.001485805,0.006765502,0.001930989,0.003945325,0.001446655,0.005346727,0.001786913,0.006169456,0.011788503,0.00571225,0.014498469,0.001659925,0.002168429,1.025875518,0.003335361,0.008203159,0.005291488,0.00833417,0.009416959
JL-045-D1,0.001112174,0.003053384,0.001565645,0.001081644,0.001566371,0.001780312,0.001499117,0.005493438,0.001558617,0.001289833,0.003183954,0.002581693,0.003689439,0.002150318,0.005190413,0.001335429,0.004045416,0.004002064,0.001682633,0.001186107,0.001290475,0.001588182,0.001622555,0.005013288,0.001221086,0.005377693,0.002341637,0.00176884,0.004378469,0.00323004,0.014313467,0.001193582,0.00176667,0.00148126,0.001226929,0.001767929,0.00472693,0.00108463,0.005559595,0.006459246,0.002128324,0.001237426,0.001510249,0.001720587,0.001671091,0.001457649,0.003459427,0.001171911,0.005064965,0.006388096,0.003877098,0.002106534,0.002231174,0.001852169,0.001642611,0.008259183,0.0014962,0.002775111,0.002334716,0.005206757,0.003421885,0.006346927,0.00442698,0.012645741,0.004954413,0.001534008,0.003291678,0.003545467,0.001700116,0.003908947,0.001448881,0.006210525,0.003326705,0.005699178,0.00251591,0.002446884,0.005667397,0.003071246,0.00578634,0.005364975,0.002194672,0.004389712,0.009715957,0.00169079,0.006544311,0.001988534,0.009664148,0.004947797,0.012064676,0.009692384,0.010261697,0.009943058,0.006707332,0.008775551,0.007065498,0.002074931,0.005133932,0.002883703,0.002530746,0.006736962,0.007029562,0.001871361,0.004638516,0.002508068,0.003728247,0.002725807,0.001689081,0.00603227,0.006210732,0.006121801,0.007665797,0.006000259,0.007018517,0.004737022,0.003335361,1.015028628,0.003089396,0.012485865,0.009505004,0.009329099
JL-047-D1,0.001589257,0.002263457,0.004707923,0.002076269,0.006484857,0.003672809,0.002912603,0.00468442,0.004755333,0.002117064,0.002014728,0.001726219,0.002813297,0.0021883,0.001805318,0.001763227,0.003433978,0.002326857,0.00220609,0.001418448,0.001675626,0.007496287,0.001590925,0.002127119,0.001578241,0.004814361,0.003002027,0.005364322,0.00171017,0.002154044,0.004088579,0.001564328,0.002097369,0.001718441,0.001227423,0.001754522,0.002891669,0.001417677,0.005624866,0.006991698,0.005650893,0.001418459,0.005568416,0.002315232,0.003788089,0.001335638,0.00230896,0.001761395,0.002292818,0.002843779,0.003617944,0.002248616,0.002042069,0.002814636,0.001865404,0.002287873,0.005719365,0.002726111,0.00767584,0.007904437,0.005389544,0.005287629,0.002345331,0.006037907,0.003274764,0.005511797,0.002238339,0.005573753,0.002002471,0.011855933,0.001990976,0.002547179,0.00543686,0.003127924,0.002630077,0.002286649,0.006836619,0.005428205,0.001875803,0.002915636,0.004763722,0.003451193,0.005531982,0.002266894,0.006848862,0.007891418,0.002972186,0.00331385,0.002852493,0.002885881,0.003410213,0.007726273,0.003863428,0.006887903,0.006124102,0.001385157,0.005779907,0.009977498,0.006316138,0.006955291,0.005601847,0.002383798,0.003968436,0.00224054,0.002250431,0.003148995,0.002322938,0.003221911,0.005602999,0.011639163,0.00282368,0.004085495,0.004174969,0.003133601,0.008203159,0.003089396,1.040439851,0.005473477,0.008153592,0.005873158
JL-067-D1,0.003594738,0.002003275,0.00115281,0.001376975,0.001511511,0.002342882,0.002468503,0.001357685,0.001232831,0.001879126,0.005364434,0.003309743,0.003706167,0.001388862,0.002044764,0.001439988,0.001222415,0.002681137,0.001934904,0.001085471,0.001124212,0.001396953,0.001280628,0.002534628,0.002515387,0.003257353,0.003112789,0.004789641,0.001327079,0.005746331,0.009699685,0.001180208,0.002267242,0.006071313,0.001092173,0.001542489,0.001777066,0.001542012,0.001433543,0.007660006,0.003753829,0.001110053,0.00148852,0.001436828,0.00143387,0.001200203,0.007201624,0.001444917,0.004497501,0.003322151,0.003431457,0.005288726,0.002242183,0.001496848,0.001804836,0.004551066,0.001319125,0.001377027,0.003089939,0.002162438,0.001651018,0.003084365,0.00446805,0.013025368,0.004830488,0.001884878,0.00181748,0.002498566,0.001141563,0.00673969,0.001775486,0.004269313,0.005025245,0.007042637,0.001142956,0.001507723,0.006882347,0.001566882,0.00202242,0.004153105,0.001772749,0.007394231,0.012760049,0.001685398,0.005039554,0.002499465,0.013785742,0.007235701,0.009391142,0.006112964,0.015268006,0.013746634,0.009279989,0.008167914,0.002290802,0.001126023,0.013162643,0.001638913,0.001422685,0.011881808,0.007560535,0.002814905,0.008816012,0.003596886,0.001604946,0.003024045,0.002504293,0.001697653,0.007814722,0.004396632,0.005510331,0.007170586,0.001873575,0.004922931,0.005291488,0.012485865,0.005473477,1.023392238,0.006742209,0.007500333
JL-069-D1,0.001014716,0.002284067,0.001020029,0.001010508,0.001378052,0.001811687,0.001398084,0.001236051,0.001016092,0.001015325,0.002922895,0.00204063,0.003540596,0.001501763,0.002014818,0.001264582,0.000986261,0.003079096,0.001581214,0.00097371,0.000888599,0.001217287,0.001097392,0.003068762,0.001075367,0.003835315,0.002947652,0.001810593,0.001249331,0.004661921,0.010598131,0.000920883,0.002091165,0.001261936,0.000822932,0.001216719,0.002832227,0.001158803,0.001520945,0.006892983,0.001928715,0.000904033,0.001462033,0.001783564,0.002452887,0.000945044,0.00624595,0.00112788,0.003193197,0.004453589,0.008393617,0.002600498,0.001361935,0.001101526,0.001567201,0.001803878,0.001080207,0.001196445,0.004694308,0.005338806,0.001344362,0.006538039,0.006429091,0.01186286,0.007629233,0.001791496,0.0012267,0.003300032,0.001384692,0.008400555,0.001470439,0.004416707,0.00275834,0.005006723,0.001171833,0.001261771,0.002050483,0.00177728,0.00162391,0.004442951,0.001921103,0.012313238,0.008612079,0.002015768,0.014325637,0.002110914,0.00792805,0.004363769,0.005046178,0.004959783,0.008550987,0.014464171,0.006463987,0.011517052,0.0015289,0.001004289,0.006796804,0.002381316,0.001577858,0.010849521,0.00984251,0.001305535,0.007362821,0.001764202,0.001717612,0.001568488,0.001628382,0.003972706,0.011588137,0.012251921,0.004759525,0.010778542,0.001697864,0.00536656,0.00833417,0.009505004,0.008153592,0.006742209,1.036379279,0.01325335
JL-068-D1,0.000927081,0.004560081,0.001138323,0.000968278,0.001436349,0.002247725,0.00153407,0.001357493,0.001228201,0.001095748,0.002763947,0.002613897,0.003706419,0.003681519,0.002602309,0.001555095,0.001043975,0.003528913,0.001882551,0.001053126,0.001253257,0.001431397,0.00119952,0.002436363,0.001091046,0.005820514,0.003041836,0.001630657,0.001421469,0.006083011,0.008476586,0.000994391,0.002068935,0.001390627,0.000907393,0.001097376,0.002571484,0.001039211,0.001722198,0.011380058,0.003169972,0.000865264,0.001400147,0.00157686,0.001573198,0.001037332,0.003825595,0.001150465,0.003013808,0.00631291,0.0066977,0.003216652,0.001858181,0.001225911,0.001413334,0.001769089,0.00123795,0.001222992,0.004330088,0.008296807,0.001731066,0.004907174,0.007578969,0.01145049,0.009641687,0.001618533,0.00146051,0.00564798,0.001240753,0.007571377,0.001856933,0.004705764,0.002518151,0.004565258,0.001141394,0.001988919,0.002245593,0.00189238,0.001774933,0.004246941,0.003126841,0.016188731,0.007739756,0.001665837,0.010657198,0.002294056,0.007446787,0.006636823,0.009916677,0.01112566,0.007512005,0.008981667,0.008350879,0.009243819,0.001715631,0.000948429,0.00569944,0.003067425,0.001735818,0.009925239,0.008066204,0.001419822,0.009838989,0.001634078,0.001879865,0.00174263,0.00188737,0.001977882,0.009913852,0.007122454,0.0087348,0.008819243,0.001750008,0.004205679,0.009416959,0.009329099,0.005873158,0.007500333,0.01325335,1.023423991
