"","10168","10295","10298","3001","8002","8003","8004","11002","14001","15002","17001","17002","17003","17004","17007","18001","20002","27005","27008","28001","28004","28005","28006","28008","28009","28010","28011","28012","29005","29007","29014","29015","29016","29017","29019","29022","29023","29024","32001","32002","32003","32004","33007","33016","34002","34003","35016","39001","39003","39004","39005","39010","39013","39016","39019","39023","40002","40007","40009","42001","42007","42010","43008","43009","43010","43012","52007","52008","52015","52025","59004","69001","69007","69008","69015","69016","69017","69019","69020","69021","69029","69033","69035","69040","69045","69048","69052","69060","69064","69065","69068","69073","69076","75001","75002","75003","75004","75006","75007","75008","78003","78012","78013","78015","78020","78022","81008","81011","81012","84002","84003","84004","84006","84007","84008","84009","84010"
"10168",1.04341356433931,0.00536976053297268,0.00753357491906927,0.00836824082298638,0.00450470370479451,0.00175352773041221,0.0017998727187753,0.00602933423393025,0.00207949915941631,0.00257577623042964,0.00520137250569393,0.0042288083693597,0.00741813975713362,0.0031557366329512,0.00196564240310682,0.0017837458490015,0.0025639967678459,0.00563689424849041,0.0018697193213701,0.0023344737267555,0.00168875281793762,0.00187611518846714,0.00216580683070291,0.00626796272419563,0.0021365809249839,0.00322764533513695,0.0105173556555936,0.0132143064999443,0.00272620991004949,0.00234981398528858,0.00549590766246314,0.00306226179077162,0.003576038215137,0.00504758698672293,0.00505580639306327,0.00251640377040126,0.00267017172648821,0.00226689162549528,0.00379498706878294,0.00464522665015518,0.00193412335034953,0.00179300813894604,0.00529634926384676,0.00389864664841997,0.00267733982096978,0.00735025706078883,0.00185060157740054,0.00227224402070487,0.00194109534475713,0.00887956976031421,0.00504189233312022,0.00449669731669788,0.00260126099812178,0.00239041008735619,0.00607700923346569,0.00253840493597904,0.00273715862508739,0.00225077891532042,0.00279922426725095,0.00512915661427122,0.00584571590271366,0.0106720987893054,0.00515162862063315,0.00247429904176745,0.00463809637468932,0.00247414673813264,0.00181821934723961,0.00401613907345979,0.00235003573867482,0.00822919502386535,0.00468731220332632,0.00389066787512327,0.00160730332626406,0.00595866992947002,0.00145264413887629,0.0017636349167604,0.00694420680393729,0.0019200729598609,0.00244417153404563,0.00180753522920413,0.00227701696215202,0.00576109815142704,0.00643586300516656,0.00291855046531593,0.00336071939266176,0.0054576631169074,0.00238146150754239,0.00205387310224976,0.00406354064257189,0.00232531417190745,0.00262549343909733,0.00584798669512326,0.00200939192959525,0.00581650267998975,0.00828757754685624,0.00204149156374889,0.00204678663243722,0.00168092006049822,0.00371793234015312,0.00445637842654263,0.00443462815898286,0.00229583444602456,0.00306119439659871,0.00569790078850439,0.00776418916145716,0.00820608448981669,0.00183836870537521,0.00351100045027171,0.00422699551535659,0.00236411680356017,0.00170777638242508,0.00324734762723274,0.00519653697480093,0.00668753745332752,0.00164462431763745,0.00176522383367501,0.00224935009146053
"10295",0.00536976053297268,1.05053371740846,0.0118939887504834,0.00961083160684901,0.00416150370317326,0.00219292589719938,0.00240760486906298,0.00489086359524363,0.00298524682263722,0.00705580596102817,0.00465448581651355,0.0126138257772662,0.00566069223027383,0.0115405352664832,0.00206704873406575,0.00167181737681523,0.00621117094061024,0.0109986036235671,0.00192235162680687,0.00524205820306962,0.00504511288412615,0.00220159077223349,0.00191869403878549,0.00196365019524641,0.00202849794488325,0.00164229328728142,0.00240428282868841,0.00281863278948473,0.00355097152936237,0.00286719738468788,0.00435396507754551,0.001693510698786,0.00468848184969951,0.00909644986128831,0.00637686696138719,0.00256120607135728,0.00180952392908454,0.00476679682151375,0.0030183511935782,0.00456594657981011,0.00432674234822763,0.00168736549051191,0.00285477476413784,0.00851815947542176,0.0029695525270308,0.00598589435359092,0.00508949953537667,0.00246230179782312,0.0024047613363731,0.00140221469287591,0.00933361137691731,0.00317413417852843,0.00546856563471558,0.00422871638208506,0.00651963859579391,0.00455626793008794,0.0118378759923253,0.0027111742183145,0.00208206487005734,0.00251339758760132,0.00773936559773364,0.00218867051129718,0.00664995730292641,0.00719599386098624,0.00764191191661278,0.00449275307379463,0.00302876340538395,0.00200314206949617,0.00794335014645227,0.00491436562506924,0.00571601827905863,0.00217380546236079,0.00272333792387985,0.00618251118553075,0.00193050218196045,0.00461368860083958,0.0017437652726427,0.00145578129099185,0.00141128542483896,0.00155345874982575,0.001945272487414,0.00136851268929797,0.00227875424727683,0.00254991991775514,0.00417113629013578,0.00133442036205201,0.00306678693551963,0.00138988239147365,0.00193659804725647,0.00120983887684656,0.00555575428643408,0.00175012520088445,0.00204035859774109,0.00668872187512866,0.00493606685956198,0.00232561306089658,0.0017731180724338,0.00132653532589211,0.00186793073078733,0.00247916797632307,0.00242242823247052,0.00164276497568441,0.00127302283141436,0.00208543148423968,0.00145552853387093,0.00147927940695234,0.0051860868887137,0.00152528428285281,0.0080138214333702,0.00217108147384453,0.00269901134899315,0.00171378213514388,0.00133547366701066,0.00246614636046161,0.00197626577145406,0.00145480959219593,0.00174067236385804
"10298",0.00753357491906927,0.0118939887504834,1.05604529245538,0.00761104526978706,0.00572395428275714,0.00642785007835104,0.00262327356816196,0.00256358029066133,0.00478567775724752,0.00294343005075766,0.00673592535543062,0.00901216908863132,0.0060029894251904,0.00387093882501897,0.00252852430553934,0.00244370343641146,0.00331809475045031,0.00597482800777337,0.00222747868517699,0.00378155389806126,0.00628767020576753,0.00371615113027366,0.00279558636881267,0.00217058790181154,0.00231923623237854,0.00342798405687716,0.00768931238433464,0.0061444981252955,0.00264507408256778,0.00222414878695228,0.00198598541296426,0.0029767474012807,0.00197978467374668,0.00388947056004361,0.00372582533775271,0.00216236791802904,0.00213866675782705,0.00259588343460209,0.00509992936497349,0.00608829585057473,0.00473814685508879,0.00221314554769818,0.00676677430364228,0.00764313206072443,0.00413948410371233,0.00713550819222386,0.0104816931909933,0.0058903146424916,0.00586546362434736,0.00201009038801176,0.00329550203875174,0.00504955313165696,0.00268606439024977,0.00233448030628777,0.00212145446379374,0.00229021143623174,0.00892470732536422,0.00228956878694699,0.00513443711080308,0.00612417201493822,0.00207793773635189,0.00166373793853199,0.0142114871404554,0.00880386954480147,0.00259093919036659,0.00899831451010305,0.00286244623124252,0.00233212142086438,0.00382286949068275,0.00432594686570391,0.00338877616268405,0.0022427857669296,0.00344433889863185,0.00217168303701486,0.00230431211821326,0.00691052927526531,0.00165339735822212,0.00155777849477194,0.00169078649631792,0.00158607598611579,0.00216877601098274,0.00181400986122991,0.00199185739395884,0.00342997212720985,0.00157746287880184,0.00189164909144856,0.00431537128095565,0.00177436705510848,0.00171402933307372,0.00136903073149238,0.00224033656279815,0.00162838200143531,0.00204972498202794,0.00444791830499576,0.00491672594875224,0.00290373293189621,0.00245585711567396,0.002159451222415,0.00151784785610194,0.00251628100185849,0.00287909160035448,0.00189358597275144,0.0016982125431793,0.00230187815534566,0.00179638419767027,0.00225658376530946,0.00593490552954473,0.00222347194505203,0.00720364550599695,0.0036951944843163,0.00264306823740354,0.00330676967516222,0.00169348380812045,0.00141815221241209,0.00256294690577014,0.00259326032544954,0.00237251673984679
"3001",0.00836824082298638,0.00961083160684901,0.00761104526978706,1.08686902093687,0.00740675395838511,0.00201366746899618,0.00200845928156919,0.00239245813551116,0.00172730456852335,0.00253258595967209,0.0144537137544154,0.00664215075395699,0.00359439807271398,0.00646391948701598,0.00182902971816451,0.00184873925491244,0.00610439523496373,0.00863151788493914,0.00175464578016665,0.00167375164533209,0.00174281487408195,0.00184553278763051,0.00320835230905297,0.00168588959884893,0.00242949862530504,0.00579951790928149,0.00702818339629232,0.0108074794340127,0.00221036501348285,0.00168012663299321,0.00264828042926428,0.00169504405423009,0.00556231834306696,0.00594840862069915,0.0021930491751715,0.00183189648149326,0.00160122793067811,0.00168076081821915,0.0076326572786425,0.00547087595387555,0.00227985250144932,0.00237811743790597,0.00239316914768634,0.00227686061446491,0.00389841914905122,0.0181232531048257,0.00244397906393045,0.00219564863696632,0.00193226920476376,0.00202916256881045,0.00574608600156893,0.0028120731877375,0.00353231951999519,0.00240745658763922,0.00650996036386622,0.00350625306899354,0.0030687848049908,0.00225577663424187,0.0016191812051975,0.00483894818989085,0.00502244923925695,0.00234589789783079,0.00488084451001553,0.0023494487547099,0.00397142841258659,0.0112127311166652,0.00227880585123087,0.00263269009168795,0.00363734620926267,0.00311477987080623,0.00246028278522177,0.00159621242257429,0.00159489858966572,0.00344463375171627,0.00147249325196966,0.00178286857891267,0.0015878819796678,0.00138161717793514,0.00135619131405486,0.00130873728346519,0.00183411314518983,0.00168780922326367,0.00387267832520485,0.00203054951640255,0.00190208329372517,0.00288014055013214,0.00212255065460959,0.00166263258009816,0.0014501381307257,0.00170338255604711,0.00234618597624278,0.00177381960633063,0.0017283666919163,0.00542097847177172,0.00624757180070325,0.00203656186259367,0.00184370186866165,0.00128545862596305,0.00203139765264002,0.00923627390962265,0.00341692454976026,0.00190318358681788,0.00272806787293496,0.00216484873472391,0.00287561331805087,0.00203765987437448,0.0029546794186893,0.00201596467731286,0.00224204252011364,0.00168911383757576,0.0015310348322943,0.00176668424557464,0.0047692803964963,0.00479815964276277,0.00164391067880949,0.00169381168633826,0.00594699419514664
"8002",0.00450470370479451,0.00416150370317326,0.00572395428275714,0.00740675395838511,1.05960258883233,0.00278387584382283,0.00573208704042289,0.00180098712929011,0.00811754398471507,0.00746396090007489,0.011134224097956,0.00462416493714187,0.00346038288933739,0.00833118253129446,0.00483056982696911,0.00626889412961002,0.00539810254629895,0.00254976401790592,0.0100329931312191,0.00286716321225298,0.00260861251549403,0.00218860229505227,0.00273830595813287,0.0018250754752539,0.00572225742975078,0.00257877115763085,0.00564909743954779,0.00594537497262838,0.0042381038243697,0.00193063883862142,0.00162909650263234,0.00199704937662027,0.00216052810275058,0.00228236972307083,0.00187752145795899,0.00559653247598071,0.00483247652983659,0.00304401229059398,0.00870512791596263,0.00659995120737343,0.00256583171285852,0.00239452261616392,0.00192557546379179,0.00287170995336261,0.0040734667752169,0.00705277858634111,0.0023555685464976,0.00932564177531628,0.00231170126009027,0.00206251588377238,0.00215238955836677,0.00733043246020501,0.00478213105681424,0.0050347655144106,0.00211882423826275,0.00326471599101782,0.00247982569423255,0.00675764712600364,0.00173569624878441,0.00524121965643415,0.00172951611913408,0.00187732218830539,0.00612826542727071,0.00214802243293608,0.00500266171967128,0.00246973317365583,0.00201563137604162,0.00254303096084507,0.00498898647892696,0.00333321677680717,0.00662273769256661,0.00209740313104477,0.00287907608591061,0.00249576159096033,0.00474173501174993,0.00273974772870284,0.00168827285310605,0.00253648369208015,0.00208591957586408,0.00217784388570473,0.00237371365853792,0.00183995301703119,0.00171867997727487,0.00233132346800185,0.00161579948496623,0.0045187776713395,0.00244125721957284,0.0054550290769171,0.00162120713806112,0.00193309272386012,0.0028680745211743,0.0017020659360512,0.00550385608741775,0.0060901397588651,0.00351583732852763,0.00367123646592495,0.00358377274904753,0.00223386051659409,0.00167151070836076,0.00491913943543546,0.00268626954138173,0.00253300607333064,0.00230408959221771,0.00263359836385886,0.00217871680247781,0.00182165050923436,0.00545233583724463,0.00444575434199558,0.00200832630101354,0.0026099325571897,0.00946734682301624,0.00254499212146352,0.00246248571819531,0.00141002392189061,0.00375801686679238,0.0023108553859861,0.00499176849482464
"8003",0.00175352773041221,0.00219292589719938,0.00642785007835104,0.00201366746899618,0.00278387584382283,1.02892126487681,0.0110242756572491,0.00124040529336847,0.00196107317939451,0.00230958103903931,0.00621058203862806,0.00286877115141391,0.00727331527546046,0.00200934440267048,0.00239853473083204,0.0111118264296623,0.00244932986467731,0.00589034866727365,0.00254084528314448,0.00262235799161431,0.00496106720634052,0.00406928023287397,0.00539531702604574,0.001986447719841,0.0035396230242751,0.00476813558879578,0.00559825990797747,0.00234258583891751,0.00183139915025772,0.00106639009131741,0.00123739296496575,0.00172717747338551,0.00202478627524001,0.00117182829139751,0.00129997888086961,0.00167461412766138,0.00194735336893212,0.00210179511353229,0.00288204657398576,0.00731906960016403,0.0117013048099747,0.0116667707595227,0.00280628636248072,0.00365997389127091,0.0053009086066065,0.00538333086023476,0.0105231955056102,0.00988763104889022,0.00830654176908945,0.00255898066491934,0.0017182435411117,0.00583263022132378,0.00129814515581997,0.00140614595676149,0.00122587024915818,0.00182683222751834,0.00199116873293104,0.00186042493495029,0.00293602218716877,0.0119644570778073,0.00104619550576048,0.00150956135809599,0.00164163743344612,0.00118596738312587,0.00116567337143123,0.00273249701746008,0.00986610653827115,0.0078699660212925,0.00541593826867521,0.00224243048191333,0.00232070726068024,0.00149941422205876,0.0140032259068833,0.00231634071079052,0.0131118618635244,0.00910435996321961,0.00535962756986679,0.00441398871386635,0.00771038653162828,0.0051577573610225,0.00496174414185872,0.00161249459829758,0.00140104084413995,0.00134712085207813,0.00177950413603456,0.00199324517544302,0.00166676175407923,0.00356880460969288,0.00223715127347999,0.00270625494423296,0.00164842610744813,0.00216169321039527,0.00211142690874526,0.00363746046736541,0.00313540102389848,0.0119118002610096,0.00874142150694933,0.0114324615183292,0.0051342132909244,0.00460494943030692,0.00177139931137316,0.00343445470664661,0.00302972206303193,0.00181980595962055,0.00194359592209072,0.00221277080574822,0.00327083054227882,0.00536574105017397,0.00205185111322701,0.00193208384577293,0.00301999534002795,0.00502970714832164,0.00195032468827238,0.00235567716903091,0.0086052140472121,0.00632517465639067,0.0039332040997696
"8004",0.0017998727187753,0.00240760486906298,0.00262327356816196,0.00200845928156919,0.00573208704042289,0.0110242756572491,1.02861583162204,0.00180369731177649,0.00456148842258663,0.00278313782704174,0.00385549865727602,0.00353795153828014,0.0090853175740112,0.0051361921932654,0.0027064544645278,0.00917989617918142,0.00313645947827372,0.00791963818252954,0.00296378404880555,0.00461151625911845,0.00595304850939434,0.00376943240533029,0.00242716720429888,0.0016680241790028,0.00957487032737636,0.00275189193666588,0.00438585410875807,0.00482883582189889,0.00264307485482483,0.00133235148151069,0.0023148591758914,0.00203085785440934,0.00230875225093011,0.00148907488752021,0.00167856741358414,0.00248354082533443,0.00250658582707481,0.00210750905167962,0.00183685101990236,0.00308482930578031,0.00419487533066303,0.00824814094064854,0.00249922133090205,0.00356531046561474,0.00580882885165319,0.00514152804934281,0.00548228279451066,0.00786822005997379,0.00665315736979966,0.00197588175115086,0.00248880166894202,0.00279225998261557,0.00140914555514821,0.001584319076846,0.00134200462790968,0.00260028833504837,0.00267863741522205,0.00261826846105925,0.00183091142301446,0.00309734723158953,0.00127659563027409,0.00202366978349554,0.00138913237279639,0.00126081083564839,0.00134476264798518,0.00227982296982338,0.0056658917598941,0.0107538016583445,0.00867445115403289,0.00294413385721338,0.00522349794805984,0.00200959048095304,0.0118891234687677,0.00511113785801421,0.00948792452793046,0.010037821461312,0.00422102029232464,0.00975716196043687,0.00348798792157658,0.00528391151912702,0.00697653436826166,0.00185442190127201,0.00169262091633302,0.00161250992150217,0.002769013149039,0.00239430134961634,0.00246253486068992,0.00891439717398388,0.00255542033272242,0.00249625017305201,0.00304298869772899,0.00456239085082067,0.00424184129808958,0.00320100219272498,0.0030229228620795,0.0132101294332882,0.00460363327091924,0.00724305487947968,0.00326371645659076,0.002503752010428,0.00190318260820664,0.00784739385507612,0.00274484555169118,0.0026136203917877,0.00458058132439409,0.00236757084947973,0.00257614512796249,0.00237687984251617,0.00185918447461322,0.00161590569959423,0.00607688881588474,0.00492080198434177,0.00262961750643566,0.00195347062675742,0.00852106707198056,0.00613833445907542,0.00518381502647139
"11002",0.00602933423393025,0.00489086359524363,0.00256358029066133,0.00239245813551116,0.00180098712929011,0.00124040529336847,0.00180369731177649,1.04139309586889,0.00298307397296405,0.00286988503447383,0.00156479405499858,0.0024819407432461,0.00247974827954999,0.00490135416903888,0.00277068778878485,0.00147589551869726,0.00296537800179153,0.00279975565717622,0.00174285245140402,0.00853890516878709,0.00230557350818426,0.00232363263982552,0.00229684449181027,0.010587538019714,0.00214788866193011,0.00188176062662859,0.00358672348942265,0.00157454476224703,0.00324144795585149,0.00464297525173147,0.00789917887710949,0.00649151687330352,0.00306998554141982,0.00426256732022424,0.00642911716977253,0.010344273968567,0.00639458725538733,0.00216517219266827,0.00142169289752593,0.00136422672319883,0.00129606233858017,0.00128654477012751,0.00598611322556719,0.00198947016045934,0.0015651749541286,0.00178042975480409,0.00171420690006049,0.00179989904276554,0.00178814129314628,0.00272400341974518,0.0137462066240875,0.00217802553508937,0.00658178139862742,0.00341364811182487,0.0065530667639257,0.00881128017304633,0.00557967452081901,0.00217147929179736,0.00750477646689609,0.00138131905467095,0.0122029415414395,0.00309382430840256,0.00572479729025027,0.00717839269508996,0.00796256639767219,0.00657728043169323,0.00176491758395641,0.00226392359432097,0.00267973183434704,0.00292220459777199,0.00470932378812877,0.00715439083123589,0.00139867442318361,0.00385526492880921,0.00150847213128913,0.00189175315874204,0.00287510598017213,0.00190110573642811,0.00222451064424706,0.00154383784497536,0.00577189841734941,0.00567665722425446,0.00362783711662483,0.0101838254202116,0.00790464124733337,0.00240188192924509,0.0102812063051747,0.00220226202563061,0.00641066541858751,0.00172857520016117,0.00524616428721184,0.0086296161563361,0.00959999703627729,0.00151012623841122,0.00188519233911664,0.00144641895284887,0.0017391511563899,0.00139117970234807,0.00223860524838363,0.00186615600130914,0.00543976931118138,0.00349489624394906,0.00172280718188159,0.00997103469807203,0.00220491918019381,0.00409732677572614,0.00253179395024219,0.00249166288182368,0.00400998248727713,0.00333938914764329,0.0032891200671564,0.00324948650344495,0.00175159463381519,0.00706954084709921,0.00463366783449579,0.00143531902369397,0.00205383164242612
"14001",0.00207949915941631,0.00298524682263722,0.00478567775724752,0.00172730456852335,0.00811754398471507,0.00196107317939451,0.00456148842258663,0.00298307397296405,1.03447961780988,0.00787011536943771,0.00226166612484675,0.00211206747899539,0.00236268733650105,0.00591575518833327,0.00720610458164275,0.00226436744102131,0.00746487718528655,0.00226954631607768,0.00676267949735182,0.00806997666143545,0.00597616132976091,0.00383065621558842,0.00605521377167242,0.00258265851906952,0.00568620939446702,0.00362824834349015,0.00215326414948265,0.00257548263029859,0.00511105251264434,0.00376926444135824,0.00172385948543897,0.00422014397383236,0.00285937779516494,0.00757791958468584,0.00327556925256562,0.00794742901714997,0.00375779786139711,0.0063097118079987,0.00173550507609736,0.00191928170147727,0.00171870509024194,0.00142278916228782,0.00860154065527844,0.00838286613271363,0.00254632962007483,0.00195972519720696,0.00302869721264296,0.00405094680765525,0.00238223101413384,0.00273467340729597,0.00314144983085212,0.00366630725504288,0.00363251423154918,0.00987583455764662,0.00491354645162616,0.00557691948856926,0.00621692940427254,0.0122496732388192,0.00290170011362063,0.00238669152738805,0.00247273339508779,0.00512812241712459,0.00548916556828008,0.00780492475599644,0.00438344513597447,0.00542738790380946,0.00169872066197021,0.00193654188041268,0.0053601140172757,0.00357054412146345,0.00681861182125033,0.00538796591805176,0.00259053700982123,0.00189824089680848,0.0030488634393424,0.00250037874699775,0.00130796608072031,0.00195354919319164,0.00156071830126198,0.00153900068493421,0.00271320948043121,0.00242221523689048,0.00255332081487594,0.00303883073632833,0.00180676798791906,0.00484321476577354,0.0033374805562236,0.00221469281076008,0.00190277312751169,0.00223666860824101,0.00742109201268398,0.0019188850783364,0.00628031352804486,0.00232985565584134,0.0021804115912982,0.00238915219375057,0.00231379448693402,0.00167629441155933,0.00153608534059208,0.00158465109016327,0.00482049127181511,0.00260839240047694,0.00264900608917486,0.00987594171816133,0.00515965326461069,0.00312434646379174,0.0110824041693939,0.00185007932030033,0.00382138725496509,0.00659088602319469,0.0100093657867741,0.00471367882461127,0.00268863772209763,0.00152357153208891,0.00511870487592049,0.00255447709110572,0.00288120927834758
"15002",0.00257577623042964,0.00705580596102817,0.00294343005075766,0.00253258595967209,0.00746396090007489,0.00230958103903931,0.00278313782704174,0.00286988503447383,0.00787011536943771,1.03777616699817,0.00232791727981174,0.00427354187979657,0.00496124224855981,0.0133487055575137,0.00254630192448449,0.00197187848950112,0.0125792198875309,0.00453786884978534,0.0077676107769198,0.00316912094047602,0.00253412446299057,0.0045206472242614,0.00240630452873009,0.00203216348768449,0.00215469042215931,0.00199961266685711,0.0019669967233317,0.00190281103255369,0.00683482190881154,0.0033246562680325,0.00262976080092626,0.00188770359302571,0.00266052000774891,0.00582438797344491,0.0041945068380417,0.00368445655342779,0.00285769906078549,0.00668470200406136,0.00207571283269369,0.00195927671731396,0.0022330316713982,0.00192593216029072,0.00251103321625067,0.00746090445247484,0.00499603784673628,0.00202963274320681,0.00278661241821953,0.0115111238673725,0.00683607825013825,0.00357643772212839,0.00618740353531268,0.00671554956662431,0.00777228027974121,0.0116614387423282,0.00335126757002772,0.00374144373068062,0.00984226950910154,0.00946728446943173,0.00217182258287092,0.00193467327576807,0.00511687553397667,0.00193957321061008,0.00464903096929783,0.00504575256358115,0.00863395284151714,0.00513742169043596,0.00193942020321508,0.00209855426503704,0.0118408880138118,0.00387969454346429,0.0112852990402312,0.00506945522827249,0.00847965327663426,0.00269618201337215,0.00196883994119836,0.00190046146834717,0.00158864261831907,0.00136879140471081,0.00153073215019954,0.00133395428463106,0.00220808296043454,0.00145123395457042,0.00301381334571978,0.00274581837290978,0.00264178339906058,0.00176374067169688,0.00234407163228861,0.00167414433856282,0.00295125923374833,0.00134914442766316,0.00598334888881346,0.0018143909118964,0.00223099002318654,0.00694697667287873,0.00265375808706898,0.00603889376313053,0.00190406570337532,0.00191080353685752,0.00145116082138121,0.00224154482829013,0.00548560854511828,0.00175540959524355,0.00173714798164844,0.00238148245280267,0.00186542371418294,0.00198045281782276,0.00651755804401332,0.00196220291297879,0.00643056779184144,0.00335704681078762,0.0055780143426449,0.00217006734820105,0.00157449736697039,0.00169808250341959,0.0019781601536796,0.0019994259743022,0.00189818202629403
"17001",0.00520137250569393,0.00465448581651355,0.00673592535543062,0.0144537137544154,0.011134224097956,0.00621058203862806,0.00385549865727602,0.00156479405499858,0.00226166612484675,0.00232791727981174,1.06727549592136,0.00953726959388787,0.00275579203532167,0.00483048141572712,0.00334762756873213,0.00569914223115853,0.0018345294526502,0.0028118731185995,0.00274711661775085,0.00183113244044214,0.00255370881032188,0.00340065847767541,0.00648491318629182,0.0019045447572388,0.00584466483804741,0.00452743018573424,0.00679796147766348,0.00705840198085405,0.00206864671012854,0.00145486015474619,0.00171368422027374,0.00186193642585035,0.00306452751198369,0.00151317497899876,0.00151206895366512,0.00181047932560689,0.0028194235350739,0.0017654759200005,0.00947515452211837,0.00783206732233984,0.00333834323769379,0.00561325362031481,0.0020041424315302,0.00222047179500456,0.00648748848424048,0.0104888313046931,0.00661897323678144,0.0031395079999852,0.00497215166845312,0.00202799875743014,0.00180430864011691,0.00474749605516851,0.00616746844394894,0.00247356935596016,0.00210534437518926,0.00274261986624058,0.00196588946169111,0.00213446451639277,0.00169720646927619,0.0086176234533732,0.00157334949659977,0.00171192618612076,0.00479349991185128,0.00168820681538874,0.00298206510974951,0.00754135124970734,0.00312558297465673,0.00260974016737858,0.00205469504233795,0.00263680856773343,0.00711461116876443,0.00139688948908621,0.00528603971436966,0.00384444887577495,0.00524445019722723,0.00297260203882323,0.00190494435935946,0.00427215359781174,0.00323228475995727,0.00238995028075512,0.0021032748050503,0.00164445602935243,0.00187056147767086,0.00288746853510124,0.0016081852538242,0.00264032403770372,0.00199369485735284,0.0060078670889226,0.00149117359215358,0.00236782551803435,0.00194101706263852,0.00174916980791284,0.00234576586133881,0.00694094134706627,0.00494697837775623,0.00284027392937977,0.00242919817501975,0.00261885466923418,0.00172692243529022,0.00630456628128433,0.0028164600928316,0.00218633048961156,0.00267906383616672,0.00178274976258511,0.00240523368741677,0.00232861779558887,0.00563914215386814,0.00266090457571733,0.00227263127414084,0.00207285536162659,0.00232469873780136,0.00208033798904911,0.00494299023383461,0.00157516583845341,0.00287369968052953,0.00541927924456412,0.00626210042082469
"17002",0.0042288083693597,0.0126138257772662,0.00901216908863132,0.00664215075395699,0.00462416493714187,0.00286877115141391,0.00353795153828014,0.0024819407432461,0.00211206747899539,0.00427354187979657,0.00953726959388787,1.06082056610622,0.00553650201447096,0.0133920319862222,0.00456235842579977,0.00262510864658106,0.00264677376301001,0.00938848404543412,0.00191017798075014,0.00247844847236604,0.00399697001389667,0.00286644185115274,0.00302656658423515,0.00303624605147739,0.00390652262048049,0.00209560215680592,0.00230291631619745,0.002899842066447,0.00249025630296944,0.00498163596227924,0.00626933997935857,0.00169929764880711,0.00205414457083737,0.00287146984592167,0.00422088486612263,0.00210178393870751,0.00201597143310409,0.00456798975683557,0.00386467837307389,0.00639251302489688,0.00340196127038274,0.00239026582657833,0.002517483180094,0.00327510499401712,0.00477305676417594,0.0063281076241985,0.00434150076874892,0.00274960040861234,0.00530148465308486,0.00155556337302113,0.0076355697302031,0.00373288992262404,0.00612719973039376,0.00308540086087195,0.00241741212030491,0.00199519164600079,0.00515147194328128,0.00189706406384539,0.00203270132972926,0.00524064888894123,0.00276456237809727,0.00148946097588247,0.0069874266635518,0.00657245629639913,0.00280613919498928,0.0050115179356129,0.00499917767904672,0.002603851328387,0.00618098337761863,0.00249501993978716,0.00510059460700841,0.0018108995267681,0.00282775961250748,0.00656127009292626,0.00278997399798703,0.0049654285820924,0.00217364747432562,0.00302341600108398,0.0023842652943935,0.00463471544018882,0.00165186820656233,0.00143761501359769,0.00211801402802955,0.00233829385715235,0.00452398156935555,0.0018483557735716,0.00236090481518144,0.00359390159088629,0.00244035171970635,0.00169542940608141,0.00249174648504935,0.00178516701722574,0.00214941158911267,0.011465300486836,0.00389128969635389,0.00278810582727991,0.00198353997079314,0.00219822432512748,0.00172930957221145,0.00261859197916994,0.00551425175856035,0.0016703119325181,0.0014345399482525,0.00173487897883645,0.00149682257555447,0.0015406257626013,0.00594166758470197,0.00202538755598067,0.00846287051473369,0.00458062366004771,0.00214103351187495,0.00189602572045179,0.00161701643568922,0.00170095519944702,0.00352932110551546,0.00251430127609281,0.00429637064318842
"17003",0.00741813975713362,0.00566069223027383,0.0060029894251904,0.00359439807271398,0.00346038288933739,0.00727331527546046,0.0090853175740112,0.00247974827954999,0.00236268733650105,0.00496124224855981,0.00275579203532167,0.00553650201447096,1.03022762755649,0.00964439604629719,0.00553644928394846,0.00811084777337335,0.00620787768770428,0.00938936258194427,0.00232264091363284,0.00253775514363294,0.00509622321220531,0.0025532597567928,0.00204161533431907,0.00167530302931815,0.00296614276559989,0.00226005427279734,0.00268229597730729,0.00473617973474296,0.00831172885765357,0.00211996921625199,0.0023932368576623,0.00170988895737857,0.00252476270403121,0.00237835359277622,0.00434379996969703,0.00317852744159221,0.00285216877519029,0.00238501724460959,0.00216822317953554,0.00253979813621298,0.00294907524262905,0.00314956238296961,0.00276314818746261,0.00490075054019945,0.00747860021836617,0.00524592611149064,0.00341246914895368,0.00834815209297944,0.00836734026672342,0.0019425879065835,0.00477137884042586,0.00687236238062517,0.00361552814979866,0.00254762348256483,0.002312873823692,0.00498930380703915,0.00471169699624056,0.00238948963439957,0.00263428692081915,0.00289398921974005,0.00225730053015127,0.00179284372386454,0.00487820202888221,0.00240244970330699,0.00232307601604553,0.00459140131905036,0.00252674343915616,0.00665465075086294,0.0121704398991419,0.0101435204433663,0.00630821671878499,0.00249019761598812,0.00620306801770812,0.0058629180434025,0.00366967399011671,0.00830929891760044,0.0023954947854096,0.00343758329687102,0.00205368530290835,0.00237700564874726,0.0058366661218447,0.00167233201499711,0.00224906816840325,0.00280562849048076,0.00216221596979671,0.00188204143443188,0.00553784327668988,0.0035682249443379,0.00220948905307637,0.00178271370671509,0.00565339871352646,0.00224574100986273,0.00418958150442436,0.00660298762690535,0.0072664209286948,0.00757745736535826,0.00414513441423458,0.00543878816349261,0.00206553803870886,0.00273403034319983,0.0035415288937616,0.00541428972936732,0.00199198228713213,0.00196422209671167,0.00169470284000484,0.00199978201784434,0.00234807461289818,0.00203465703813261,0.00484375016599118,0.00202747656549249,0.00380115090221648,0.00497787012017607,0.00173970459565719,0.00183709448954055,0.00353579167023097,0.00270298713112103,0.00374879588723904
"17004",0.0031557366329512,0.0115405352664832,0.00387093882501897,0.00646391948701598,0.00833118253129446,0.00200934440267048,0.0051361921932654,0.00490135416903888,0.00591575518833327,0.0133487055575137,0.00483048141572712,0.0133920319862222,0.00964439604629719,1.05599073057228,0.00215984898703621,0.00179307946241551,0.00653362493366982,0.00699708796456479,0.00715745209051871,0.00234419924572304,0.002087258972265,0.00191409161533792,0.0016922680357052,0.00177355320043821,0.00277882961294521,0.00163600255618673,0.00187316397094105,0.00216689944702318,0.00334294201986287,0.00512488351882658,0.00516281842341574,0.00173441356129943,0.00222783791224261,0.00797973048172403,0.00349294623492743,0.00315604283152618,0.00183882333464218,0.0066007700322752,0.00255337072408834,0.0020563942546035,0.0018570641293513,0.00234838669711306,0.00201526805965329,0.00314239801535058,0.00488590923078512,0.00492484292274196,0.00186902600898668,0.00974030267556102,0.00224922782253046,0.00140713696507169,0.0059216581152769,0.00309167200106811,0.0101767545971605,0.00895959881902197,0.00590908817695588,0.00335699332019955,0.0051729972153223,0.00750833779895309,0.00194577247899644,0.00174437848696827,0.00589310878390618,0.00179455166038809,0.00515563342932116,0.00606157189777515,0.00791892403916795,0.00370010701172877,0.00169151808251376,0.00220660347639037,0.0102119493427453,0.00275745741298493,0.0107293843551979,0.00222171678337818,0.00261497239598101,0.00867984226087225,0.00170483282287212,0.00210739708011614,0.00176822972994492,0.00168021968147224,0.00137681189641125,0.00162310885762419,0.00183036463871697,0.00136412417706679,0.00213958061842107,0.00349477273726108,0.00278871086344458,0.00147924151691128,0.00235867050459179,0.00169353356997648,0.00220063781454719,0.00122392216228082,0.00545234736826851,0.0017031672921,0.0020870097241498,0.00542027157281116,0.00410519050784288,0.00322846850810856,0.00171929662682015,0.00143918989135614,0.00148130803051485,0.00313530482767343,0.00346873399150309,0.00174863145148509,0.00134819820885487,0.00207205254326696,0.00162505981853515,0.00151565044334427,0.00272842069066912,0.00171365520836904,0.00526162110005358,0.00422289652683426,0.00497672817258782,0.00169996271970098,0.0014379286009097,0.00202160361633975,0.0016584106450336,0.00145996143146755,0.00177334415388239
"17007",0.00196564240310682,0.00206704873406575,0.00252852430553934,0.00182902971816451,0.00483056982696911,0.00239853473083204,0.0027064544645278,0.00277068778878485,0.00720610458164275,0.00254630192448449,0.00334762756873213,0.00456235842579977,0.00553644928394846,0.00215984898703621,1.03888180061217,0.00398533246839543,0.00396039129317743,0.00237246662273303,0.00419865062560617,0.00302812522046996,0.00934577213846706,0.00715661546707203,0.00356370997307872,0.00228506209646581,0.0032364830075661,0.00522678516368731,0.00198883185034686,0.00499135757340786,0.00593696510245442,0.00324285073016773,0.00249064754485914,0.00367941233242497,0.005070866212086,0.002258344009885,0.00226016904113961,0.00703305384431149,0.0125900676050438,0.0025272352484412,0.0018116233919768,0.00206007008660468,0.00210782289211935,0.00189961456839728,0.00542619660689047,0.00576459568241562,0.00289214122021975,0.00186671541074459,0.0053195211916436,0.00227528278373473,0.00361069906356963,0.00323858404993536,0.00492767011376187,0.00536006454429841,0.00271633771961519,0.00504019291185243,0.00305417172075456,0.00620268473800063,0.00239792265921198,0.008044130869702,0.00304963008136161,0.00242156458770492,0.00238175104609698,0.00457373865453229,0.00659642683494949,0.00390245963623756,0.00316882710783024,0.00511415958387113,0.0021766231010113,0.0020749643773453,0.0025441125629594,0.00769186872423022,0.00253789814297826,0.00271176826081325,0.00227644395776246,0.00147544392092786,0.00225302976703653,0.00225156658052287,0.00175779139752683,0.00238410962536707,0.00211640876668775,0.00476712553896591,0.00592468358344826,0.00275914177632296,0.00462674958468844,0.00342054558940279,0.00210191513748985,0.0052555416652331,0.00984144930827419,0.00602535234500158,0.00179794464837283,0.00213991260973474,0.0098454775329631,0.0016291759805552,0.00906361316222376,0.00449372573436081,0.00311538762556014,0.00382741139628174,0.00855141735286161,0.00270385720538589,0.00219156979084266,0.00212384988534576,0.00471468254580681,0.00411458134583977,0.00403316878115387,0.00576717189147488,0.0060831520221316,0.00387585690505995,0.00591239256977259,0.00230184224488918,0.00286165082588254,0.00313099145745787,0.00474017434939676,0.0095120139715462,0.00321003550712699,0.00167149036145359,0.004700049057814,0.00481048286188735,0.0032658623681553
"18001",0.0017837458490015,0.00167181737681523,0.00244370343641146,0.00184873925491244,0.00626889412961002,0.0111118264296623,0.00917989617918142,0.00147589551869726,0.00226436744102131,0.00197187848950112,0.00569914223115853,0.00262510864658106,0.00811084777337335,0.00179307946241551,0.00398533246839543,1.04189138092923,0.0017835193011226,0.00494983057191592,0.00237924740047079,0.00236874464723267,0.00335143119946565,0.00442858954203011,0.0034915832765492,0.00190609476932455,0.0069880109861865,0.00283209368530774,0.00258486021495523,0.00218512554121507,0.00160418339976262,0.00146447558129464,0.00126065406004231,0.00231045858640497,0.00197348198303116,0.00129348026766091,0.00155921996735025,0.0031589824170182,0.00205471912236802,0.00381361111795673,0.00252461383270762,0.00410992066231314,0.00918657687066692,0.00665485382355416,0.00207452719896789,0.00197379233481403,0.00522187044941682,0.00323874366323553,0.00568323364922287,0.00312745422561676,0.00631475636446575,0.00266360918412189,0.00172300513349412,0.00380656361952718,0.00123917239171484,0.00141918740122223,0.00137867913751014,0.00173997297817571,0.00158640748064392,0.00180718459043681,0.00150727771119597,0.00530882493590145,0.00111860466964941,0.00173866126547588,0.0014535929078995,0.0011697868263508,0.0012580688214642,0.0042289286882643,0.00802664137577475,0.00981393769469552,0.00316622932343773,0.00291843802891551,0.00189663304612166,0.00155634563848083,0.00751630861160161,0.00194969483209063,0.0154658426309579,0.00914438043852389,0.00398557854604684,0.00465142579094008,0.00665330407702776,0.00532027898456809,0.00294982632340016,0.00184991828362068,0.00147699837777751,0.00135675186425042,0.00205860382637785,0.00242136132163573,0.00166814145894587,0.00647849458356263,0.00268158324706595,0.00603604617236744,0.00191269328017209,0.00330423180756148,0.00275328662275115,0.00326329896151068,0.00489414068400271,0.00866612196798242,0.0118554785092387,0.0142204523286469,0.00638439498593604,0.00355858957716234,0.00187895663615083,0.00470003306182874,0.00835697008745872,0.00215481268474665,0.00211434413786384,0.00222796332768835,0.00502654564122195,0.00642815691477109,0.00169456611565163,0.00165247717475217,0.00531751264810437,0.00352856682109812,0.00236142628574142,0.00653693722843602,0.00931793186514394,0.00705858895357839,0.00897544965814338
"20002",0.0025639967678459,0.00621117094061024,0.00331809475045031,0.00610439523496373,0.00539810254629895,0.00244932986467731,0.00313645947827372,0.00296537800179153,0.00746487718528655,0.0125792198875309,0.0018345294526502,0.00264677376301001,0.00620787768770428,0.00653362493366982,0.00396039129317743,0.0017835193011226,1.04410436736553,0.0100062240650907,0.00604968380541638,0.00327118314634374,0.00266112725439782,0.00230784846687023,0.00206368014067309,0.00186687269210702,0.00201142378981168,0.00213961625189896,0.00252216640943443,0.0033208377472785,0.00783788430676418,0.0021987891741112,0.00279164214167048,0.00232015528297897,0.00760578078952151,0.00434771111343851,0.00239861010788163,0.00360586433208672,0.00265771940420763,0.00506944284980667,0.00161467743347094,0.00159699085892463,0.00180529626144851,0.00198708451648209,0.00375608616256352,0.0127874489789269,0.00284142504740157,0.00498943950180907,0.0026948411453303,0.00874169114586463,0.00503035641033798,0.00186346016499238,0.00934804085525184,0.0057183975846254,0.00371814361153205,0.00616020546348162,0.00536865075857558,0.0104111275034261,0.0126284157746018,0.011117832885182,0.00226185481022439,0.00181909295157098,0.00338676978745577,0.00547457239217797,0.00581183380139481,0.00539246130609144,0.00484029530301612,0.00555321483587891,0.00333327924290622,0.00212011132770738,0.0105874814807688,0.00618719778085875,0.00761185886543395,0.0026303220169395,0.00715334048142136,0.00199657705601126,0.00163580462605405,0.00206317695582313,0.00158412745121933,0.00135722270267677,0.00135500746854616,0.00136757028148328,0.00492416869637493,0.0016655894515483,0.00243097840969329,0.0025090222013008,0.00167019544251987,0.00168093920398816,0.00388254796782993,0.00148310083024682,0.00146751495958319,0.00139279522598262,0.00533425308905628,0.00163380630796811,0.00274608650758244,0.00294084297770441,0.00296233480625914,0.00538138423181326,0.00296726524998177,0.00184530230802867,0.00394072006411725,0.00174498216951096,0.00253651810263676,0.00268263331328541,0.00172100338855665,0.00454251042623927,0.00231958950868763,0.00198703919566031,0.00365233553935303,0.00176474934672666,0.00479556842841085,0.0027226774241173,0.0053860770005299,0.00270071748170339,0.00193936651756357,0.00194340830121157,0.00215640046041015,0.00187812450626942,0.00208413675104546
"27005",0.00563689424849041,0.0109986036235671,0.00597482800777337,0.00863151788493914,0.00254976401790592,0.00589034866727365,0.00791963818252954,0.00279975565717622,0.00226954631607768,0.00453786884978534,0.0028118731185995,0.00938848404543412,0.00938936258194427,0.00699708796456479,0.00237246662273303,0.00494983057191592,0.0100062240650907,1.04142312297957,0.0021677056615981,0.00337419435791095,0.00595159631763489,0.00535659290258059,0.00463536899696004,0.00183309893221616,0.00598112457741964,0.00226848020761944,0.00275580629125283,0.00328142057543808,0.00436699879292395,0.00192646486104368,0.00391147909912424,0.00174004369401353,0.00598440380428521,0.00660265939526259,0.00253797833213094,0.0020541254405811,0.00196039072548879,0.00179394359190858,0.0025939245584092,0.00389001330777567,0.00279262835369747,0.00260125432528074,0.00594733481516187,0.00549278686021475,0.00806858444578514,0.00616151217650167,0.00521445125496451,0.00324439794347518,0.00669540780241742,0.00192003787279542,0.00953451654561816,0.00369673560652656,0.00244077373629297,0.00232976195369128,0.00614050618071588,0.0056026508868714,0.0082675251798644,0.00439184627291679,0.00184479541361363,0.00500154313010388,0.00609872000375797,0.00456880103354292,0.00244632728340809,0.00267376832057783,0.00562943577408952,0.0041571338333741,0.00370410648730951,0.00294406551139807,0.00882189556005906,0.00370913299235375,0.00600409947090015,0.00212071664198596,0.00487615786007003,0.00377378663163733,0.00360837165831549,0.00405703884552119,0.0018556138683608,0.0019720322243423,0.00147821220338374,0.00209628677218509,0.00351191750242228,0.00166643853829398,0.00217856092563799,0.00204508029435722,0.00176923650863431,0.00168087663721584,0.00234577610533111,0.00239425489505283,0.00136803007957862,0.00232093083607243,0.00249085127152016,0.00198921041424605,0.00246704340999168,0.0101577474191747,0.00667097772923596,0.00843992140299626,0.00277786074919649,0.00260818753625043,0.00232406637927162,0.00212625228828458,0.00228090852772185,0.00233520228354079,0.00183854843333237,0.00212650153471326,0.00199697686520037,0.00172510152815047,0.00279348905164177,0.00160560899193782,0.00272496896070218,0.00186609830125398,0.00204690808946715,0.00246265328809005,0.0018527630698084,0.00443281240389707,0.0050722070606384,0.00283772918201324,0.0029428376516984
"27008",0.0018697193213701,0.00192235162680687,0.00222747868517699,0.00175464578016665,0.0100329931312191,0.00254084528314448,0.00296378404880555,0.00174285245140402,0.00676267949735182,0.0077676107769198,0.00274711661775085,0.00191017798075014,0.00232264091363284,0.00715745209051871,0.00419865062560617,0.00237924740047079,0.00604968380541638,0.0021677056615981,1.03801360807636,0.00220024186321224,0.00860628403867486,0.00469931630721217,0.0066864264929838,0.00180267138623733,0.00415606476311787,0.00455224915689026,0.00257873837765921,0.0036705289046552,0.00285187858706355,0.00185438239981523,0.00176409587320169,0.0038836068675879,0.00632543974350697,0.00276850549128922,0.00168565263159684,0.00234640434758192,0.00338689593373256,0.00409443614299742,0.00188033680003165,0.00250032771879088,0.00193370751222589,0.00246184654710315,0.00234315437461982,0.00508958899622787,0.00526470111914196,0.0024664172111895,0.00695325752061826,0.0115243263231253,0.00628564987035168,0.00543915851169099,0.00175821290113481,0.00457586781463514,0.00509688109510528,0.00828586089451439,0.00338493871818687,0.00406978969628464,0.00294051201072161,0.0108203010275541,0.00172310294266692,0.00246553020133733,0.0017283552889087,0.00629669121144385,0.00240857365480111,0.00227531297038193,0.00512893238468541,0.00317769693740372,0.0050787118194226,0.00190594919014592,0.00337446938378424,0.00269244547469812,0.00960309738906555,0.00303215901773394,0.00271640248321786,0.00152864640020501,0.00221616125677679,0.00188933798703319,0.00191698477249948,0.00234920715846201,0.00209964394770304,0.0046979261230762,0.00714137720409599,0.00261032682844779,0.00249269886654244,0.00241827685094055,0.00156265007326236,0.00538553172677455,0.00257573366318269,0.00225745567029921,0.00149045660207401,0.00262627798956363,0.0060890650885194,0.00159389702412085,0.00262087413162107,0.00229954174209518,0.0025319318148783,0.00442480354167826,0.00240384674786,0.00497103936352115,0.0048643727927925,0.00185190625930543,0.0046375755788931,0.00510024130756881,0.00673948443997853,0.0039620022878794,0.00940886669485763,0.00710956979255913,0.00804530902477385,0.00295377524145244,0.00241102709132564,0.00561295693162391,0.00511442225580653,0.00610785067735236,0.00684496346746111,0.00164681365190004,0.00311052007575151,0.0118091893854302,0.00415533722677578
"28001",0.0023344737267555,0.00524205820306962,0.00378155389806126,0.00167375164533209,0.00286716321225298,0.00262235799161431,0.00461151625911845,0.00853890516878709,0.00806997666143545,0.00316912094047602,0.00183113244044214,0.00247844847236604,0.00253775514363294,0.00234419924572304,0.00302812522046996,0.00236874464723267,0.00327118314634374,0.00337419435791095,0.00220024186321224,1.03646048594472,0.00521850101823722,0.00494655917672257,0.00546616846237862,0.00888566212855239,0.00262221585587449,0.00257966532430507,0.00192020837219635,0.00183315305356463,0.00604354662605158,0.00419935769534505,0.00362999184598824,0.00227277154416888,0.00189596457373582,0.00559931226006072,0.0107973071419179,0.0119214427617806,0.00465127175702064,0.00342806626238931,0.00163596188685601,0.0020873520487408,0.00239440899448447,0.00175114466208664,0.00586231465243755,0.00591153057979341,0.00224537528343805,0.00147796978136302,0.00274545089448549,0.00233180086829866,0.00226850000439572,0.00489143541087524,0.0112898669025968,0.00331666264305805,0.00621345793750867,0.00277476106838574,0.0029736553293834,0.0039334089764099,0.00422821529129837,0.00287513684055652,0.0113081584780309,0.0024192436268001,0.00559722948828889,0.00181987070340885,0.00299793108492467,0.00547356659465897,0.00458971092653854,0.00289707694253485,0.00168527198360092,0.00386394797517835,0.00654746713656445,0.0029006422071606,0.00238384310761989,0.00914235509006969,0.00723984626248254,0.00261220232894232,0.00299745322750824,0.00580925927571395,0.00205238233276424,0.00218637266429341,0.00183881322924854,0.00187468116369118,0.00260792910768163,0.00491919274906593,0.00474609940290347,0.00433512041835604,0.00404088931188102,0.00298486908808229,0.00565223227486462,0.00277468514492739,0.00298943456317146,0.005396952907708,0.00298306926582226,0.0110339942982705,0.00720554893022904,0.00232373021020209,0.00442977537743547,0.00270074189370729,0.00305627217499735,0.00205493753556482,0.00189184749197586,0.00144671173295951,0.00313846477424584,0.00232763279362189,0.00408775271832599,0.00341782173355442,0.00186034039340085,0.00239410646160505,0.00547387444905868,0.00192984553587795,0.0090406633595422,0.00374040070486001,0.0119374385403918,0.00284927905492006,0.00214050707142602,0.00234814689926145,0.00557032315338652,0.00177165299097923,0.00272999517056046
"28004",0.00168875281793762,0.00504511288412615,0.00628767020576753,0.00174281487408195,0.00260861251549403,0.00496106720634052,0.00595304850939434,0.00230557350818426,0.00597616132976091,0.00253412446299057,0.00255370881032188,0.00399697001389667,0.00509622321220531,0.002087258972265,0.00934577213846706,0.00335143119946565,0.00266112725439782,0.00595159631763489,0.00860628403867486,0.00521850101823722,1.03932661436505,0.0115432048296491,0.00681271122087362,0.00257525327597182,0.00663142492945204,0.00342069417697577,0.00250859076699439,0.00243659635610348,0.00218002067973315,0.00183206837408849,0.0015128352406035,0.00211803687095902,0.00539693659482764,0.00224532828113038,0.00239876609506994,0.00600178863631566,0.00317293662934334,0.00245610687605821,0.00249041830345862,0.00639265442421768,0.00427605773140703,0.002761947232402,0.00311790118514595,0.00576857610728541,0.00611119101217798,0.00233021410636427,0.00825113442547284,0.00393798752817975,0.00826167992146508,0.00231981633289066,0.00220888325646598,0.00360522610598579,0.00268754743942545,0.00732796694477954,0.00457132783769775,0.00549207835721027,0.00254777490535597,0.00574967090842489,0.00252906947774007,0.00285734810924779,0.00176226835208557,0.00227770247841307,0.00240325834765091,0.00250910135193066,0.00237257066830403,0.00624879481810838,0.00335727484814593,0.00319199725486956,0.00504111709491131,0.00244523581649722,0.00258270893637813,0.0021910742588121,0.00643232598457531,0.00160849146216918,0.00545565200699665,0.00615270485857846,0.00206091065575523,0.00413733929921446,0.00478834995580877,0.00441787882032499,0.00378066178135098,0.00153593219871252,0.00215791497403235,0.00296444151419179,0.00211865238464189,0.00247419802594144,0.00553731556215279,0.00369074600233233,0.0018700642353891,0.00226278732730657,0.00445883816112375,0.00201645603505267,0.00538504640721223,0.0056110239019702,0.00266762639083752,0.00585416545006778,0.00288530626273943,0.00626818435190118,0.00233501941698724,0.00195557590919755,0.00713392875496874,0.0027606451944102,0.00257647319412256,0.00414166717099795,0.00279105381264525,0.00244176454902018,0.00642304052850894,0.00353104750913647,0.00483533209822056,0.0027082540577531,0.00487093752574595,0.00528932747778417,0.00212655381893787,0.00148023868111292,0.00937763629487137,0.00624068694612877,0.00436584071860512
"28005",0.00187611518846714,0.00220159077223349,0.00371615113027366,0.00184553278763051,0.00218860229505227,0.00406928023287397,0.00376943240533029,0.00232363263982552,0.00383065621558842,0.0045206472242614,0.00340065847767541,0.00286644185115274,0.0025532597567928,0.00191409161533792,0.00715661546707203,0.00442858954203011,0.00230784846687023,0.00535659290258059,0.00469931630721217,0.00494655917672257,0.0115432048296491,1.01653373436289,0.00843438506312459,0.0050634156271604,0.00558372536367463,0.00414595587296859,0.00489618746708086,0.00249356677844332,0.00200671008432233,0.00166309936908703,0.00168888863349372,0.00221269483132397,0.00489871247664301,0.00151146303071938,0.00201232104655027,0.00503512592541528,0.00342953066625485,0.00322604428001476,0.00337146176655277,0.00766279057702309,0.00363497872739092,0.00713826824089565,0.0029662681663953,0.00245856164622188,0.00756293747034774,0.00300207237565031,0.00677154509356386,0.0039683003635383,0.00983520531549185,0.00392070788171851,0.00218646924025373,0.00289274299729284,0.00185486866478378,0.00452472324305712,0.00232545938874175,0.00497048732165652,0.00426663525702534,0.00577674756898663,0.00533987676426978,0.00367420196979084,0.00161495754064007,0.00246295332645894,0.00193186975000323,0.00161158521871858,0.00182137063371362,0.00539731639217331,0.00922108780911387,0.00613392978086127,0.00248037436525438,0.00208741930197049,0.00354986783483499,0.0029901490430275,0.00639523901598061,0.00175355093046208,0.00671849013261717,0.00379737757235138,0.00449863238943542,0.00621447979437963,0.00434031139680828,0.00562292660502036,0.00353396403647738,0.0020090396883653,0.00191623763436605,0.00246960249826323,0.00460721112990749,0.00248452973860969,0.00332560682672246,0.00698153755434983,0.00439764388320688,0.00435552084065093,0.00276379390045891,0.0046204494549934,0.00394262570039428,0.0067141264908848,0.0028596875829813,0.00698389098210722,0.0027512826113353,0.00691829902301367,0.00549645734732605,0.00235934492831568,0.0050920205132184,0.00596782141182414,0.00556709609111154,0.00303548884774746,0.00300447516985713,0.0050430722804306,0.00489229140416747,0.00494976713815626,0.00265532098584003,0.00224683442227857,0.00550091473288757,0.00616840472767343,0.00264392015815021,0.00226416831706788,0.0106019807957273,0.0133577345684107,0.00556658946094607
"28006",0.00216580683070291,0.00191869403878549,0.00279558636881267,0.00320835230905297,0.00273830595813287,0.00539531702604574,0.00242716720429888,0.00229684449181027,0.00605521377167242,0.00240630452873009,0.00648491318629182,0.00302656658423515,0.00204161533431907,0.0016922680357052,0.00356370997307872,0.0034915832765492,0.00206368014067309,0.00463536899696004,0.0066864264929838,0.00546616846237862,0.00681271122087362,0.00843438506312459,1.02305430294258,0.00529348762099811,0.00776617018510778,0.00699252369857427,0.00289138984743903,0.00632677291687894,0.00193943566484964,0.00165404047871486,0.0018351139951045,0.00272587337847039,0.00972367433035678,0.00270734797407881,0.0018291380698878,0.00314059621696774,0.00292752485968363,0.001714835071457,0.00644265640993516,0.00558521544567063,0.00388769542363257,0.00333399955610263,0.00335690616442384,0.00204619894231679,0.00680467004990247,0.00611142333751246,0.00846220550353425,0.00233245382710242,0.00599925416436325,0.00529731434088413,0.00174392702835846,0.00454870439813618,0.00211170774328657,0.00478779935463652,0.00347708982232037,0.00511858430373254,0.00171391350148308,0.00383781568617058,0.00215222878729716,0.0101693911015605,0.00168887934969682,0.00491913271959751,0.00187939238670238,0.0025097792890548,0.00194505213837639,0.00581280241154249,0.00487866515349869,0.003163360667713,0.00190098054462515,0.00223398538103241,0.00243700269603552,0.00269710355031259,0.00555012100290025,0.00141385840796923,0.00569861938765974,0.00364336175165801,0.00164717459826019,0.00206837474549215,0.00228623129287086,0.00211492421111449,0.00355705048306722,0.00218847652752985,0.00528356491715713,0.0048854816837497,0.00186670861046722,0.0042509310602128,0.00473427003936145,0.00292352385990197,0.00170724442889939,0.0102715239127699,0.00551260824558036,0.0049112454313328,0.00470734983461487,0.00995095261168371,0.00371237261868537,0.00341564216976134,0.00203661737814173,0.00248291026939746,0.00209965497356683,0.00287879603627292,0.00856548142988205,0.00256037201782467,0.00633002228963264,0.00337505017977298,0.00452027847388325,0.00530439957587985,0.00903321149408959,0.00209219497713125,0.0026683316959234,0.00646208843171232,0.004755690960584,0.00510327412834127,0.00601519822659912,0.00156935995016072,0.00883566774288186,0.00690007609364057,0.00960316582638622
"28008",0.00626796272419563,0.00196365019524641,0.00217058790181154,0.00168588959884893,0.0018250754752539,0.001986447719841,0.0016680241790028,0.010587538019714,0.00258265851906952,0.00203216348768449,0.0019045447572388,0.00303624605147739,0.00167530302931815,0.00177355320043821,0.00228506209646581,0.00190609476932455,0.00186687269210702,0.00183309893221616,0.00180267138623733,0.00888566212855239,0.00257525327597182,0.0050634156271604,0.00529348762099811,1.03688853972869,0.00215510298963801,0.00479691854120185,0.0065775958098456,0.0025063001169718,0.0022608592180221,0.00340149324717168,0.00506875093078355,0.00415525143087684,0.00237766266679574,0.00282328218981362,0.00790521588510983,0.00440575602379435,0.00236526989012884,0.00479614794135351,0.00453060366488311,0.00253425483193156,0.00351075032501316,0.00213283772913961,0.00414774560799342,0.00203555369173881,0.00220673547937756,0.00169381786880249,0.00192555523435537,0.00181019004003955,0.002063328788646,0.00701095718110153,0.00577481719706117,0.00511634552739647,0.00643578256945627,0.00302457182322285,0.00548782888313872,0.00565886625641602,0.00224550341698875,0.00194225298244487,0.0074108312489796,0.00204422454048706,0.00855932142299248,0.00722606398844251,0.00475743556598571,0.00480149406471143,0.00523568199990646,0.00276969206606642,0.00181200808228374,0.00279287726415855,0.00193764596701353,0.00194983385149432,0.00194112358975903,0.00434614717918066,0.00417851815643451,0.00295481974038098,0.00215818555097743,0.00221698765008669,0.00699456098684747,0.00387361086192795,0.0089482745246975,0.00395480689043813,0.00210405790025557,0.0056572953675031,0.00821026494963487,0.00799179811709387,0.00843763072407997,0.00397575965617007,0.00613840541471861,0.00293403002881175,0.00980964698107153,0.00460842779509175,0.00211021251797682,0.0138627547050861,0.00576427156691064,0.00249429979117387,0.00437182222664101,0.00171281019938682,0.00172858548719278,0.00265179023736812,0.00709452981581137,0.00253540529448973,0.00457843322830768,0.00197691386946185,0.00245247635886529,0.00608153289336402,0.00452119946789943,0.00558313550801644,0.00236855584413839,0.00690846523435664,0.00564308467222568,0.00467803974114807,0.00310394307099136,0.00213824805834968,0.00262920854753255,0.00637896800491403,0.00455791348305766,0.00190807795101568,0.00239295717710756
"28009",0.0021365809249839,0.00202849794488325,0.00231923623237854,0.00242949862530504,0.00572225742975078,0.0035396230242751,0.00957487032737636,0.00214788866193011,0.00568620939446702,0.00215469042215931,0.00584466483804741,0.00390652262048049,0.00296614276559989,0.00277882961294521,0.0032364830075661,0.0069880109861865,0.00201142378981168,0.00598112457741964,0.00415606476311787,0.00262221585587449,0.00663142492945204,0.00558372536367463,0.00776617018510778,0.00215510298963801,1.03507530327724,0.00992739896269114,0.00468914133957767,0.00711132643861986,0.0020566136219711,0.00197192939400522,0.001596415828951,0.00707358544881636,0.0060540385420211,0.0018174022412699,0.00135987626541013,0.00366185642458717,0.00644551991234743,0.00167621136558252,0.0051978168443747,0.00444866716982958,0.00423531234974622,0.00378205758010372,0.00391089876656801,0.00251917278138918,0.00848858247364088,0.00557053416197081,0.00473992218381746,0.00206299547998267,0.00608927468530291,0.00362872754008938,0.00193869034990706,0.0027826974740386,0.00155488163449265,0.00207171677277995,0.00177016529277534,0.00234030155864798,0.0017519613735149,0.00269691052124688,0.00156991574875192,0.00550968475434028,0.00149407417698497,0.00319313099646523,0.00153838915604663,0.00157002050398579,0.00155013794224655,0.00288647338673492,0.00411971316259836,0.00548919718720075,0.00243748520155379,0.00492291023630232,0.00549444546611445,0.00248741221219382,0.00319092796533311,0.00154811979972041,0.00557919197661284,0.00510374484006911,0.00221388520348414,0.00492839883121025,0.00240270043793427,0.0029144390079688,0.00573857102361509,0.00625579879936826,0.00289769877665333,0.00406623668290659,0.00196290776045432,0.00705128396018166,0.00257022330142998,0.00621950710082231,0.00179184744617594,0.00496147286300159,0.00613512049301405,0.00204903787502,0.00604871183610752,0.00632491520611937,0.0063184444669617,0.00403966061609588,0.0028156681316138,0.00284652036618729,0.00263516185399829,0.00256331614840064,0.00314966741943794,0.00541207830518483,0.00339973520480795,0.00527645690810925,0.00573157155162287,0.00341369130566107,0.00537331164309794,0.00276948414853118,0.00182110289509584,0.00670533641891977,0.00290161615312619,0.00353527494488262,0.00740621506820838,0.00368745435389722,0.00680314514415165,0.00584596300712096,0.00906034478183497
"28010",0.00322764533513695,0.00164229328728142,0.00342798405687716,0.00579951790928149,0.00257877115763085,0.00476813558879578,0.00275189193666588,0.00188176062662859,0.00362824834349015,0.00199961266685711,0.00452743018573424,0.00209560215680592,0.00226005427279734,0.00163600255618673,0.00522678516368731,0.00283209368530774,0.00213961625189896,0.00226848020761944,0.00455224915689026,0.00257966532430507,0.00342069417697577,0.00414595587296859,0.00699252369857427,0.00479691854120185,0.00992739896269114,1.02835135731082,0.00830847180505142,0.0130568440053376,0.00220372090585901,0.00201313291457534,0.00168644222349718,0.0104181818911593,0.00468693506659424,0.00203470257303165,0.00125008307212031,0.0023116065102657,0.00599312962234108,0.00153530681324585,0.00614540979034523,0.00402983096924176,0.00452736011436446,0.0053602684551955,0.00279773167465476,0.00575796540168988,0.00960722457649136,0.00848379250693762,0.00584607393010321,0.00263663484478959,0.00496257275564777,0.00424378772614064,0.00176098214170244,0.00766649909860788,0.00137270000894321,0.00164752487886823,0.00179855305313577,0.0019528432268177,0.00276033735873431,0.00259043313925437,0.00197418845477968,0.00479330733982317,0.00139064106015374,0.00484328621776558,0.00186999140833034,0.00161493878795428,0.00135917855386989,0.00288871136140154,0.00360302456980775,0.0024172505707643,0.00186089333417626,0.00581332126697134,0.00521141559755127,0.00332134721464057,0.00259121080678884,0.0014314880264031,0.00244458242474884,0.00218961459174667,0.00206280089246699,0.00257875589777901,0.00272377636930115,0.0032982677810181,0.00380216260470377,0.00506855980422,0.00571159066642011,0.00175271582125038,0.00173490900403966,0.0130682780266386,0.00212507931808495,0.00445221769219032,0.00159585588305528,0.00397148884823109,0.00347565403360592,0.00178260027722841,0.00294806202504832,0.00362205331812586,0.00578086275950695,0.0037287826054329,0.00438016279906468,0.00246892515804679,0.00252103103402304,0.00725150753490255,0.00531286447702859,0.0030329769304816,0.00718664069611243,0.00517354205253644,0.0120599429513637,0.00838041921754644,0.00281844316977396,0.00579505183447901,0.00161940939363001,0.00773029707296871,0.00198638720812086,0.00294090349960028,0.0156093710371864,0.00180177990476666,0.00528805635123814,0.00577920832686829,0.00754899432001196
"28011",0.0105173556555936,0.00240428282868841,0.00768931238433464,0.00702818339629232,0.00564909743954779,0.00559825990797747,0.00438585410875807,0.00358672348942265,0.00215326414948265,0.0019669967233317,0.00679796147766348,0.00230291631619745,0.00268229597730729,0.00187316397094105,0.00198883185034686,0.00258486021495523,0.00252216640943443,0.00275580629125283,0.00257873837765921,0.00192020837219635,0.00250859076699439,0.00489618746708086,0.00289138984743903,0.0065775958098456,0.00468914133957767,0.00830847180505142,1.03851449573172,0.0108053730826128,0.00205475366908145,0.00132760008917289,0.00226136615000903,0.00409116625655447,0.00274184317991765,0.00166354774956277,0.00145664718910042,0.00200900053896456,0.00207925114445077,0.00154988217742012,0.00687267303199131,0.0106947979425449,0.00363240118130765,0.00417244025231654,0.00785847649044906,0.00366185811433692,0.00307550593737439,0.00993604933916297,0.00532634295945296,0.00540090095732291,0.00554845601673329,0.00668663756309409,0.00416545302098609,0.00313159424992501,0.00160208960998381,0.00155710814732628,0.00278495241150837,0.00219289324620524,0.00523577758595462,0.00216591140866461,0.00329776362162566,0.0103673808198095,0.00157226172181587,0.00618735152402348,0.00407989178714081,0.00177546969118607,0.00147540464136041,0.00557861350395575,0.00613903464467968,0.00253967781583999,0.00163651786181118,0.00320889513715758,0.00272246029391683,0.00203951473176712,0.00245939481387433,0.00182374080941108,0.00231458829035038,0.00302736007482411,0.00499468828059838,0.00255250848279784,0.00352005158671598,0.00240203237499658,0.00490826947753145,0.00326223532540031,0.00583187560980691,0.00191138576719619,0.00244164774099997,0.00336648714946208,0.0019422355291695,0.0022515571635122,0.00418895575701744,0.00265008852714112,0.00191444732189037,0.00475962532456185,0.00198513403910066,0.00353966910672624,0.00801773624365399,0.00274455657524807,0.00331243824223813,0.00285878933298306,0.00596285305845908,0.0095521456159764,0.00243560114861813,0.00487470922460782,0.00344050928074836,0.00830162776511169,0.00781729229449168,0.00756230176179056,0.00306973397608824,0.0103022059170043,0.00187420711792191,0.00219902756027573,0.00164819085083459,0.002712298499295,0.00456137032445548,0.00248543312395724,0.00239672841378874,0.0053016603728712,0.00329384767931457
"28012",0.0132143064999443,0.00281863278948473,0.0061444981252955,0.0108074794340127,0.00594537497262838,0.00234258583891751,0.00482883582189889,0.00157454476224703,0.00257548263029859,0.00190281103255369,0.00705840198085405,0.002899842066447,0.00473617973474296,0.00216689944702318,0.00499135757340786,0.00218512554121507,0.0033208377472785,0.00328142057543808,0.0036705289046552,0.00183315305356463,0.00243659635610348,0.00249356677844332,0.00632677291687894,0.0025063001169718,0.00711132643861986,0.0130568440053376,0.0108053730826128,1.02548868407876,0.00319666863097157,0.00147773608499446,0.00218115409423245,0.00516441609808327,0.00705772710388865,0.00156135834000632,0.00144352219082248,0.00214448266274559,0.00366384471989516,0.00142153266446707,0.00834725539717082,0.00678614258269055,0.0029727077732929,0.00264847561242469,0.00356868560287861,0.0068646963213993,0.00822260191024143,0.0125800676514666,0.00236310537941035,0.00198646384635041,0.0027269326953396,0.0040491839016745,0.00178288468378051,0.00431226042630808,0.00155331931917072,0.00167111409501819,0.00224485874552274,0.0033197402141321,0.00225407115075358,0.00510269171355528,0.0016067582798389,0.00937433680394213,0.00156809330750405,0.00614148907043515,0.00435749431396671,0.00157340914573409,0.00156184792428398,0.0033243434958419,0.00296119297709827,0.00217609083323008,0.0018998717881505,0.0114938659352245,0.00431073994839688,0.00185396851968547,0.00183585325636849,0.00176931846679733,0.00170951040374694,0.00181957954965834,0.00277027469045342,0.0022252604538654,0.00183015416214112,0.00267473961808062,0.00490140867910567,0.00381742530151894,0.00777287069521511,0.00182314047465575,0.00145126408266014,0.00654791496699202,0.00342459221756633,0.00258840878277884,0.00155578749156805,0.00298908631912654,0.00255580939327079,0.00165866023582858,0.00582774609239252,0.00787715527746108,0.0116002470275277,0.00376787587385104,0.00278723833577223,0.00184596970441073,0.00509349154220457,0.00716231531776223,0.00483624680654143,0.00526120891930725,0.00612039046570041,0.00359539985918463,0.00989911129157946,0.00401968369520244,0.00250810829789578,0.00356956813579531,0.00172255935127488,0.00232095811142155,0.00180740891851909,0.00285937021604699,0.0110882619821169,0.00182685461468671,0.00243088216992446,0.00294386501093351,0.00733822041016717
"29005",0.00272620991004949,0.00355097152936237,0.00264507408256778,0.00221036501348285,0.0042381038243697,0.00183139915025772,0.00264307485482483,0.00324144795585149,0.00511105251264434,0.00683482190881154,0.00206864671012854,0.00249025630296944,0.00831172885765357,0.00334294201986287,0.00593696510245442,0.00160418339976262,0.00783788430676418,0.00436699879292395,0.00285187858706355,0.00604354662605158,0.00218002067973315,0.00200671008432233,0.00193943566484964,0.0022608592180221,0.0020566136219711,0.00220372090585901,0.00205475366908145,0.00319666863097157,1.05347186789141,0.00586925079701088,0.00612406211447511,0.00233011600406357,0.00574048813628294,0.00384799887849707,0.00600681440169719,0.00528991704094284,0.00356050469712245,0.0024060702318024,0.00155495971708594,0.00140507458046986,0.00163664133242114,0.00164812508762756,0.00380356905420137,0.0080491692202257,0.00290812257465416,0.00212372837967808,0.00192309090911527,0.00517014100975222,0.00350043483141102,0.00271386698099451,0.00639302782712885,0.00574107391452885,0.00604126397656414,0.00322910071295157,0.00320256024561253,0.00702245399748853,0.00903097500515286,0.00603783492456064,0.00680675495837772,0.00166029054050106,0.0034145394053011,0.00264024940052953,0.00329215366240029,0.0072517629624912,0.00519394480646111,0.00223205779994664,0.00203516990145881,0.00179064518693219,0.00626583134331788,0.0119428478291408,0.0086149344918836,0.00814985050607649,0.00355288020825939,0.00288812066989705,0.00138713011392396,0.00167262217308382,0.00187594946877591,0.00149046144882116,0.00124717339392776,0.00133538369664631,0.00676373422184829,0.00370914669883178,0.00982596193203335,0.00706530105699428,0.00194138590915105,0.00248436870931608,0.00709970130781649,0.00181882924791266,0.00197353669589779,0.00433825435057541,0.0056006657235237,0.00178745722741898,0.00535792430074319,0.00389990386476134,0.00908459961946996,0.00537999833190302,0.002496802026131,0.00154802303108995,0.00232489853025506,0.00174256094536358,0.00257374737708191,0.00537048257842642,0.00213356366344719,0.00221089150938186,0.00209481228659298,0.00233251678360643,0.00220088824654289,0.00160732207156864,0.00486254436170167,0.00340893843667017,0.0047576616219378,0.00390413872418709,0.00307814726891787,0.0021913537945338,0.00179203620402563,0.00177610645400907,0.00207668718398204
"29007",0.00234981398528858,0.00286719738468788,0.00222414878695228,0.00168012663299321,0.00193063883862142,0.00106639009131741,0.00133235148151069,0.00464297525173147,0.00376926444135824,0.0033246562680325,0.00145486015474619,0.00498163596227924,0.00211996921625199,0.00512488351882658,0.00324285073016773,0.00146447558129464,0.0021987891741112,0.00192646486104368,0.00185438239981523,0.00419935769534505,0.00183206837408849,0.00166309936908703,0.00165404047871486,0.00340149324717168,0.00197192939400522,0.00201313291457534,0.00132760008917289,0.00147773608499446,0.00586925079701088,1.08829999534602,0.00919249913515858,0.00576851974681337,0.0021652539336286,0.0151945085537045,0.0106112082316984,0.00706726063117829,0.00904173881143317,0.0111011665161618,0.00266466001448475,0.00166155215274698,0.00143026303118792,0.00112621340628535,0.00270710742522024,0.00236555600136027,0.00390349223259388,0.00129940491126971,0.00155034745819193,0.00161547483981577,0.00161732376711783,0.0020158951935663,0.00365392345982216,0.0018191389742528,0.00410316246299261,0.00326263517132937,0.00393000831163345,0.00272244541588966,0.00573516040069621,0.00221577060911486,0.008351178659816,0.00114876126635694,0.011176925365784,0.00325127864815031,0.00399629681112536,0.014083635751939,0.00492759294828585,0.00310726788985834,0.00117068894565382,0.0013226756763788,0.00330007327953867,0.00240586053325311,0.00226839414082614,0.00942370249748128,0.00133013405525899,0.011001138926464,0.00132481874536214,0.0016489879674386,0.00212315154332949,0.00184022331540148,0.00200694578821699,0.00437298748564026,0.00273331259810732,0.00547996475531697,0.00284172138066328,0.00847633237082538,0.00585490056424543,0.00356380801661103,0.00293652259728468,0.0018943329121575,0.00597639952625179,0.00237013117253338,0.00390371206300004,0.00244773905015599,0.00229992547234078,0.00176358844638261,0.00161584953563447,0.00141248010805752,0.00190520486132187,0.00150995784718246,0.00174724689047319,0.00181935581778692,0.0033384849746793,0.0018653331288878,0.00156233523441465,0.0024943342276554,0.00231614894454253,0.00444010988187731,0.00205714784349372,0.0019472756399471,0.00356443485218549,0.00649739520298143,0.00343121239577525,0.00316532148070048,0.00192128560208499,0.00610469201534598,0.00162104926713636,0.00127199062295087,0.00148932389779241
"29014",0.00549590766246314,0.00435396507754551,0.00198598541296426,0.00264828042926428,0.00162909650263234,0.00123739296496575,0.0023148591758914,0.00789917887710949,0.00172385948543897,0.00262976080092626,0.00171368422027374,0.00626933997935857,0.0023932368576623,0.00516281842341574,0.00249064754485914,0.00126065406004231,0.00279164214167048,0.00391147909912424,0.00176409587320169,0.00362999184598824,0.0015128352406035,0.00168888863349372,0.0018351139951045,0.00506875093078355,0.001596415828951,0.00168644222349718,0.00226136615000903,0.00218115409423245,0.00612406211447511,0.00919249913515858,1.06993261348872,0.00331460915868708,0.00864859844039802,0.00374218296671956,0.00962290128757618,0.00405797698186474,0.00520560895890716,0.00265568289069498,0.00188873756539513,0.00123305563887799,0.0013090729207052,0.00162149719104414,0.002373651202899,0.00226996923686157,0.00152852054695824,0.00190377923851598,0.00135690758856067,0.00237365706698782,0.00152925538432638,0.00508659389646769,0.0102473437966627,0.00249078625419257,0.00580221950203283,0.00296691544058741,0.0104306648825605,0.00585619545342959,0.00636221566127477,0.00200717009246207,0.00409186676553073,0.00133499974345286,0.0128234370399664,0.00320936980873448,0.00258276370409886,0.0064040795889002,0.00662397613204213,0.00240142673440933,0.00170326382394608,0.00166593886474281,0.00630818793636755,0.00303705090758474,0.00244316673430487,0.003766461182902,0.00151289092629703,0.0065870338437319,0.00135145964796708,0.00159271738859888,0.00647389407283845,0.00213287632895688,0.00183615429907737,0.00199345730830736,0.00369736346261119,0.00917946217040855,0.0095358674875637,0.00825370980716216,0.00690574022037954,0.0046885800113592,0.00855575769191927,0.00196835148062657,0.00346059542839908,0.00212169165361206,0.00296757018892038,0.00599480566030818,0.00574902267019617,0.00195271195953529,0.00254259553308024,0.00162800768013771,0.00182206988315539,0.00145803393154023,0.00512312054387434,0.0022907494516704,0.00294694182889277,0.00295324073548392,0.00218013104875506,0.00298113992558523,0.00252736818773288,0.00493972381229735,0.00156168577322914,0.00251155620866563,0.00269875602211764,0.0021513743783454,0.00200535749261672,0.00290783679307892,0.00244522694485394,0.00952442803171221,0.00177983549404816,0.0013753104722665,0.00166654811350297
"29015",0.00306226179077162,0.001693510698786,0.0029767474012807,0.00169504405423009,0.00199704937662027,0.00172717747338551,0.00203085785440934,0.00649151687330352,0.00422014397383236,0.00188770359302571,0.00186193642585035,0.00169929764880711,0.00170988895737857,0.00173441356129943,0.00367941233242497,0.00231045858640497,0.00232015528297897,0.00174004369401353,0.0038836068675879,0.00227277154416888,0.00211803687095902,0.00221269483132397,0.00272587337847039,0.00415525143087684,0.00707358544881636,0.0104181818911593,0.00409116625655447,0.00516441609808327,0.00233011600406357,0.00576851974681337,0.00331460915868708,1.07529124402991,0.00599256449877998,0.00514617442882552,0.00184979120327006,0.00391489219890692,0.00917227743784871,0.00221447871667501,0.00176605246859132,0.0016796191664903,0.00170583137493235,0.00166397120104098,0.00422469496133345,0.00234376816780301,0.00239092779923386,0.00212949477918758,0.00300680964952114,0.00197733247675071,0.00330652638234756,0.00453221913564872,0.00258117465659354,0.00245286573578034,0.00169253981150012,0.00219139682390718,0.00289146649690942,0.00334951538445724,0.00228948228971266,0.00415629324952168,0.00291740676642644,0.00200090321029622,0.00362157471448512,0.0100005874051398,0.00223492925315999,0.00349535007653751,0.00193665065465988,0.00237688779605584,0.00198040662499225,0.00171101151536011,0.00162197331679385,0.00383866041839779,0.00328015022845007,0.00772288969396171,0.00132868569369694,0.00449998395563023,0.00158131785342103,0.00179908071078252,0.00292261587193436,0.00224525748142849,0.00412004835621181,0.00215958108469963,0.00336539040594876,0.00596226374109004,0.00295624080042783,0.00273128401790284,0.00624169362130922,0.00615708932512103,0.00264264296229124,0.0029120701769167,0.00548976097843782,0.00348101316823306,0.00450202943138663,0.00485413853559158,0.00356552776012922,0.00193781766205212,0.00250160062478449,0.00204376383991091,0.00214659191255279,0.00171782063944692,0.00295884875265767,0.0023948847533641,0.00259474611758266,0.00371675793982862,0.00495945601490068,0.0108101220418395,0.00832006089106698,0.00852527293901207,0.00267702263276534,0.00689778957648984,0.00189312591598855,0.0182235600010876,0.002111768187735,0.00434480403278419,0.00598890574936201,0.00739867356263528,0.0023349658321203,0.00294398093744458,0.00275980644958667
"29016",0.003576038215137,0.00468848184969951,0.00197978467374668,0.00556231834306696,0.00216052810275058,0.00202478627524001,0.00230875225093011,0.00306998554141982,0.00285937779516494,0.00266052000774891,0.00306452751198369,0.00205414457083737,0.00252476270403121,0.00222783791224261,0.005070866212086,0.00197348198303116,0.00760578078952151,0.00598440380428521,0.00632543974350697,0.00189596457373582,0.00539693659482764,0.00489871247664301,0.00972367433035678,0.00237766266679574,0.0060540385420211,0.00468693506659424,0.00274184317991765,0.00705772710388865,0.00574048813628294,0.0021652539336286,0.00864859844039802,0.00599256449877998,1.02138365979114,0.00303351086341188,0.00219704274609086,0.00307111389331172,0.00643834425464966,0.0016518206801458,0.00473405350858753,0.00239349166234966,0.00212734337488884,0.0030067417690439,0.00263539009759643,0.00249786952758549,0.00379871488162754,0.00526226546530314,0.00610585663830277,0.00230428646969863,0.00610585989710788,0.0053054372751866,0.00307767841443798,0.00518961691662864,0.00296548412131585,0.00489281070162773,0.00895718398117685,0.0100223091198636,0.00280175375679703,0.00604288979000912,0.00180066309528718,0.00434966714271279,0.0040487491894863,0.00626303489900276,0.00188686905478879,0.00262096827685106,0.00575773207054823,0.00547230042183265,0.00481102457467798,0.00236961118537462,0.00233353874616873,0.00686213998311875,0.00251742528605515,0.00345473200450384,0.00202487504505779,0.00198493542022821,0.00179926389663538,0.00166034153047403,0.00245436326919656,0.00171459503884161,0.00163875477262372,0.00172010947521308,0.00567344855312792,0.00308994862701128,0.00705666392736396,0.00531205312281178,0.00243109489287249,0.00418375784480846,0.00764888344451325,0.00238952192438689,0.00168181934011197,0.00296420525527573,0.00686996315361808,0.0021670291244649,0.00696315859662202,0.00510051501016277,0.00409964393873077,0.00289485396647397,0.00202149374983997,0.00203224628555966,0.00636696422381838,0.00395510323810574,0.00986330654503195,0.00638704346175833,0.00684315750959258,0.00523670617213825,0.00575215347658269,0.00545477557400096,0.0034711266643051,0.0022270635179109,0.00225341579693837,0.0057097126464123,0.00210526685640054,0.00559988995502316,0.00602424541350759,0.00476994147684963,0.00552023629871821,0.00414186410184413,0.00603663998257172
"29017",0.00504758698672293,0.00909644986128831,0.00388947056004361,0.00594840862069915,0.00228236972307083,0.00117182829139751,0.00148907488752021,0.00426256732022424,0.00757791958468584,0.00582438797344491,0.00151317497899876,0.00287146984592167,0.00237835359277622,0.00797973048172403,0.002258344009885,0.00129348026766091,0.00434771111343851,0.00660265939526259,0.00276850549128922,0.00559931226006072,0.00224532828113038,0.00151146303071938,0.00270734797407881,0.00282328218981362,0.0018174022412699,0.00203470257303165,0.00166354774956277,0.00156135834000632,0.00384799887849707,0.0151945085537045,0.00374218296671956,0.00514617442882552,0.00303351086341188,1.0608332654648,0.0115472023792007,0.00295575834049946,0.00330730787189634,0.0132732090659398,0.00171836303970029,0.00138568931266826,0.00145583501082953,0.00116777715269942,0.00386303683583276,0.00526151491161429,0.0014788045634128,0.0016151199060858,0.00206116416081903,0.00229313202708655,0.00149758033244328,0.00183586638131738,0.0048266170832433,0.0017610091142647,0.00541166059077979,0.00565097303764751,0.009661739294509,0.00333839823021509,0.0118321154537608,0.00499424704102071,0.002984983723927,0.00129323685098818,0.0128561626670899,0.00548881270227932,0.00448900739679677,0.0179300023929463,0.00999501764612147,0.00622684378910417,0.00128131046566277,0.00140536240851128,0.00689124600820233,0.00205620520122723,0.00358052839197289,0.00327727247886841,0.00156915478620128,0.00669786285233883,0.00119396741840067,0.00185911885430544,0.00175331980991652,0.00128290890509678,0.00139732454356099,0.00138262001628126,0.00183388006995879,0.00215575615226552,0.00252497989806685,0.00348391615026511,0.00267697427709228,0.00196930480154413,0.00219252065509199,0.00126359717200344,0.0024559478923713,0.00169188271270195,0.00561335001437218,0.00455794650325711,0.00186180337004912,0.00171983641287765,0.00154162501219173,0.00143113835545087,0.00158815001004002,0.00114709605622383,0.00161659767001726,0.0019371676805741,0.00261415586514271,0.00160775343546765,0.00177852719316292,0.0036382404799698,0.00416455876971412,0.00466088310831642,0.00351352625475279,0.00134727770746605,0.00563519337770308,0.00663226944380078,0.00673137371139276,0.00181265419791675,0.00246367918171462,0.00676633915534364,0.00157523362405759,0.00137026232655899,0.00144411592847355
"29019",0.00505580639306327,0.00637686696138719,0.00372582533775271,0.0021930491751715,0.00187752145795899,0.00129997888086961,0.00167856741358414,0.00642911716977253,0.00327556925256562,0.0041945068380417,0.00151206895366512,0.00422088486612263,0.00434379996969703,0.00349294623492743,0.00226016904113961,0.00155921996735025,0.00239861010788163,0.00253797833213094,0.00168565263159684,0.0107973071419179,0.00239876609506994,0.00201232104655027,0.0018291380698878,0.00790521588510983,0.00135987626541013,0.00125008307212031,0.00145664718910042,0.00144352219082248,0.00600681440169719,0.0106112082316984,0.00962290128757618,0.00184979120327006,0.00219704274609086,0.0115472023792007,1.05440194947917,0.0041815691130921,0.00218254876779461,0.013109184276199,0.00309250221979913,0.00177337113872966,0.00293960674472748,0.00129116298576149,0.00274135649434812,0.00272131129773567,0.00164928418474902,0.00141883470158972,0.00168697637129999,0.0020626480565297,0.00147576339574708,0.00178294566641413,0.00699415367431689,0.00179853415410808,0.0105762877536835,0.00670489605388027,0.0062070478376161,0.00512713886105429,0.00603614543723623,0.00224391698589466,0.0101773307394201,0.00137476421313582,0.0122681702628126,0.00188199277821492,0.00464735660100508,0.0115998757411204,0.0104339000676918,0.00379870603392957,0.00140400812042704,0.00202160845492169,0.00312851294034363,0.00183327844615357,0.00221139360802775,0.00811341492809531,0.00163856442777038,0.00723787297492841,0.00154172406742799,0.00262733086674804,0.00279812689849145,0.00205530973358202,0.00196328024565118,0.00193235688601551,0.00180187655305593,0.00241196499724055,0.00588357871321548,0.00830292431215563,0.00752483085193464,0.00162915933499767,0.00343853188591528,0.00215441894828201,0.00804726794122352,0.00178587078938691,0.00279779571787076,0.00832615352159987,0.00293457757716467,0.00188516133369595,0.0016509914325893,0.0020010872011857,0.00152136542863638,0.00133417413334928,0.00194141554430884,0.0021655373460929,0.00531753247286286,0.00178631430010218,0.00133450712437014,0.00221960492811925,0.00136761674188122,0.00151844943256903,0.00235071980982694,0.00162375790786519,0.0107155472717277,0.00314465265269647,0.00884407575115366,0.00216748827006358,0.001266146823922,0.0058483209876897,0.00206357480654976,0.0011740245585483,0.00183760187255983
"29022",0.00251640377040126,0.00256120607135728,0.00216236791802904,0.00183189648149326,0.00559653247598071,0.00167461412766138,0.00248354082533443,0.010344273968567,0.00794742901714997,0.00368445655342779,0.00181047932560689,0.00210178393870751,0.00317852744159221,0.00315604283152618,0.00703305384431149,0.0031589824170182,0.00360586433208672,0.0020541254405811,0.00234640434758192,0.0119214427617806,0.00600178863631566,0.00503512592541528,0.00314059621696774,0.00440575602379435,0.00366185642458717,0.0023116065102657,0.00200900053896456,0.00214448266274559,0.00528991704094284,0.00706726063117829,0.00405797698186474,0.00391489219890692,0.00307111389331172,0.00295575834049946,0.0041815691130921,1.02430582294111,0.00927070670476244,0.00247147396706345,0.00233169626552321,0.00392917897211825,0.00203960041112945,0.00164707991239019,0.00401676103086955,0.00263281032279877,0.0041995971937487,0.0020266370465886,0.00212655461032341,0.0022682365285107,0.0019804265641578,0.00241801226428506,0.0088051707137602,0.00511366623438203,0.0054764123673647,0.00571625944016451,0.00568528937393837,0.00689484960490893,0.00239579191750438,0.0041088140654096,0.0101024813088985,0.00194368833103107,0.00565492276083823,0.00222713273228586,0.00230813353481272,0.00313469862606226,0.00524148735754104,0.00565043616676684,0.00155701640473854,0.00463619150204701,0.00685988364782633,0.00818841122012156,0.00223891798502649,0.00367755742226105,0.00224378527557923,0.00297586076845823,0.00312595070226693,0.00258217872596768,0.00189458266030126,0.00205095718934958,0.00193118605009161,0.00188545342777627,0.0059469669228955,0.00525528762898673,0.00304124777912643,0.00715637134955213,0.00502637757060637,0.00589786695008081,0.00994444565054269,0.002815320941896,0.00260507779024596,0.0019960907455115,0.00941473043681019,0.00335645839816137,0.00992762432124108,0.00227526055992862,0.00214354984786832,0.00237283433657121,0.00236483266631719,0.00198011551439016,0.00187823827997935,0.00244693217418483,0.00774007482251459,0.00351218575849121,0.0021332399022226,0.00976730984401187,0.00213239113592355,0.00210988996621089,0.00740691835917019,0.00423407265671329,0.00599732331706728,0.0049992456013945,0.00843909628646896,0.00685964784975132,0.00208627455610508,0.00232626047766849,0.00608521695817904,0.00181612719558777,0.00476162500590055
"29023",0.00267017172648821,0.00180952392908454,0.00213866675782705,0.00160122793067811,0.00483247652983659,0.00194735336893212,0.00250658582707481,0.00639458725538733,0.00375779786139711,0.00285769906078549,0.0028194235350739,0.00201597143310409,0.00285216877519029,0.00183882333464218,0.0125900676050438,0.00205471912236802,0.00265771940420763,0.00196039072548879,0.00338689593373256,0.00465127175702064,0.00317293662934334,0.00342953066625485,0.00292752485968363,0.00236526989012884,0.00644551991234743,0.00599312962234108,0.00207925114445077,0.00366384471989516,0.00356050469712245,0.00904173881143317,0.00520560895890716,0.00917227743784871,0.00643834425464966,0.00330730787189634,0.00218254876779461,0.00927070670476244,1.04652723987097,0.00192127714924814,0.0017428272699616,0.00174620093824655,0.00178976814101323,0.00166816842928784,0.00501966080903676,0.00290173312418217,0.00357376680758295,0.0019445212705595,0.00609145390965482,0.00214032628646962,0.00532682089114955,0.00612168223822773,0.00573223517428607,0.00321068156911481,0.00195660551063609,0.00236349001796051,0.00262836679885386,0.00365512394609022,0.00216206709433109,0.0050037124510703,0.00644986773327194,0.00298654942619951,0.00547435040067731,0.00662595960545496,0.00228149140039509,0.00259967298736627,0.00208767467226474,0.00237852906747102,0.00186015085526999,0.001765282835005,0.00308814438482588,0.00895430765613837,0.00312383839080505,0.00701420505969671,0.00197778068204308,0.00211217727930268,0.00164028201546656,0.0017675776897329,0.00195682415445123,0.00203099602031172,0.00195512392319937,0.00437694245183223,0.00701968729400397,0.00814904385510696,0.00339585464183511,0.00346691184749433,0.00467965603209124,0.00816525007963027,0.00628240216508755,0.00310101466479856,0.00226400619538534,0.00236173307669049,0.00892830093291087,0.00217089219967817,0.00558687694980959,0.00216986022981616,0.00475218564550523,0.00268191112393646,0.00625806988938952,0.00212613464217632,0.00248106841810287,0.00212345166667496,0.00287315445508419,0.00552413079592818,0.00280826145164313,0.00776043128288302,0.00416214289471561,0.00437639253423865,0.0029914098116478,0.00229074607516788,0.00208204464075525,0.00853059270384566,0.00261861285862898,0.0128475383664431,0.00427347453997077,0.00298041244532774,0.00251967027676261,0.00313472438425478,0.00298277364284132
"29024",0.00226689162549528,0.00476679682151375,0.00259588343460209,0.00168076081821915,0.00304401229059398,0.00210179511353229,0.00210750905167962,0.00216517219266827,0.0063097118079987,0.00668470200406136,0.0017654759200005,0.00456798975683557,0.00238501724460959,0.0066007700322752,0.0025272352484412,0.00381361111795673,0.00506944284980667,0.00179394359190858,0.00409443614299742,0.00342806626238931,0.00245610687605821,0.00322604428001476,0.001714835071457,0.00479614794135351,0.00167621136558252,0.00153530681324585,0.00154988217742012,0.00142153266446707,0.0024060702318024,0.0111011665161618,0.00265568289069498,0.00221447871667501,0.0016518206801458,0.0132732090659398,0.013109184276199,0.00247147396706345,0.00192127714924814,1.05658529731145,0.00987889213187231,0.00518882808794015,0.00726219509368009,0.00218770726786235,0.00194177122302027,0.00353622293543363,0.00202741396101961,0.00156397983806833,0.00195500209791262,0.00489375422614977,0.00163774168124255,0.00167701794935568,0.00225836052612288,0.00302451981445911,0.00616742366803624,0.0090095278096244,0.00257691361274874,0.00236442953713478,0.00658172683835381,0.0054330450003658,0.00291525689913183,0.00165026515061634,0.00333330992918098,0.00184216145550134,0.00400019402385767,0.00973206715187791,0.00392799755661427,0.00224589605102005,0.00195984320543326,0.00219725293684872,0.00373872127882535,0.00160126046288802,0.00511377284446778,0.00274495953600056,0.00216654373812702,0.00575433641850494,0.00388733092192491,0.005292292124479,0.00411558930995583,0.00483641917457558,0.00814379100162698,0.0058334768380197,0.00157530971560495,0.00183486107125904,0.00201066063284782,0.00265186886083566,0.00993015247482778,0.00147813549714589,0.00202672304648775,0.00438141720985676,0.0103344691333182,0.00238740709172259,0.00269309454135912,0.00315039482262452,0.00193941833988528,0.00261815301167079,0.00157159265335915,0.00165308272444068,0.00218367703252816,0.00398423947610275,0.00530848131915213,0.00262991389246531,0.00549385209022935,0.00480219343369868,0.00182079139688661,0.00193009029175779,0.00149268094603538,0.00156022714456972,0.0021489460773312,0.00256830694798416,0.0103131282800932,0.00718429719900776,0.0111550970751713,0.00184217867928165,0.00140329043262738,0.00839170995703004,0.00200334937138962,0.00180542037783924,0.00199600465502686
"32001",0.00379498706878294,0.0030183511935782,0.00509992936497349,0.0076326572786425,0.00870512791596263,0.00288204657398576,0.00183685101990236,0.00142169289752593,0.00173550507609736,0.00207571283269369,0.00947515452211837,0.00386467837307389,0.00216822317953554,0.00255337072408834,0.0018116233919768,0.00252461383270762,0.00161467743347094,0.0025939245584092,0.00188033680003165,0.00163596188685601,0.00249041830345862,0.00337146176655277,0.00644265640993516,0.00453060366488311,0.0051978168443747,0.00614540979034523,0.00687267303199131,0.00834725539717082,0.00155495971708594,0.00266466001448475,0.00188873756539513,0.00176605246859132,0.00473405350858753,0.00171836303970029,0.00309250221979913,0.00233169626552321,0.0017428272699616,0.00987889213187231,1.08075393438176,0.0152341373751474,0.0187362606435603,0.00370236045466219,0.00227142787547468,0.00176124329204687,0.00615906204332348,0.0103907412735859,0.00229339825980314,0.00216462283896147,0.00224604705763463,0.00240848284489118,0.001597683969144,0.00642785412685253,0.00225439733837355,0.00445343858705138,0.0017008232455124,0.0017608150008868,0.00160283363425153,0.00161370822395447,0.00178446016205594,0.00936150703602261,0.00145792138246947,0.00162801001275499,0.00586907856390615,0.00165633370459566,0.00172991355788087,0.00251122587955646,0.00295951843631493,0.00251360971805121,0.00238684729757138,0.00253133028297764,0.00187534672885937,0.00159954063921733,0.00307337641611211,0.00271123514143719,0.00250544562350617,0.0022135815239026,0.00184601269527597,0.00194218258155802,0.00603164738491038,0.00216496959049534,0.00170495563680195,0.00174460185564901,0.00453971351945916,0.00158919253316989,0.004361145207065,0.00369914626629203,0.00192093463808128,0.0021846333209201,0.00278874449042396,0.00353379557076515,0.00229431077229588,0.00175300984423013,0.00235182589433652,0.00663600387771993,0.0062688108488944,0.00225508455113356,0.00249092992045997,0.00313709351502351,0.00197716460562568,0.00907198829167059,0.00684568591594245,0.00208332581343325,0.00291308458021345,0.00173782608514595,0.00253601121732505,0.00194270544765168,0.00266203917674986,0.00328827939603929,0.00578934950970414,0.00511606852561886,0.00194606057309046,0.00187172830484648,0.00508197736331938,0.00171537780920151,0.00219844874195981,0.00231557727764473,0.00582801145324555
"32002",0.00464522665015518,0.00456594657981011,0.00608829585057473,0.00547087595387555,0.00659995120737343,0.00731906960016403,0.00308482930578031,0.00136422672319883,0.00191928170147727,0.00195927671731396,0.00783206732233984,0.00639251302489688,0.00253979813621298,0.0020563942546035,0.00206007008660468,0.00410992066231314,0.00159699085892463,0.00389001330777567,0.00250032771879088,0.0020873520487408,0.00639265442421768,0.00766279057702309,0.00558521544567063,0.00253425483193156,0.00444866716982958,0.00402983096924176,0.0106947979425449,0.00678614258269055,0.00140507458046986,0.00166155215274698,0.00123305563887799,0.0016796191664903,0.00239349166234966,0.00138568931266826,0.00177337113872966,0.00392917897211825,0.00174620093824655,0.00518882808794015,0.0152341373751474,1.04160379925019,0.0145149465214521,0.00668738739151444,0.00222525276376778,0.00242362146550556,0.009168964053934,0.00830236201129282,0.00531681359730864,0.00473019683802886,0.00387402784085799,0.00192373926799385,0.0017064818316646,0.00594976248754262,0.00162752934912672,0.00203337179509015,0.00139796547462641,0.00152668139841634,0.00178362477183837,0.00162431864914029,0.00169997879065062,0.016544041589447,0.0011489775040936,0.00156057351011652,0.00281744098692487,0.0012848279457075,0.0013666786447449,0.00281639662219027,0.00892456775393046,0.00674284071993019,0.00207004321866249,0.00267228727441433,0.00212012135340238,0.0012936513227298,0.00404419936317862,0.0020512727093493,0.00826537145641688,0.00467476939495216,0.00282603994707314,0.00443391195109253,0.00756721997650127,0.00611891483871192,0.00194654072047096,0.00155860702995945,0.00171844609500675,0.00133201318063663,0.00211109009790272,0.00249755189845928,0.00159467938273937,0.00322077662750643,0.00194518556615125,0.00257688076601803,0.00174064253175429,0.0018131950868674,0.00230215690654296,0.00733784666506409,0.00433469529801615,0.00348087504097299,0.00501549838975338,0.00692383311153848,0.00273808858485271,0.0105536178290565,0.00364543325005703,0.00190936546645295,0.00232174540210519,0.00192668768990002,0.0018242752126046,0.00197233650394375,0.0055478618391644,0.00847464333972038,0.00388587773643457,0.00256459255352594,0.00250456368454164,0.00215038052037314,0.00220281261402348,0.00169725539684954,0.00664784454635104,0.00481122588073795,0.00390555898024898
"32003",0.00193412335034953,0.00432674234822763,0.00473814685508879,0.00227985250144932,0.00256583171285852,0.0117013048099747,0.00419487533066303,0.00129606233858017,0.00171870509024194,0.0022330316713982,0.00333834323769379,0.00340196127038274,0.00294907524262905,0.0018570641293513,0.00210782289211935,0.00918657687066692,0.00180529626144851,0.00279262835369747,0.00193370751222589,0.00239440899448447,0.00427605773140703,0.00363497872739092,0.00388769542363257,0.00351075032501316,0.00423531234974622,0.00452736011436446,0.00363240118130765,0.0029727077732929,0.00163664133242114,0.00143026303118792,0.0013090729207052,0.00170583137493235,0.00212734337488884,0.00145583501082953,0.00293960674472748,0.00203960041112945,0.00178976814101323,0.00726219509368009,0.0187362606435603,0.0145149465214521,1.04107489955526,0.00949099533463466,0.00223132136413878,0.00242401023869686,0.00850018072964442,0.00529902391106734,0.00362073304002037,0.00540480021481101,0.00350423652890003,0.00295755509148268,0.00162689999265855,0.0067792020337917,0.00153639307261367,0.00225819356759582,0.00133985672109062,0.00162822279277268,0.00179646335732687,0.00151907544032174,0.00169694320158531,0.010941144638342,0.00117216753881477,0.00144062799120776,0.00201428051033604,0.00149515121247171,0.00118916395214768,0.00244684802821503,0.0106104845464997,0.00842672747791756,0.00239436338072551,0.00236084936483125,0.00184671222485601,0.00152814685657851,0.0101438832636326,0.00222332881620335,0.00902242944892801,0.00689303702907389,0.00405132786388141,0.00414124690382761,0.0116799230809306,0.0040946617758082,0.00320942575477496,0.00177829485074394,0.00159898129332477,0.00142839007774798,0.00270154185418636,0.00222130746617056,0.00181463851704604,0.00311481220515163,0.00242889485350107,0.00277287834739722,0.00184028128812067,0.00210516897801839,0.00409166429289196,0.00552447739483823,0.00509101006654668,0.00669038492772047,0.0106921473414102,0.00870919527496163,0.00403678073100614,0.00617327365909975,0.00289674408961693,0.00265652223845645,0.00259655426000038,0.0016272896607634,0.00154073086333358,0.00162200589605028,0.00393919175859439,0.00751951726695177,0.00682024371504995,0.0049697168320813,0.00251006495718225,0.00416119488627391,0.00190948594868576,0.00245397695096778,0.00468195893280826,0.00351962893302424,0.00550953997599022
"32004",0.00179300813894604,0.00168736549051191,0.00221314554769818,0.00237811743790597,0.00239452261616392,0.0116667707595227,0.00824814094064854,0.00128654477012751,0.00142278916228782,0.00192593216029072,0.00561325362031481,0.00239026582657833,0.00314956238296961,0.00234838669711306,0.00189961456839728,0.00665485382355416,0.00198708451648209,0.00260125432528074,0.00246184654710315,0.00175114466208664,0.002761947232402,0.00713826824089565,0.00333399955610263,0.00213283772913961,0.00378205758010372,0.0053602684551955,0.00417244025231654,0.00264847561242469,0.00164812508762756,0.00112621340628535,0.00162149719104414,0.00166397120104098,0.0030067417690439,0.00116777715269942,0.00129116298576149,0.00164707991239019,0.00166816842928784,0.00218770726786235,0.00370236045466219,0.00668738739151444,0.00949099533463466,1.03789843032656,0.00185119022936606,0.00194523907868162,0.0053460433154693,0.00766024311093731,0.00572618984298422,0.00656171617720412,0.0041129016502364,0.00251786211674363,0.00137989108258025,0.00286060954234763,0.00117348455761437,0.00132534072739006,0.00141203122159946,0.0018085721224268,0.00173759755695311,0.00191518302484717,0.00159872556610339,0.00724234265451224,0.00107426067647937,0.00185931327149734,0.00115961612863873,0.000947563184139159,0.00126932731057801,0.00245817291562081,0.0132090453755821,0.0142800127760606,0.00367171520591588,0.00182879143572012,0.0020985686623909,0.00148186599052908,0.00969878791737692,0.00564888957261028,0.0107957735641299,0.00941885284969918,0.00911222233636209,0.0120544961043248,0.00964908725283757,0.00832879882654946,0.00306517012375011,0.00174175745972911,0.00167667528190549,0.00129694829553222,0.00292313599882082,0.00205872293409997,0.00155347331130531,0.00713661739085384,0.00373634484179385,0.00506453454628128,0.00139120473704869,0.00372599114248942,0.00238285223204625,0.0028565609415014,0.00270769331246464,0.0107343495415646,0.00750800560135052,0.00697503453025604,0.00807925676775084,0.00592423510125408,0.00184600394597821,0.00608752166632657,0.00561499426343522,0.0022460886734329,0.00223691290516621,0.00247196784964349,0.00230884977421,0.00435111897223745,0.00146448938074277,0.00150693945282645,0.00318560774189144,0.00281010423848422,0.00264473993642703,0.00548338824180373,0.00719897148835343,0.0100862987170885,0.00667677761923993
"33007",0.00529634926384676,0.00285477476413784,0.00676677430364228,0.00239316914768634,0.00192557546379179,0.00280628636248072,0.00249922133090205,0.00598611322556719,0.00860154065527844,0.00251103321625067,0.0020041424315302,0.002517483180094,0.00276314818746261,0.00201526805965329,0.00542619660689047,0.00207452719896789,0.00375608616256352,0.00594733481516187,0.00234315437461982,0.00586231465243755,0.00311790118514595,0.0029662681663953,0.00335690616442384,0.00414774560799342,0.00391089876656801,0.00279773167465476,0.00785847649044906,0.00356868560287861,0.00380356905420137,0.00270710742522024,0.002373651202899,0.00422469496133345,0.00263539009759643,0.00386303683583276,0.00274135649434812,0.00401676103086955,0.00501966080903676,0.00194177122302027,0.00227142787547468,0.00222525276376778,0.00223132136413878,0.00185119022936606,1.06277619030579,0.00305381370095685,0.00324186921544529,0.00288085368514119,0.00633104809716472,0.00440932464696586,0.00406065613182061,0.00415728648426045,0.00570747837138406,0.00241196380267686,0.00278807588518865,0.00278107539690022,0.00286540093900821,0.0034942193870407,0.00550029746090923,0.00612560393423907,0.00979735363959915,0.00568784094778619,0.00299243744287921,0.00400675945397457,0.00677295207284219,0.00502300266258237,0.0026579255435863,0.00592334106482001,0.00216776205918439,0.00206161267644765,0.00231869439291809,0.00499971399235521,0.00225473939148759,0.00915690857627466,0.00316684859067349,0.00234693566324402,0.00177341678600731,0.00331864253502693,0.00242847020525629,0.00162630733675775,0.00175691156854511,0.00156026029827181,0.00276632588899922,0.00540083821311424,0.00570786519317037,0.00544651126436774,0.00209217792508134,0.00271862823850475,0.00515363754019126,0.00192027933298498,0.00468879038507426,0.00570695329505702,0.004460018732011,0.00357804315994587,0.00274405033460894,0.00488427307053734,0.00674989584021802,0.00233631750107961,0.00296126900648574,0.00156115401255461,0.00242407546126289,0.00185772442458362,0.0025969116691553,0.00317542767999675,0.00217765274396504,0.00807165018629137,0.00295908181830959,0.00294620354336554,0.00634527869986198,0.0022173530953635,0.00852183913831598,0.00460996333185117,0.00243474632369143,0.00545839107781334,0.0022955671326434,0.00237894366084728,0.00233367386872577,0.00228337668512293,0.00256645162029484
"33016",0.00389864664841997,0.00851815947542176,0.00764313206072443,0.00227686061446491,0.00287170995336261,0.00365997389127091,0.00356531046561474,0.00198947016045934,0.00838286613271363,0.00746090445247484,0.00222047179500456,0.00327510499401712,0.00490075054019945,0.00314239801535058,0.00576459568241562,0.00197379233481403,0.0127874489789269,0.00549278686021475,0.00508958899622787,0.00591153057979341,0.00576857610728541,0.00245856164622188,0.00204619894231679,0.00203555369173881,0.00251917278138918,0.00575796540168988,0.00366185811433692,0.0068646963213993,0.0080491692202257,0.00236555600136027,0.00226996923686157,0.00234376816780301,0.00249786952758549,0.00526151491161429,0.00272131129773567,0.00263281032279877,0.00290173312418217,0.00353622293543363,0.00176124329204687,0.00242362146550556,0.00242401023869686,0.00194523907868162,0.00305381370095685,1.05049332122123,0.00392690928325629,0.0025691955020966,0.00518886548290039,0.00527663671691206,0.0058751134011233,0.0023079590176035,0.00443696494487342,0.00694456704376649,0.0021145078417098,0.00243098900500497,0.00200927826234089,0.00283128234913428,0.0140722965591588,0.00377451530070586,0.00227241204742001,0.00234402062630317,0.00226602921662301,0.00229099606336854,0.00577842325885335,0.00664755732507364,0.00236590625959938,0.00348910534246681,0.00266227276089122,0.0021181806885958,0.00973899842027308,0.0105157851217166,0.00729391176831961,0.0026322591924465,0.00782158450911524,0.0019603927383097,0.00203748905307036,0.00366176991259495,0.0020820232594483,0.00388166075464198,0.00183836397780814,0.00231989124852754,0.00364312268964102,0.00232424117278212,0.00336126768076134,0.0017315026848649,0.00155426892895513,0.00325129271148219,0.00254299861664281,0.00207958611809181,0.00152824772474141,0.00165184169378778,0.00434640159164076,0.00150797918467471,0.00259656525496218,0.00587167346427839,0.0086764121705408,0.00440605284127137,0.00750571329844186,0.00273289888187605,0.00416671798468377,0.00211835698133307,0.00197527649785368,0.00252976902388668,0.00174963752276978,0.00243742144022601,0.0043746956092932,0.00249219590915471,0.00279369895128445,0.00450129875997877,0.00594320532339231,0.00251604117435711,0.00495894707878714,0.00244109619218242,0.00237200837919278,0.00166151317170187,0.00234573065558278,0.00255934687293723,0.00208780031357485
"34002",0.00267733982096978,0.0029695525270308,0.00413948410371233,0.00389841914905122,0.0040734667752169,0.0053009086066065,0.00580882885165319,0.0015651749541286,0.00254632962007483,0.00499603784673628,0.00648748848424048,0.00477305676417594,0.00747860021836617,0.00488590923078512,0.00289214122021975,0.00522187044941682,0.00284142504740157,0.00806858444578514,0.00526470111914196,0.00224537528343805,0.00611119101217798,0.00756293747034774,0.00680467004990247,0.00220673547937756,0.00848858247364088,0.00960722457649136,0.00307550593737439,0.00822260191024143,0.00290812257465416,0.00390349223259388,0.00152852054695824,0.00239092779923386,0.00379871488162754,0.0014788045634128,0.00164928418474902,0.0041995971937487,0.00357376680758295,0.00202741396101961,0.00615906204332348,0.009168964053934,0.00850018072964442,0.0053460433154693,0.00324186921544529,0.00392690928325629,1.02191306471651,0.00819777940083369,0.00651598050863223,0.00582942496672591,0.00780413500227379,0.0025297128338259,0.00203459911750871,0.00805717991941312,0.00182062130670013,0.00194650651571937,0.00154161957953289,0.00192645349373509,0.00268906669052469,0.00201919091198872,0.00167258643057357,0.00809506694588723,0.00129858865297956,0.00179986140075558,0.001957489637569,0.00138723523349834,0.00166176886864358,0.00560331007317053,0.00589310812075614,0.00377868528344571,0.00329116672487386,0.00562441120982725,0.00794244302230834,0.0030782645458578,0.0060742818270264,0.00293598159608183,0.00368718880158093,0.00315188626338656,0.00249246448707133,0.00527447784003436,0.00364989861980496,0.00626086879391191,0.00249683091106113,0.00220105134030971,0.0020242886831719,0.00158614241441302,0.0018479765241829,0.00537357760084677,0.00196550367376244,0.00578257365788539,0.00190483436136064,0.00270113901092917,0.0021685320353944,0.00178039212610853,0.00363057723577508,0.0101485559222688,0.00855020139364473,0.00952851173828452,0.00680393468614285,0.00347855772772395,0.00235172757155827,0.00297483998061664,0.00474798731839117,0.00233389634534312,0.00240507768149607,0.00218129641728311,0.00266214426008253,0.00240003049787138,0.00674211521110271,0.00577608048785116,0.00308901951513836,0.00238896524217559,0.00452685627048768,0.00262651280456092,0.00309800972925267,0.00157524519393038,0.00371461552523064,0.00453946855722689,0.00650167202454421
"34003",0.00735025706078883,0.00598589435359092,0.00713550819222386,0.0181232531048257,0.00705277858634111,0.00538333086023476,0.00514152804934281,0.00178042975480409,0.00195972519720696,0.00202963274320681,0.0104888313046931,0.0063281076241985,0.00524592611149064,0.00492484292274196,0.00186671541074459,0.00323874366323553,0.00498943950180907,0.00616151217650167,0.0024664172111895,0.00147796978136302,0.00233021410636427,0.00300207237565031,0.00611142333751246,0.00169381786880249,0.00557053416197081,0.00848379250693762,0.00993604933916297,0.0125800676514666,0.00212372837967808,0.00129940491126971,0.00190377923851598,0.00212949477918758,0.00526226546530314,0.0016151199060858,0.00141883470158972,0.0020266370465886,0.0019445212705595,0.00156397983806833,0.0103907412735859,0.00830236201129282,0.00529902391106734,0.00766024311093731,0.00288085368514119,0.0025691955020966,0.00819777940083369,1.03233810637987,0.00412901647399719,0.00512877213315143,0.00320564328571443,0.00250938864844559,0.00254617422856028,0.0032619704135376,0.00182783923594302,0.00173185898511241,0.00230731623221553,0.0041429174878075,0.00345169708784007,0.00326522874769453,0.00191794277470509,0.00813383753982784,0.00160093059306215,0.00242059062776815,0.00289647237838716,0.00143653695782567,0.00173210038534846,0.00903509192800548,0.00659041698945429,0.00572969902910991,0.00247776162142418,0.00418317708332443,0.00286027148765567,0.00155183771245941,0.00250389611934903,0.00377589315381651,0.00265979788324719,0.00288211956020705,0.00209282225432638,0.00223507223245938,0.00194381465294013,0.00197547030670601,0.00295300878189276,0.00200987448880382,0.00289023686358969,0.00154331516034712,0.00154312627980317,0.00470124776285903,0.00195106481978352,0.00251384902382569,0.00145022993371486,0.00274195893403879,0.00192303417996476,0.00185637324418114,0.0025509292417516,0.00663051985290305,0.00892705791138148,0.00560156747078264,0.00250912942707633,0.00230932399181096,0.00485089519283894,0.00760250097849667,0.00432915831896094,0.00474378766853122,0.00401161805191628,0.00433119847037212,0.00398326647715007,0.00257171993395116,0.00291746028581483,0.0025383008369709,0.00207237325618606,0.0018189072486077,0.00197726960576005,0.00476330156119305,0.00578916536822476,0.00188712323581735,0.00282586498235635,0.00409788063940052,0.0114365472423362
"35016",0.00185060157740054,0.00508949953537667,0.0104816931909933,0.00244397906393045,0.0023555685464976,0.0105231955056102,0.00548228279451066,0.00171420690006049,0.00302869721264296,0.00278661241821953,0.00661897323678144,0.00434150076874892,0.00341246914895368,0.00186902600898668,0.0053195211916436,0.00568323364922287,0.0026948411453303,0.00521445125496451,0.00695325752061826,0.00274545089448549,0.00825113442547284,0.00677154509356386,0.00846220550353425,0.00192555523435537,0.00473992218381746,0.00584607393010321,0.00532634295945296,0.00236310537941035,0.00192309090911527,0.00155034745819193,0.00135690758856067,0.00300680964952114,0.00610585663830277,0.00206116416081903,0.00168697637129999,0.00212655461032341,0.00609145390965482,0.00195500209791262,0.00229339825980314,0.00531681359730864,0.00362073304002037,0.00572618984298422,0.00633104809716472,0.00518886548290039,0.00651598050863223,0.00412901647399719,1.03326141013979,0.00621609815152174,0.0138567558632822,0.00530988543316684,0.00200611607126329,0.00381672267315762,0.00167302265795373,0.00239711322667404,0.0018336877452025,0.00215285194416303,0.00289448258008351,0.00319334300332944,0.00256595348576373,0.00785191273629771,0.00133211293719081,0.00254948724768224,0.00297181195207548,0.00216103560496129,0.00171628561755297,0.00835415832770209,0.00602142546774326,0.00351496198408573,0.00287448555683623,0.00223927247241612,0.00250406768387062,0.00496120221017201,0.00927426259865606,0.00156322179956892,0.00475496047109135,0.00650686392060316,0.00191560615950947,0.00254725477221404,0.00249216548981233,0.00269724294925345,0.00395185898962566,0.00198211381168053,0.00214849845944884,0.00211078024203449,0.00176096762358319,0.00287550302656314,0.00214357770362988,0.00318155742878345,0.00170987046308567,0.0024940992582361,0.00463377429643833,0.00201216976875833,0.00201753540897511,0.00322029857505525,0.00265986466625585,0.00604723582124084,0.00368615490509062,0.00388484562231772,0.00423808805141947,0.00194419061197777,0.00250004900776317,0.00369862102551901,0.00526319869116921,0.0029368711598626,0.0031031145353804,0.00492928353764609,0.00891924982703364,0.00231682459453491,0.00610089851055606,0.00520860548195136,0.00269334165102835,0.00680854774628666,0.00293873224906531,0.00169386397325423,0.00445177945858627,0.0099547155108434,0.00662194115568118
"39001",0.00227224402070487,0.00246230179782312,0.0058903146424916,0.00219564863696632,0.00932564177531628,0.00988763104889022,0.00786822005997379,0.00179989904276554,0.00405094680765525,0.0115111238673725,0.0031395079999852,0.00274960040861234,0.00834815209297944,0.00974030267556102,0.00227528278373473,0.00312745422561676,0.00874169114586463,0.00324439794347518,0.0115243263231253,0.00233180086829866,0.00393798752817975,0.0039683003635383,0.00233245382710242,0.00181019004003955,0.00206299547998267,0.00263663484478959,0.00540090095732291,0.00198646384635041,0.00517014100975222,0.00161547483981577,0.00237365706698782,0.00197733247675071,0.00230428646969863,0.00229313202708655,0.0020626480565297,0.0022682365285107,0.00214032628646962,0.00489375422614977,0.00216462283896147,0.00473019683802886,0.00540480021481101,0.00656171617720412,0.00440932464696586,0.00527663671691206,0.00582942496672591,0.00512877213315143,0.00621609815152174,1.03195340510778,0.0100022323321608,0.00256118418413668,0.00256419861198888,0.00809504641979854,0.00700965417115247,0.00536755073576834,0.00259973055724518,0.00292638864770781,0.00395018567666608,0.00750003289900852,0.00532592376498135,0.00322418955464859,0.00177657826090114,0.00178662250272546,0.00326646669011803,0.00234734140025016,0.00520134766753154,0.00386697235212605,0.00349322436305733,0.00535710570331751,0.00727689514166078,0.00280578820805708,0.00934700872685749,0.00256110578713501,0.00905558125444221,0.00447279221030912,0.0044140950559447,0.00356065786727969,0.00477844548927556,0.00478675247949771,0.00303594459233412,0.00292268221130429,0.00288539541257892,0.00190786041301007,0.00198498217918613,0.00267200000990984,0.00213086095730148,0.00193591710993836,0.00236408008697216,0.0027269745568164,0.0022632980792923,0.00171294408675432,0.00209052251721986,0.00211087304649845,0.00209120380327493,0.00312993028847016,0.00323794194122071,0.00806414075910786,0.00315589767709621,0.00594912290948937,0.00264105289789175,0.00228097598734451,0.00219018699384846,0.00283421655427505,0.00204805661401057,0.00212144150921194,0.00202937393850165,0.00239371294820413,0.00341086796237401,0.0049173043865499,0.00310742518467428,0.00237419772752693,0.00727477304970862,0.00487964679466591,0.0018153218554691,0.00171843203905408,0.00283276360885364,0.00517095441675216,0.00440918996148127
"39003",0.00194109534475713,0.0024047613363731,0.00586546362434736,0.00193226920476376,0.00231170126009027,0.00830654176908945,0.00665315736979966,0.00178814129314628,0.00238223101413384,0.00683607825013825,0.00497215166845312,0.00530148465308486,0.00836734026672342,0.00224922782253046,0.00361069906356963,0.00631475636446575,0.00503035641033798,0.00669540780241742,0.00628564987035168,0.00226850000439572,0.00826167992146508,0.00983520531549185,0.00599925416436325,0.002063328788646,0.00608927468530291,0.00496257275564777,0.00554845601673329,0.0027269326953396,0.00350043483141102,0.00161732376711783,0.00152925538432638,0.00330652638234756,0.00610585989710788,0.00149758033244328,0.00147576339574708,0.0019804265641578,0.00532682089114955,0.00163774168124255,0.00224604705763463,0.00387402784085799,0.00350423652890003,0.0041129016502364,0.00406065613182061,0.0058751134011233,0.00780413500227379,0.00320564328571443,0.0138567558632822,0.0100022323321608,1.02395038416825,0.00533803625946482,0.00249246896344147,0.00569579945482092,0.00171749840434748,0.00212891389961214,0.00166621984305708,0.0025153410841313,0.00400462312744512,0.00281212630100865,0.00493595348239786,0.00599249346202771,0.00132101729499727,0.00227462218824392,0.0044251107776653,0.00174223334691269,0.00159806780518793,0.00353699233350049,0.00827560037903621,0.00331099970106705,0.00426222264332508,0.00352370414051134,0.00421537964990161,0.00502858535535853,0.00997894474206891,0.00188932772584599,0.00393053001332541,0.00350191300622475,0.00214522386253674,0.00315400967508949,0.00238057967091239,0.00410520573091682,0.00574270813667962,0.00213635282066496,0.00203878335107404,0.00299629527565841,0.00160065740235834,0.00260321583502642,0.00246950060413805,0.00400871667141743,0.00171379634196917,0.00268039800583534,0.00262596940194304,0.00173117506959349,0.00223600868891173,0.00477461515280425,0.00366860192507597,0.00999155720282428,0.00403897069535264,0.00861970094247397,0.00299508228060302,0.00210264295719386,0.00270739303536157,0.00482339861106201,0.00339455236320215,0.00233846306663133,0.00283520343413163,0.00600744188390221,0.00543120006094981,0.00484644576643735,0.00238426188229425,0.00290262973551064,0.0022286823414794,0.00562441404841723,0.0027334183253454,0.00146774810907312,0.00615016665046412,0.0124548043194053,0.00411990526717263
"39004",0.00887956976031421,0.00140221469287591,0.00201009038801176,0.00202916256881045,0.00206251588377238,0.00255898066491934,0.00197588175115086,0.00272400341974518,0.00273467340729597,0.00357643772212839,0.00202799875743014,0.00155556337302113,0.0019425879065835,0.00140713696507169,0.00323858404993536,0.00266360918412189,0.00186346016499238,0.00192003787279542,0.00543915851169099,0.00489143541087524,0.00231981633289066,0.00392070788171851,0.00529731434088413,0.00701095718110153,0.00362872754008938,0.00424378772614064,0.00668663756309409,0.0040491839016745,0.00271386698099451,0.0020158951935663,0.00508659389646769,0.00453221913564872,0.0053054372751866,0.00183586638131738,0.00178294566641413,0.00241801226428506,0.00612168223822773,0.00167701794935568,0.00240848284489118,0.00192373926799385,0.00295755509148268,0.00251786211674363,0.00415728648426045,0.0023079590176035,0.0025297128338259,0.00250938864844559,0.00530988543316684,0.00256118418413668,0.00533803625946482,1.0402034607877,0.0023127521687017,0.00459230868128069,0.00168810097947945,0.00191770879227661,0.00581097173740328,0.00230900256735498,0.00181493563585901,0.00443260454061287,0.00318465000139763,0.00586118112786069,0.00223883789236056,0.00878503946936763,0.00199615157280567,0.00161719871434022,0.00179392483769775,0.00195147353491158,0.00236816472979109,0.00430522404552698,0.00179950657824058,0.00274147838027577,0.00217008336433211,0.00791302683480482,0.00229578053615549,0.00184925162850973,0.00198524570607183,0.00182898300479829,0.00511064506241979,0.0023668609303328,0.00273658811696298,0.00270891796202115,0.00423580727632734,0.012013789580144,0.0115241052331556,0.00280589112386251,0.00260618793338439,0.013819887488866,0.00254464197829535,0.00466628748183729,0.00286338010899372,0.00730366428752188,0.0027143150607081,0.00444235676989095,0.00231322027223288,0.00242595876960151,0.00762909935477657,0.00357898810142647,0.00539633911992813,0.00446977953021093,0.00710375537865692,0.00381887192485104,0.00295290870265284,0.0038720445794831,0.00957056476287244,0.00500026676676948,0.00828035250622097,0.0114699449452243,0.00261666130880207,0.00645188631092428,0.0018991580988506,0.00520448140179809,0.00212333473298469,0.00951292747823118,0.00979474178388329,0.00327569499020386,0.00244044520060502,0.00688755717274976,0.00340006753009635
"39005",0.00504189233312022,0.00933361137691731,0.00329550203875174,0.00574608600156893,0.00215238955836677,0.0017182435411117,0.00248880166894202,0.0137462066240875,0.00314144983085212,0.00618740353531268,0.00180430864011691,0.0076355697302031,0.00477137884042586,0.0059216581152769,0.00492767011376187,0.00172300513349412,0.00934804085525184,0.00953451654561816,0.00175821290113481,0.0112898669025968,0.00220888325646598,0.00218646924025373,0.00174392702835846,0.00577481719706117,0.00193869034990706,0.00176098214170244,0.00416545302098609,0.00178288468378051,0.00639302782712885,0.00365392345982216,0.0102473437966627,0.00258117465659354,0.00307767841443798,0.0048266170832433,0.00699415367431689,0.0088051707137602,0.00573223517428607,0.00225836052612288,0.001597683969144,0.0017064818316646,0.00162689999265855,0.00137989108258025,0.00570747837138406,0.00443696494487342,0.00203459911750871,0.00254617422856028,0.00200611607126329,0.00256419861198888,0.00249246896344147,0.0023127521687017,1.04119758530291,0.00479835968581461,0.0055033095347171,0.00280914544301856,0.00634213636653371,0.0061176873609537,0.0113631148737119,0.00267040900664072,0.00714111852256375,0.00162397642387556,0.0133265255049431,0.0024229523419994,0.0056163945853269,0.00621183536197376,0.00523003796504768,0.00545175942938561,0.00207684651170687,0.00203522103018134,0.00832113657271709,0.00637753681496985,0.00325466146955033,0.00525569312457379,0.00246287895495458,0.00305927370651777,0.00155674115114181,0.0021901886295783,0.00167810449402345,0.00130316973783976,0.00123101366447602,0.00137680465162959,0.00506703538911724,0.0029936258337179,0.00367624220720668,0.00493149537419055,0.00297270739688223,0.00226327759906998,0.00533013811565715,0.00159366161721915,0.00209053743959394,0.00167669028300703,0.00629688651159197,0.00386060297105747,0.00587420156248488,0.00247813912820277,0.00224032281198332,0.00305461537079439,0.00185233465186739,0.00138471913630457,0.00171769480229568,0.00170803204281727,0.00294866187487455,0.00272347711511316,0.00157314677035644,0.00550298859746209,0.00170332919031313,0.0018307870129795,0.00269113273303486,0.00159132867814481,0.00542921427558028,0.00235663806992198,0.00298225987915765,0.00575358432791698,0.00151276361135387,0.00351227913644254,0.0030378642770319,0.00156915909129557,0.00201465032895827
"39010",0.00449669731669788,0.00317413417852843,0.00504955313165696,0.0028120731877375,0.00733043246020501,0.00583263022132378,0.00279225998261557,0.00217802553508937,0.00366630725504288,0.00671554956662431,0.00474749605516851,0.00373288992262404,0.00687236238062517,0.00309167200106811,0.00536006454429841,0.00380656361952718,0.0057183975846254,0.00369673560652656,0.00457586781463514,0.00331666264305805,0.00360522610598579,0.00289274299729284,0.00454870439813618,0.00511634552739647,0.0027826974740386,0.00766649909860788,0.00313159424992501,0.00431226042630808,0.00574107391452885,0.0018191389742528,0.00249078625419257,0.00245286573578034,0.00518961691662864,0.0017610091142647,0.00179853415410808,0.00511366623438203,0.00321068156911481,0.00302451981445911,0.00642785412685253,0.00594976248754262,0.0067792020337917,0.00286060954234763,0.00241196380267686,0.00694456704376649,0.00805717991941312,0.0032619704135376,0.00381672267315762,0.00809504641979854,0.00569579945482092,0.00459230868128069,0.00479835968581461,1.02252780192904,0.00254447710613722,0.00276355356256802,0.00469877705850065,0.00536390723755061,0.00556970294054899,0.00252637948926582,0.00327789360832735,0.00609019058363077,0.003172888232692,0.0020140696199263,0.0037102798649344,0.00210316878679501,0.00482280199419549,0.00319435503343889,0.00224814966769763,0.00311026518427112,0.00497247746925654,0.0118344170882851,0.00680988804657458,0.00211516678792627,0.00783340873748962,0.00182177024021806,0.00497885842831866,0.00336487870394484,0.00188232765224035,0.00207061728932127,0.00528733346591912,0.00232655327020526,0.00283825122185139,0.00228965966688016,0.00261652022896192,0.00256032512394352,0.0018552243180645,0.00552900391207523,0.00509799147538782,0.0033149724964752,0.00167194447811088,0.00233354596985184,0.00566100509152566,0.00172371514522805,0.00332560748630179,0.0101742090333797,0.00736847730043723,0.00579930731976749,0.00270462983475898,0.00508434723278944,0.00206568235997801,0.00294836590113724,0.00783357023960619,0.00528982722025328,0.00488466113423579,0.00231517540434338,0.00256001232298395,0.00291081524171717,0.00614702542025656,0.00300049022162734,0.00254788671848796,0.00532010146593746,0.00377890472902285,0.00427548427824977,0.00359851347463273,0.00172276193729115,0.00456362622602926,0.00270527974662359,0.0047820118623161
"39013",0.00260126099812178,0.00546856563471558,0.00268606439024977,0.00353231951999519,0.00478213105681424,0.00129814515581997,0.00140914555514821,0.00658178139862742,0.00363251423154918,0.00777228027974121,0.00616746844394894,0.00612719973039376,0.00361552814979866,0.0101767545971605,0.00271633771961519,0.00123917239171484,0.00371814361153205,0.00244077373629297,0.00509688109510528,0.00621345793750867,0.00268754743942545,0.00185486866478378,0.00211170774328657,0.00643578256945627,0.00155488163449265,0.00137270000894321,0.00160208960998381,0.00155331931917072,0.00604126397656414,0.00410316246299261,0.00580221950203283,0.00169253981150012,0.00296548412131585,0.00541166059077979,0.0105762877536835,0.0054764123673647,0.00195660551063609,0.00616742366803624,0.00225439733837355,0.00162752934912672,0.00153639307261367,0.00117348455761437,0.00278807588518865,0.0021145078417098,0.00182062130670013,0.00182783923594302,0.00167302265795373,0.00700965417115247,0.00171749840434748,0.00168810097947945,0.0055033095347171,0.00254447710613722,1.04291508939226,0.0170203818884314,0.0146815756348819,0.00625122827845014,0.00412229264714065,0.00613366176907969,0.00641789642901117,0.00134820838880898,0.00842704895594918,0.00194392545872012,0.00710507446136146,0.00937567403542638,0.0142594414153548,0.00741577718055672,0.0012840721797599,0.00141752569535745,0.00364875899481956,0.00208916906567898,0.00935356571247766,0.00265598518650126,0.00143608746687553,0.00561177880047303,0.00123954325873374,0.00150460656864751,0.00427028159872947,0.00159663024741013,0.00144238479556051,0.00134393495349687,0.00190375811750306,0.00203617432126901,0.00570328543888056,0.0127494076154492,0.0077235433618711,0.00147711137847921,0.00774974526516353,0.00179069699077004,0.00400292618457293,0.00134483339478347,0.00429916998193534,0.00266603733694423,0.00508228107508211,0.00222061913250617,0.00168555933476728,0.0013681681962597,0.00135101971575856,0.00127713246369768,0.00166498658363102,0.00236555150640529,0.00873396293014126,0.00171551447358055,0.00137684308932034,0.00362217875183721,0.00165268974755881,0.00175259921415106,0.00321069874901958,0.00198108354894856,0.0102863008995289,0.00299746625434218,0.00287518195901442,0.00191846530919635,0.00144529844749943,0.00267606900257724,0.00224003079424883,0.00132767793257628,0.0017813148866004
"39016",0.00239041008735619,0.00422871638208506,0.00233448030628777,0.00240745658763922,0.0050347655144106,0.00140614595676149,0.001584319076846,0.00341364811182487,0.00987583455764662,0.0116614387423282,0.00247356935596016,0.00308540086087195,0.00254762348256483,0.00895959881902197,0.00504019291185243,0.00141918740122223,0.00616020546348162,0.00232976195369128,0.00828586089451439,0.00277476106838574,0.00732796694477954,0.00452472324305712,0.00478779935463652,0.00302457182322285,0.00207171677277995,0.00164752487886823,0.00155710814732628,0.00167111409501819,0.00322910071295157,0.00326263517132937,0.00296691544058741,0.00219139682390718,0.00489281070162773,0.00565097303764751,0.00670489605388027,0.00571625944016451,0.00236349001796051,0.0090095278096244,0.00445343858705138,0.00203337179509015,0.00225819356759582,0.00132534072739006,0.00278107539690022,0.00243098900500497,0.00194650651571937,0.00173185898511241,0.00239711322667404,0.00536755073576834,0.00212891389961214,0.00191770879227661,0.00280914544301856,0.00276355356256802,0.0170203818884314,1.03817397295341,0.0103427389319306,0.00764720037235789,0.00474097468196343,0.0115155460893979,0.00286540926138875,0.00152261521740862,0.00535729042559942,0.00270489406971831,0.0041952152557354,0.00517846111168471,0.011915444510522,0.00743918963800907,0.00154859091026068,0.00143446461708725,0.00336129555445369,0.00224804977462704,0.0092685731748276,0.00238875997480074,0.00185159151396981,0.00385903482511351,0.00141787763598838,0.0015837999496273,0.00213375434810732,0.00149022967942163,0.00176060817345168,0.00144788097812077,0.00243974761021175,0.00169405859625843,0.00300468860178927,0.00727161558268916,0.00669396342922476,0.00178245054720807,0.00594492069967037,0.00185800467876214,0.00475146293431247,0.0013326151293576,0.00935381822242403,0.00190080597523759,0.00396974852112171,0.0025594245246742,0.00158002576779188,0.00160400632788138,0.00148944054008968,0.00203982390874829,0.00173006313850917,0.00547293871867749,0.0120844204317281,0.00192458306496693,0.00183395046278413,0.00579248857758738,0.00288019627769986,0.00209232849381495,0.00699113498333683,0.00220027293289219,0.00961154915431507,0.00608668169613213,0.00364144047333357,0.00250877468397057,0.00182572524562537,0.00234659398603415,0.00343979748510142,0.00209100679876191,0.00204282311217383
"39019",0.00607700923346569,0.00651963859579391,0.00212145446379374,0.00650996036386622,0.00211882423826275,0.00122587024915818,0.00134200462790968,0.0065530667639257,0.00491354645162616,0.00335126757002772,0.00210534437518926,0.00241741212030491,0.002312873823692,0.00590908817695588,0.00305417172075456,0.00137867913751014,0.00536865075857558,0.00614050618071588,0.00338493871818687,0.0029736553293834,0.00457132783769775,0.00232545938874175,0.00347708982232037,0.00548782888313872,0.00177016529277534,0.00179855305313577,0.00278495241150837,0.00224485874552274,0.00320256024561253,0.00393000831163345,0.0104306648825605,0.00289146649690942,0.00895718398117685,0.009661739294509,0.0062070478376161,0.00568528937393837,0.00262836679885386,0.00257691361274874,0.0017008232455124,0.00139796547462641,0.00133985672109062,0.00141203122159946,0.00286540093900821,0.00200927826234089,0.00154161957953289,0.00230731623221553,0.0018336877452025,0.00259973055724518,0.00166621984305708,0.00581097173740328,0.00634213636653371,0.00469877705850065,0.0146815756348819,0.0103427389319306,1.03534845553125,0.00985592282079942,0.00520695117649524,0.00365879102907662,0.00378834666115637,0.0015257450200404,0.0144793130795624,0.00700572950811289,0.00276814251834823,0.00884986627023901,0.0126197563161079,0.0105390520349098,0.00182266859422601,0.0014674349639063,0.0025778473771585,0.00285723576299109,0.00258215042031914,0.00255551536886259,0.00134550278955177,0.0047911971779019,0.00126460642695482,0.00144993337707109,0.00270827053174634,0.00142339611263392,0.00155558162816775,0.00129028535708007,0.00265657452373673,0.00651456792941581,0.0061067760376316,0.00938042354582792,0.00423117749279973,0.00269206780335166,0.00607354715459,0.00153804249716653,0.00260794398002742,0.00162296016681707,0.00487875586574793,0.00297640020411817,0.00354654887009516,0.00181414570622968,0.00202686613441889,0.00148490758507267,0.0014789881720858,0.00135401826926295,0.00418484109643798,0.00245291157458364,0.00677614701978998,0.00228849789496549,0.00227261032449545,0.00800835148133521,0.00495293326731995,0.00635222415037844,0.00388861313311727,0.00526067634697071,0.00341261365013742,0.00227576200468907,0.00191650016568888,0.00304279281440808,0.0024240111613537,0.00821082430216735,0.0027347963212983,0.00148603877803946,0.00182520692642308
"39023",0.00253840493597904,0.00455626793008794,0.00229021143623174,0.00350625306899354,0.00326471599101782,0.00182683222751834,0.00260028833504837,0.00881128017304633,0.00557691948856926,0.00374144373068062,0.00274261986624058,0.00199519164600079,0.00498930380703915,0.00335699332019955,0.00620268473800063,0.00173997297817571,0.0104111275034261,0.0056026508868714,0.00406978969628464,0.0039334089764099,0.00549207835721027,0.00497048732165652,0.00511858430373254,0.00565886625641602,0.00234030155864798,0.0019528432268177,0.00219289324620524,0.0033197402141321,0.00702245399748853,0.00272244541588966,0.00585619545342959,0.00334951538445724,0.0100223091198636,0.00333839823021509,0.00512713886105429,0.00689484960490893,0.00365512394609022,0.00236442953713478,0.0017608150008868,0.00152668139841634,0.00162822279277268,0.0018085721224268,0.0034942193870407,0.00283128234913428,0.00192645349373509,0.0041429174878075,0.00215285194416303,0.00292638864770781,0.0025153410841313,0.00230900256735498,0.0061176873609537,0.00536390723755061,0.00625122827845014,0.00764720037235789,0.00985592282079942,1.02854732833682,0.00444627569890295,0.0128588134637703,0.00365637138789448,0.00170445748943646,0.0072691505380238,0.00764607456208347,0.00531065461725664,0.0053951342874331,0.00808903729486964,0.00773977137034855,0.00447084543685241,0.00199764682118949,0.00438872514178974,0.00602943400665309,0.00425498863206879,0.00235797116689627,0.00208055993567395,0.00197626550837623,0.00156714798855274,0.00171773189081697,0.001841329517262,0.00143535251420441,0.00144074235160262,0.00149316378741717,0.0103190393910671,0.00240445644150586,0.00330674685374341,0.0105958538666839,0.002625998010939,0.00239343532961218,0.0136191883698131,0.00234687709754008,0.00181642487953782,0.00172835965496089,0.00644257006343667,0.00238638021861289,0.00820148765278694,0.00207132566233141,0.00226471137291238,0.00333868150465932,0.00202854719328125,0.00195090170890308,0.00266364570285255,0.0018427907603753,0.00609069629688503,0.00695034077962663,0.00261251868747694,0.00353541441784577,0.00287096513979442,0.00265713781529372,0.0041110419011742,0.00146784862094122,0.00347869438716692,0.00218835539982036,0.00282111119220829,0.00566288059992262,0.00343766605767579,0.00229092402638753,0.00547936595636025,0.00244902634012247,0.00267865225649483
"40002",0.00273715862508739,0.0118378759923253,0.00892470732536422,0.0030687848049908,0.00247982569423255,0.00199116873293104,0.00267863741522205,0.00557967452081901,0.00621692940427254,0.00984226950910154,0.00196588946169111,0.00515147194328128,0.00471169699624056,0.0051729972153223,0.00239792265921198,0.00158640748064392,0.0126284157746018,0.0082675251798644,0.00294051201072161,0.00422821529129837,0.00254777490535597,0.00426663525702534,0.00171391350148308,0.00224550341698875,0.0017519613735149,0.00276033735873431,0.00523577758595462,0.00225407115075358,0.00903097500515286,0.00573516040069621,0.00636221566127477,0.00228948228971266,0.00280175375679703,0.0118321154537608,0.00603614543723623,0.00239579191750438,0.00216206709433109,0.00658172683835381,0.00160283363425153,0.00178362477183837,0.00179646335732687,0.00173759755695311,0.00550029746090923,0.0140722965591588,0.00268906669052469,0.00345169708784007,0.00289448258008351,0.00395018567666608,0.00400462312744512,0.00181493563585901,0.0113631148737119,0.00556970294054899,0.00412229264714065,0.00474097468196343,0.00520695117649524,0.00444627569890295,1.04247813503349,0.00421459341194345,0.00281035650900972,0.00182550146539497,0.00664320851330151,0.00233412425881794,0.00797815825005966,0.0140163323306435,0.00623443997059194,0.00684391293282699,0.00486143134628445,0.00168794681569397,0.00823784435972741,0.00442696714850029,0.010309561817328,0.0037426095562438,0.00303177122520024,0.00237267710826435,0.00135119476195975,0.00237070732483386,0.00142360521678597,0.00138319397865874,0.00131124801027582,0.00130114426364897,0.00515686782311644,0.00182658009541968,0.00240517388142923,0.00285190281919597,0.00186130781121788,0.00146928809566228,0.00269850719627905,0.00145615016084964,0.00169150313963452,0.00149968826663364,0.00284269720723015,0.0018168202762349,0.00201193024083591,0.00499547606694721,0.00308494017700389,0.00349347033277421,0.00202152127660907,0.00148347117788529,0.00210314309832683,0.00149090679783095,0.00204591817080976,0.00401412980843583,0.00150942814908257,0.00343498062067375,0.00188560047307601,0.0022196118352415,0.00284505793493041,0.00170878433799948,0.00562730370500187,0.00353452947444819,0.00524283278673381,0.00225032944929127,0.00164638094395407,0.00206771205223542,0.00166037907096771,0.00192379146548537,0.00177554061487612
"40007",0.00225077891532042,0.0027111742183145,0.00228956878694699,0.00225577663424187,0.00675764712600364,0.00186042493495029,0.00261826846105925,0.00217147929179736,0.0122496732388192,0.00946728446943173,0.00213446451639277,0.00189706406384539,0.00238948963439957,0.00750833779895309,0.008044130869702,0.00180718459043681,0.011117832885182,0.00439184627291679,0.0108203010275541,0.00287513684055652,0.00574967090842489,0.00577674756898663,0.00383781568617058,0.00194225298244487,0.00269691052124688,0.00259043313925437,0.00216591140866461,0.00510269171355528,0.00603783492456064,0.00221577060911486,0.00200717009246207,0.00415629324952168,0.00604288979000912,0.00499424704102071,0.00224391698589466,0.0041088140654096,0.0050037124510703,0.0054330450003658,0.00161370822395447,0.00162431864914029,0.00151907544032174,0.00191518302484717,0.00612560393423907,0.00377451530070586,0.00201919091198872,0.00326522874769453,0.00319334300332944,0.00750003289900852,0.00281212630100865,0.00443260454061287,0.00267040900664072,0.00252637948926582,0.00613366176907969,0.0115155460893979,0.00365879102907662,0.0128588134637703,0.00421459341194345,1.03156112353678,0.00301629195439226,0.00210600565403213,0.00256288240260795,0.0105701517256187,0.00371368311998353,0.00333984490278788,0.00650017729820689,0.00362088349915869,0.00331741438843714,0.00188909876228744,0.00366888816981507,0.00518099854997226,0.00817211516006033,0.00313260519681969,0.00207617179573433,0.00158415741822374,0.00160758247892314,0.00164107304116623,0.00157056804737327,0.00146399871853037,0.00143504519948465,0.00154521715916401,0.00586362618410772,0.00227461752264214,0.00345061778439526,0.00289780724006474,0.00177966057078955,0.00299809464537453,0.00360514182843584,0.00190468888768516,0.0016177763642512,0.00211530846314282,0.00680955949106099,0.00158520959364694,0.0050217910942041,0.00197559454033653,0.00247777671201926,0.00454868852412965,0.002043458461395,0.00176742502647546,0.00261553479696458,0.00176948565581576,0.00318144970265557,0.00538754865711654,0.00586280955398122,0.00553055024067862,0.00905455255961526,0.00625998112291487,0.00866166577686807,0.0017853326621205,0.00474583307224523,0.00395959866334956,0.00574895101611282,0.00752527679583619,0.00614287045610634,0.00161164890172055,0.00271002330073263,0.00395150678618287,0.00277267563758418
"40009",0.00279922426725095,0.00208206487005734,0.00513443711080308,0.0016191812051975,0.00173569624878441,0.00293602218716877,0.00183091142301446,0.00750477646689609,0.00290170011362063,0.00217182258287092,0.00169720646927619,0.00203270132972926,0.00263428692081915,0.00194577247899644,0.00304963008136161,0.00150727771119597,0.00226185481022439,0.00184479541361363,0.00172310294266692,0.0113081584780309,0.00252906947774007,0.00533987676426978,0.00215222878729716,0.0074108312489796,0.00156991574875192,0.00197418845477968,0.00329776362162566,0.0016067582798389,0.00680675495837772,0.008351178659816,0.00409186676553073,0.00291740676642644,0.00180066309528718,0.002984983723927,0.0101773307394201,0.0101024813088985,0.00644986773327194,0.00291525689913183,0.00178446016205594,0.00169997879065062,0.00169694320158531,0.00159872556610339,0.00979735363959915,0.00227241204742001,0.00167258643057357,0.00191794277470509,0.00256595348576373,0.00532592376498135,0.00493595348239786,0.00318465000139763,0.00714111852256375,0.00327789360832735,0.00641789642901117,0.00286540926138875,0.00378834666115637,0.00365637138789448,0.00281035650900972,0.00301629195439226,1.06549550505752,0.00280897630517128,0.0079687208373746,0.00223349412976037,0.00554057908592005,0.00431587370845472,0.00322755581443241,0.00275253696782285,0.00166121394015737,0.00181988060403782,0.00218853724648161,0.00367107350807008,0.00195985039337549,0.0106673724717079,0.00215262161249799,0.00680250559040935,0.00162467546316482,0.00209312490353506,0.00257095299231209,0.00206920827204709,0.00201790536002005,0.00185053145555045,0.00519949819375038,0.00914188446255218,0.00727192749336261,0.00965014639921145,0.00473211012213808,0.00533592443369355,0.00435077655247827,0.00215277940829687,0.00838167454301608,0.00206140829185262,0.00271423254039622,0.006350955652533,0.00301978561763689,0.00173430136846712,0.0022026770270063,0.00207104187833975,0.00202765920722385,0.00205010796062308,0.00203211994060214,0.00195935317153954,0.0027601895720756,0.00273186157782191,0.00176914925334307,0.00328168503423913,0.00173087083725731,0.00240745876347509,0.00266792414300002,0.00218747158498913,0.0103975034237622,0.00313021965056426,0.00393986013798747,0.00842616474076985,0.00184347965998968,0.00515180173907447,0.00223729694825665,0.00213380702720896,0.00203734814634326
"42001",0.00512915661427122,0.00251339758760132,0.00612417201493822,0.00483894818989085,0.00524121965643415,0.0119644570778073,0.00309734723158953,0.00138131905467095,0.00238669152738805,0.00193467327576807,0.0086176234533732,0.00524064888894123,0.00289398921974005,0.00174437848696827,0.00242156458770492,0.00530882493590145,0.00181909295157098,0.00500154313010388,0.00246553020133733,0.0024192436268001,0.00285734810924779,0.00367420196979084,0.0101693911015605,0.00204422454048706,0.00550968475434028,0.00479330733982317,0.0103673808198095,0.00937433680394213,0.00166029054050106,0.00114876126635694,0.00133499974345286,0.00200090321029622,0.00434966714271279,0.00129323685098818,0.00137476421313582,0.00194368833103107,0.00298654942619951,0.00165026515061634,0.00936150703602261,0.016544041589447,0.010941144638342,0.00724234265451224,0.00568784094778619,0.00234402062630317,0.00809506694588723,0.00813383753982784,0.00785191273629771,0.00322418955464859,0.00599249346202771,0.00586118112786069,0.00162397642387556,0.00609019058363077,0.00134820838880898,0.00152261521740862,0.0015257450200404,0.00170445748943646,0.00182550146539497,0.00210600565403213,0.00280897630517128,1.03505176575281,0.00116221858802561,0.00186993157090945,0.00309429414487929,0.00137580188102815,0.00144535712952615,0.00508818576922817,0.00821623426660174,0.00460440203519955,0.00208025486788124,0.00481847889368053,0.00226983752360876,0.00184043044085551,0.00624802205778233,0.00160327940368661,0.00412368358706459,0.0034509365374024,0.00209157844148168,0.00207312830856962,0.00269201482495499,0.00243003247351583,0.00223002133899712,0.0021839923266377,0.00209134376767043,0.00155229675968598,0.00142316331113882,0.00276106414067365,0.00179893694383881,0.00261164573653488,0.00148306095876855,0.00411855924140932,0.00182741153959428,0.00188706696630752,0.00251365929182783,0.00783381150377389,0.00708651248385305,0.0074916864507095,0.00873142193458955,0.00310735277663078,0.00211179985606661,0.00845803310059061,0.00263168631925216,0.00236276243292603,0.00538597417995887,0.00203757288100344,0.00271436179235274,0.00365687504920852,0.00819733942984821,0.00690975464954772,0.00226671434004554,0.00313988597138005,0.00402287342199896,0.00519604725694,0.00311599945253955,0.00172298640136527,0.00457227879012721,0.00441183169461473,0.00678204478241793
"42007",0.00584571590271366,0.00773936559773364,0.00207793773635189,0.00502244923925695,0.00172951611913408,0.00104619550576048,0.00127659563027409,0.0122029415414395,0.00247273339508779,0.00511687553397667,0.00157334949659977,0.00276456237809727,0.00225730053015127,0.00589310878390618,0.00238175104609698,0.00111860466964941,0.00338676978745577,0.00609872000375797,0.0017283552889087,0.00559722948828889,0.00176226835208557,0.00161495754064007,0.00168887934969682,0.00855932142299248,0.00149407417698497,0.00139064106015374,0.00157226172181587,0.00156809330750405,0.0034145394053011,0.011176925365784,0.0128234370399664,0.00362157471448512,0.0040487491894863,0.0128561626670899,0.0122681702628126,0.00565492276083823,0.00547435040067731,0.00333330992918098,0.00145792138246947,0.0011489775040936,0.00117216753881477,0.00107426067647937,0.00299243744287921,0.00226602921662301,0.00129858865297956,0.00160093059306215,0.00133211293719081,0.00177657826090114,0.00132101729499727,0.00223883789236056,0.0133265255049431,0.003172888232692,0.00842704895594918,0.00535729042559942,0.0144793130795624,0.0072691505380238,0.00664320851330151,0.00256288240260795,0.0079687208373746,0.00116221858802561,1.05453944617784,0.00480910452936221,0.00320477975507772,0.013967533712177,0.0155523032007422,0.00445926500810142,0.00130960796280048,0.00132631028285354,0.00362304116835225,0.0049861253120356,0.00249979520655448,0.00549742822310442,0.00135782723607344,0.00630764283440344,0.00109135930286934,0.00131856284464288,0.00226182117523806,0.00132375745789771,0.00143471017250602,0.00123134274002237,0.00252582586954734,0.00544792341676901,0.00357113375189687,0.00940075522673011,0.00596348468943067,0.00203377361748717,0.00420425274139454,0.00134866694108593,0.00303482587720836,0.00140740006433689,0.00551271931757146,0.00357157873244917,0.00304937662049072,0.00164383137319752,0.00160554070632685,0.00134424555698316,0.00130814436538732,0.00106339481302337,0.00198246112767747,0.00175893573560343,0.00281227485096392,0.0018125889632008,0.00128354574491845,0.00321101925888648,0.00175485033184237,0.0023201602063856,0.00202031378084642,0.00170403470988769,0.0034708943952318,0.00239173593328697,0.00221906791028592,0.00318678931505858,0.00151359999950828,0.0077758061128528,0.00180977058639915,0.00107106014601383,0.00141838363335384
"42010",0.0106720987893054,0.00218867051129718,0.00166373793853199,0.00234589789783079,0.00187732218830539,0.00150956135809599,0.00202366978349554,0.00309382430840256,0.00512812241712459,0.00193957321061008,0.00171192618612076,0.00148946097588247,0.00179284372386454,0.00179455166038809,0.00457373865453229,0.00173866126547588,0.00547457239217797,0.00456880103354292,0.00629669121144385,0.00181987070340885,0.00227770247841307,0.00246295332645894,0.00491913271959751,0.00722606398844251,0.00319313099646523,0.00484328621776558,0.00618735152402348,0.00614148907043515,0.00264024940052953,0.00325127864815031,0.00320936980873448,0.0100005874051398,0.00626303489900276,0.00548881270227932,0.00188199277821492,0.00222713273228586,0.00662595960545496,0.00184216145550134,0.00162801001275499,0.00156057351011652,0.00144062799120776,0.00185931327149734,0.00400675945397457,0.00229099606336854,0.00179986140075558,0.00242059062776815,0.00254948724768224,0.00178662250272546,0.00227462218824392,0.00878503946936763,0.0024229523419994,0.0020140696199263,0.00194392545872012,0.00270489406971831,0.00700572950811289,0.00764607456208347,0.00233412425881794,0.0105701517256187,0.00223349412976037,0.00186993157090945,0.00480910452936221,1.04809368994682,0.0017353735020563,0.00392932623425284,0.00254494563231527,0.00249727119415883,0.0046594392645496,0.00197936060942295,0.00159369708597906,0.00384276769829398,0.0045479331707891,0.00272824925844621,0.00140226162634603,0.00208175998810501,0.00150637212066867,0.00140207849556896,0.00506359138911838,0.00206507375780527,0.00458939762727719,0.00216383958725141,0.0058391493056386,0.0065183497277475,0.00480686977822422,0.00214986162775072,0.00460841117861947,0.00756238805063666,0.00238441493220429,0.00185963249334558,0.0044523576703663,0.0035053740826858,0.00650129658604119,0.00508429519360705,0.00234065696056575,0.00171693680414819,0.00299003768691791,0.0021078866334284,0.00194011450558242,0.00203716010130268,0.00788313610535341,0.00228489744487196,0.00238096966916925,0.00318450862289831,0.00665891144714867,0.00825823259615232,0.0164856425268538,0.0138280550798912,0.00481559778387585,0.00509100336962325,0.00186064676423065,0.00640157052859545,0.00168277504477467,0.00576378647864878,0.0100493966211854,0.00595912271066111,0.00182974991126877,0.0051952807737281,0.00226772642787718
"43008",0.00515162862063315,0.00664995730292641,0.0142114871404554,0.00488084451001553,0.00612826542727071,0.00164163743344612,0.00138913237279639,0.00572479729025027,0.00548916556828008,0.00464903096929783,0.00479349991185128,0.0069874266635518,0.00487820202888221,0.00515563342932116,0.00659642683494949,0.0014535929078995,0.00581183380139481,0.00244632728340809,0.00240857365480111,0.00299793108492467,0.00240325834765091,0.00193186975000323,0.00187939238670238,0.00475743556598571,0.00153838915604663,0.00186999140833034,0.00407989178714081,0.00435749431396671,0.00329215366240029,0.00399629681112536,0.00258276370409886,0.00223492925315999,0.00188686905478879,0.00448900739679677,0.00464735660100508,0.00230813353481272,0.00228149140039509,0.00400019402385767,0.00586907856390615,0.00281744098692487,0.00201428051033604,0.00115961612863873,0.00677295207284219,0.00577842325885335,0.001957489637569,0.00289647237838716,0.00297181195207548,0.00326646669011803,0.0044251107776653,0.00199615157280567,0.0056163945853269,0.0037102798649344,0.00710507446136146,0.0041952152557354,0.00276814251834823,0.00531065461725664,0.00797815825005966,0.00371368311998353,0.00554057908592005,0.00309429414487929,0.00320477975507772,0.0017353735020563,1.08893588859377,0.012717246897378,0.00722483463717016,0.00586447909794898,0.001619407918157,0.00142502385898259,0.00283068426095262,0.0030652166164956,0.00355819666473924,0.00522238563966933,0.00191621000673848,0.00370668758141711,0.00129838707967437,0.00212811958106774,0.00170111028126747,0.00126117202448331,0.00138595650634227,0.00139318593857463,0.00232965436225839,0.00216533872325125,0.00266912915748775,0.00701704395630586,0.00212510657082349,0.00173250780136141,0.00562430106428927,0.0015382309976109,0.00479428897591233,0.0014279367013859,0.00252656174269216,0.0018361067349405,0.00226723705880349,0.00260676631497361,0.00467280636759969,0.00155057010662483,0.00219184899260833,0.00132558378923131,0.00138522249677418,0.00244762564476044,0.00226008715184152,0.00168426259835848,0.00147457980635475,0.00215098334532948,0.00176937531113345,0.00401138067553818,0.00499813462800485,0.00190614017761118,0.00564896893121471,0.00527430955612051,0.00466598833048312,0.00226353727404492,0.00148171462335212,0.00174406379487832,0.0016591089756576,0.00145169961160369,0.00163911295598038
"43009",0.00247429904176745,0.00719599386098624,0.00880386954480147,0.0023494487547099,0.00214802243293608,0.00118596738312587,0.00126081083564839,0.00717839269508996,0.00780492475599644,0.00504575256358115,0.00168820681538874,0.00657245629639913,0.00240244970330699,0.00606157189777515,0.00390245963623756,0.0011697868263508,0.00539246130609144,0.00267376832057783,0.00227531297038193,0.00547356659465897,0.00250910135193066,0.00161158521871858,0.0025097792890548,0.00480149406471143,0.00157002050398579,0.00161493878795428,0.00177546969118607,0.00157340914573409,0.0072517629624912,0.014083635751939,0.0064040795889002,0.00349535007653751,0.00262096827685106,0.0179300023929463,0.0115998757411204,0.00313469862606226,0.00259967298736627,0.00973206715187791,0.00165633370459566,0.0012848279457075,0.00149515121247171,0.000947563184139159,0.00502300266258237,0.00664755732507364,0.00138723523349834,0.00143653695782567,0.00216103560496129,0.00234734140025016,0.00174223334691269,0.00161719871434022,0.00621183536197376,0.00210316878679501,0.00937567403542638,0.00517846111168471,0.00884986627023901,0.0053951342874331,0.0140163323306435,0.00333984490278788,0.00431587370845472,0.00137580188102815,0.013967533712177,0.00392932623425284,0.012717246897378,1.05140271366932,0.0121887928972944,0.00734557320640776,0.00126698033692601,0.00115298360803112,0.00314395849066335,0.00223784097462978,0.00300935209624168,0.00344307248499528,0.00151424845750151,0.0032022318415144,0.00107343392779605,0.00185183821608306,0.00174906289221766,0.0012280492801365,0.00122420250837229,0.00132246477964969,0.00198723665348239,0.0021739590318824,0.00518320585974415,0.00791728401961659,0.00275906496941403,0.00162380136304745,0.00577726352653869,0.00132184934329924,0.00259876527917016,0.00157100903057378,0.00499865977466732,0.00202103555206307,0.0024297101735276,0.00200320124449263,0.00191163363312613,0.00120606080967494,0.00251170650658725,0.000970839225607678,0.00142078238591074,0.00149045378228791,0.00315739557793478,0.00161896008703554,0.00126623357585046,0.00341333222385524,0.00204241359744812,0.00229688110027256,0.00292741073137275,0.00131248550945143,0.00634094545456729,0.00648890057009291,0.0053270004064346,0.00189829793840307,0.00155916595980306,0.00361512030115883,0.00170185065791111,0.00112659129553323,0.00138847344421105
"43010",0.00463809637468932,0.00764191191661278,0.00259093919036659,0.00397142841258659,0.00500266171967128,0.00116567337143123,0.00134476264798518,0.00796256639767219,0.00438344513597447,0.00863395284151714,0.00298206510974951,0.00280613919498928,0.00232307601604553,0.00791892403916795,0.00316882710783024,0.0012580688214642,0.00484029530301612,0.00562943577408952,0.00512893238468541,0.00458971092653854,0.00237257066830403,0.00182137063371362,0.00194505213837639,0.00523568199990646,0.00155013794224655,0.00135917855386989,0.00147540464136041,0.00156184792428398,0.00519394480646111,0.00492759294828585,0.00662397613204213,0.00193665065465988,0.00575773207054823,0.00999501764612147,0.0104339000676918,0.00524148735754104,0.00208767467226474,0.00392799755661427,0.00172991355788087,0.0013666786447449,0.00118916395214768,0.00126932731057801,0.0026579255435863,0.00236590625959938,0.00166176886864358,0.00173210038534846,0.00171628561755297,0.00520134766753154,0.00159806780518793,0.00179392483769775,0.00523003796504768,0.00482280199419549,0.0142594414153548,0.011915444510522,0.0126197563161079,0.00808903729486964,0.00623443997059194,0.00650017729820689,0.00322755581443241,0.00144535712952615,0.0155523032007422,0.00254494563231527,0.00722483463717016,0.0121887928972944,1.05506270880479,0.00861086172766663,0.00134088897047398,0.00135665409189047,0.00302338238903128,0.00260725131230608,0.00590338490155328,0.0024450934775847,0.00145779591874328,0.00600875178355439,0.00120897412831523,0.00141201532395195,0.00397701626528141,0.0012873281399248,0.00125453269254634,0.00125327061468821,0.00183693481245412,0.00214197906499931,0.00411941673809015,0.00900078449074895,0.00522748367612856,0.00148852708344087,0.00423189281138321,0.00142915468597617,0.0024695720907489,0.00124836204321843,0.00573263208705575,0.00255417316514378,0.00356267040287286,0.00169591842847947,0.00177886490774723,0.00140317927111269,0.00145573062263179,0.00114557324858197,0.00187811472407416,0.00279082871410766,0.00437217326618315,0.00182557970233963,0.00140624420778666,0.00480170599655299,0.00175475955365285,0.0017738475851592,0.00506021922744744,0.00169535771501276,0.00407322624280248,0.00243075289942692,0.00296395760902841,0.00171564388275692,0.00145241383505126,0.00582651308579328,0.00213523806898292,0.00123068499222045,0.00155382571237613
"43012",0.00247414673813264,0.00449275307379463,0.00899831451010305,0.0112127311166652,0.00246973317365583,0.00273249701746008,0.00227982296982338,0.00657728043169323,0.00542738790380946,0.00513742169043596,0.00754135124970734,0.0050115179356129,0.00459140131905036,0.00370010701172877,0.00511415958387113,0.0042289286882643,0.00555321483587891,0.0041571338333741,0.00317769693740372,0.00289707694253485,0.00624879481810838,0.00539731639217331,0.00581280241154249,0.00276969206606642,0.00288647338673492,0.00288871136140154,0.00557861350395575,0.0033243434958419,0.00223205779994664,0.00310726788985834,0.00240142673440933,0.00237688779605584,0.00547230042183265,0.00622684378910417,0.00379870603392957,0.00565043616676684,0.00237852906747102,0.00224589605102005,0.00251122587955646,0.00281639662219027,0.00244684802821503,0.00245817291562081,0.00592334106482001,0.00348910534246681,0.00560331007317053,0.00903509192800548,0.00835415832770209,0.00386697235212605,0.00353699233350049,0.00195147353491158,0.00545175942938561,0.00319435503343889,0.00741577718055672,0.00743918963800907,0.0105390520349098,0.00773977137034855,0.00684391293282699,0.00362088349915869,0.00275253696782285,0.00508818576922817,0.00445926500810142,0.00249727119415883,0.00586447909794898,0.00734557320640776,0.00861086172766663,1.03441021499549,0.00497663901588471,0.00452684161200902,0.00253445986695315,0.00232614099423107,0.0027997887827473,0.00197337420961701,0.00259594482607135,0.00187345377029556,0.00204775896810488,0.004763496270418,0.00154351501454932,0.00162741546728567,0.00141529886640619,0.0014860505485011,0.00280289447934199,0.00162454844643943,0.00233921013237258,0.00607103181369155,0.00191893147503162,0.00194129878858938,0.00512051444011938,0.00182686973961147,0.00166803285346872,0.00158962709106562,0.00535429051555334,0.00289656164666349,0.00387098188310993,0.00256244398183974,0.00247046501731359,0.00223062065179697,0.00195527736174876,0.00171815397628815,0.00192886044021167,0.00213914205663009,0.00659829285867799,0.00216507183582304,0.00214030969153556,0.00682570358816172,0.0022938399306815,0.00223855491283686,0.0116350710849004,0.00182335902364401,0.00610538919184945,0.00237309906923225,0.00269404543502015,0.00258489049481328,0.00214200725901613,0.00179923114837806,0.00488945702921454,0.00261677697033878,0.00611029218377701
"52007",0.00181821934723961,0.00302876340538395,0.00286244623124252,0.00227880585123087,0.00201563137604162,0.00986610653827115,0.0056658917598941,0.00176491758395641,0.00169872066197021,0.00193942020321508,0.00312558297465673,0.00499917767904672,0.00252674343915616,0.00169151808251376,0.0021766231010113,0.00802664137577475,0.00333327924290622,0.00370410648730951,0.0050787118194226,0.00168527198360092,0.00335727484814593,0.00922108780911387,0.00487866515349869,0.00181200808228374,0.00411971316259836,0.00360302456980775,0.00613903464467968,0.00296119297709827,0.00203516990145881,0.00117068894565382,0.00170326382394608,0.00198040662499225,0.00481102457467798,0.00128131046566277,0.00140400812042704,0.00155701640473854,0.00186015085526999,0.00195984320543326,0.00295951843631493,0.00892456775393046,0.0106104845464997,0.0132090453755821,0.00216776205918439,0.00266227276089122,0.00589310812075614,0.00659041698945429,0.00602142546774326,0.00349322436305733,0.00827560037903621,0.00236816472979109,0.00207684651170687,0.00224814966769763,0.0012840721797599,0.00154859091026068,0.00182266859422601,0.00447084543685241,0.00486143134628445,0.00331741438843714,0.00166121394015737,0.00821623426660174,0.00130960796280048,0.0046594392645496,0.001619407918157,0.00126698033692601,0.00134088897047398,0.00497663901588471,1.04208013509073,0.0115779317779936,0.0020912837653297,0.00228372172505359,0.00522491824982743,0.00136954790659831,0.00594428034558555,0.00200475465481766,0.00824380964185831,0.00501060789113351,0.00637893091119857,0.00559143954779215,0.0064937459123234,0.00706389722839991,0.0100772907473641,0.00207122356942512,0.00152883662632565,0.00150202566643092,0.00230871807379306,0.00208345981703927,0.0019004334696839,0.00426130753654735,0.00238447470033939,0.00328293396626348,0.00154563814538568,0.0026700319625413,0.00231543657474928,0.00489191620823631,0.00295190518755427,0.00747454368049175,0.00734006693145248,0.00501651457337314,0.00773046253050742,0.00540780651362117,0.00201015566899433,0.0044064270609294,0.00519871776066226,0.00210683796045022,0.00286785625244255,0.00495533075496863,0.003959136691873,0.00638009856818,0.00191919615696675,0.00165986538561425,0.00226264940061752,0.00277587898044574,0.0027216649963969,0.00256915581009518,0.00655572097301097,0.009538270667857,0.00385221197713207
"52008",0.00401613907345979,0.00200314206949617,0.00233212142086438,0.00263269009168795,0.00254303096084507,0.0078699660212925,0.0107538016583445,0.00226392359432097,0.00193654188041268,0.00209855426503704,0.00260974016737858,0.002603851328387,0.00665465075086294,0.00220660347639037,0.0020749643773453,0.00981393769469552,0.00212011132770738,0.00294406551139807,0.00190594919014592,0.00386394797517835,0.00319199725486956,0.00613392978086127,0.003163360667713,0.00279287726415855,0.00548919718720075,0.0024172505707643,0.00253967781583999,0.00217609083323008,0.00179064518693219,0.0013226756763788,0.00166593886474281,0.00171101151536011,0.00236961118537462,0.00140536240851128,0.00202160845492169,0.00463619150204701,0.001765282835005,0.00219725293684872,0.00251360971805121,0.00674284071993019,0.00842672747791756,0.0142800127760606,0.00206161267644765,0.0021181806885958,0.00377868528344571,0.00572969902910991,0.00351496198408573,0.00535710570331751,0.00331099970106705,0.00430522404552698,0.00203522103018134,0.00311026518427112,0.00141752569535745,0.00143446461708725,0.0014674349639063,0.00199764682118949,0.00168794681569397,0.00188909876228744,0.00181988060403782,0.00460440203519955,0.00132631028285354,0.00197936060942295,0.00142502385898259,0.00115298360803112,0.00135665409189047,0.00452684161200902,0.0115779317779936,1.04184463575218,0.00607174901352388,0.00283054735184684,0.00180866675148918,0.00191349009123894,0.00883655315825693,0.00274434140709075,0.00877989379348513,0.0106347982280357,0.00944365373699387,0.00933402987267034,0.00631174260714406,0.006426364951145,0.00338995507827965,0.0018455111606275,0.00183905262790003,0.00252085761163348,0.00606503918121961,0.00231960326902971,0.00216722788507609,0.00939571291184864,0.00352152653367452,0.00334660589690233,0.00190924153575393,0.00999616011986498,0.00452841544500607,0.00275535788876904,0.00287236079799512,0.00777700707437975,0.00451128320779795,0.00442145415963798,0.0054854463193518,0.00313672680019991,0.00221032842495994,0.00369984932303429,0.0027071778724662,0.00256370174129156,0.00183825534558933,0.00186148940725148,0.00264331032210774,0.00300143227057172,0.00201267952446054,0.00152917740572284,0.00605559903819655,0.0037064840503675,0.00299548723184674,0.00263332782474895,0.0107120583590986,0.00559216618390393,0.0113890552211897
"52015",0.00235003573867482,0.00794335014645227,0.00382286949068275,0.00363734620926267,0.00498898647892696,0.00541593826867521,0.00867445115403289,0.00267973183434704,0.0053601140172757,0.0118408880138118,0.00205469504233795,0.00618098337761863,0.0121704398991419,0.0102119493427453,0.0025441125629594,0.00316622932343773,0.0105874814807688,0.00882189556005906,0.00337446938378424,0.00654746713656445,0.00504111709491131,0.00248037436525438,0.00190098054462515,0.00193764596701353,0.00243748520155379,0.00186089333417626,0.00163651786181118,0.0018998717881505,0.00626583134331788,0.00330007327953867,0.00630818793636755,0.00162197331679385,0.00233353874616873,0.00689124600820233,0.00312851294034363,0.00685988364782633,0.00308814438482588,0.00373872127882535,0.00238684729757138,0.00207004321866249,0.00239436338072551,0.00367171520591588,0.00231869439291809,0.00973899842027308,0.00329116672487386,0.00247776162142418,0.00287448555683623,0.00727689514166078,0.00426222264332508,0.00179950657824058,0.00832113657271709,0.00497247746925654,0.00364875899481956,0.00336129555445369,0.0025778473771585,0.00438872514178974,0.00823784435972741,0.00366888816981507,0.00218853724648161,0.00208025486788124,0.00362304116835225,0.00159369708597906,0.00283068426095262,0.00314395849066335,0.00302338238903128,0.00253445986695315,0.0020912837653297,0.00607174901352388,1.04711646901378,0.00427026788519221,0.00586902835953427,0.00338246263336319,0.0101390885934771,0.00518073190043583,0.00301769586369355,0.00572969269540477,0.00192712799116041,0.00219435803335133,0.00164902691616249,0.00199425677629224,0.00263893405975103,0.00160802611543748,0.00203511692598808,0.00198226562663684,0.0029849199382421,0.00170047398018253,0.00248334097813233,0.00221079514027425,0.00184989148319607,0.00164754261536349,0.00572752682461424,0.00198685680928875,0.00260171373080061,0.0041822685687848,0.00354077624764474,0.00875899456843022,0.00389924311671524,0.00427679126950625,0.00186685083184305,0.0050038996378418,0.00255472088434041,0.00217087655667927,0.00160948509661299,0.00205167926834799,0.00148730156179835,0.00163176512371367,0.00228313405666335,0.00197679928211378,0.0056738569984602,0.00288467037396201,0.00585524632953927,0.00237075990906731,0.0014831895087284,0.00274289233308547,0.00372660498772011,0.0020077178863835,0.00312334260500762
"52025",0.00822919502386535,0.00491436562506924,0.00432594686570391,0.00311477987080623,0.00333321677680717,0.00224243048191333,0.00294413385721338,0.00292220459777199,0.00357054412146345,0.00387969454346429,0.00263680856773343,0.00249501993978716,0.0101435204433663,0.00275745741298493,0.00769186872423022,0.00291843802891551,0.00618719778085875,0.00370913299235375,0.00269244547469812,0.0029006422071606,0.00244523581649722,0.00208741930197049,0.00223398538103241,0.00194983385149432,0.00492291023630232,0.00581332126697134,0.00320889513715758,0.0114938659352245,0.0119428478291408,0.00240586053325311,0.00303705090758474,0.00383866041839779,0.00686213998311875,0.00205620520122723,0.00183327844615357,0.00818841122012156,0.00895430765613837,0.00160126046288802,0.00253133028297764,0.00267228727441433,0.00236084936483125,0.00182879143572012,0.00499971399235521,0.0105157851217166,0.00562441120982725,0.00418317708332443,0.00223927247241612,0.00280578820805708,0.00352370414051134,0.00274147838027577,0.00637753681496985,0.0118344170882851,0.00208916906567898,0.00224804977462704,0.00285723576299109,0.00602943400665309,0.00442696714850029,0.00518099854997226,0.00367107350807008,0.00481847889368053,0.0049861253120356,0.00384276769829398,0.0030652166164956,0.00223784097462978,0.00260725131230608,0.00232614099423107,0.00228372172505359,0.00283054735184684,0.00427026788519221,1.03713870436369,0.00625736414625705,0.00269466435521068,0.00249084095677422,0.00178310133406269,0.00175612024408967,0.00188334896438622,0.00213692182852375,0.00183634960309136,0.00149454938517219,0.00186454757182283,0.00500286937038619,0.00413286534372871,0.00389340748575731,0.0028733311979537,0.00215741126370616,0.00347627892875681,0.00671635432290276,0.0025700550395967,0.00148944630812156,0.0024906829445572,0.00948797378030995,0.00148236496949219,0.00644156498536648,0.00626440797594458,0.0120076407932751,0.00386823930579269,0.00399247597782503,0.00214357571434817,0.0051401867218673,0.00342345109447818,0.00311359108101939,0.00789683258873289,0.00268013116967191,0.0028006360797128,0.002972778105592,0.0039516343067591,0.00265832784619702,0.00426615521820669,0.00211488836949293,0.00261790834348928,0.0021879253698349,0.00860164886270306,0.00315789749851976,0.00199258590340093,0.00219251573206627,0.00214400533875611,0.00283131241912468
"59004",0.00468731220332632,0.00571601827905863,0.00338877616268405,0.00246028278522177,0.00662273769256661,0.00232070726068024,0.00522349794805984,0.00470932378812877,0.00681861182125033,0.0112852990402312,0.00711461116876443,0.00510059460700841,0.00630821671878499,0.0107293843551979,0.00253789814297826,0.00189663304612166,0.00761185886543395,0.00600409947090015,0.00960309738906555,0.00238384310761989,0.00258270893637813,0.00354986783483499,0.00243700269603552,0.00194112358975903,0.00549444546611445,0.00521141559755127,0.00272246029391683,0.00431073994839688,0.0086149344918836,0.00226839414082614,0.00244316673430487,0.00328015022845007,0.00251742528605515,0.00358052839197289,0.00221139360802775,0.00223891798502649,0.00312383839080505,0.00511377284446778,0.00187534672885937,0.00212012135340238,0.00184671222485601,0.0020985686623909,0.00225473939148759,0.00729391176831961,0.00794244302230834,0.00286027148765567,0.00250406768387062,0.00934700872685749,0.00421537964990161,0.00217008336433211,0.00325466146955033,0.00680988804657458,0.00935356571247766,0.0092685731748276,0.00258215042031914,0.00425498863206879,0.010309561817328,0.00817211516006033,0.00195985039337549,0.00226983752360876,0.00249979520655448,0.0045479331707891,0.00355819666473924,0.00300935209624168,0.00590338490155328,0.0027997887827473,0.00522491824982743,0.00180866675148918,0.00586902835953427,0.00625736414625705,1.05132716802542,0.0035286895648986,0.00311535614564552,0.00238011220215973,0.00182263264625396,0.00158408119842759,0.00149387335825136,0.0019108131352565,0.00158723652783958,0.0017666156008527,0.00490048781096173,0.00186869185118418,0.00215532861820595,0.00436926105956364,0.00158215261871001,0.00238196468239299,0.00216477635140717,0.00196111988479882,0.00164128520027013,0.00173535465135628,0.00257082190240996,0.00153534585611453,0.0022483845599773,0.00715360465521691,0.00579621617067336,0.00435956184355365,0.00184324900259084,0.00181581482181645,0.0019263535981476,0.00167838668435158,0.00225690396078926,0.00264284316497065,0.00231845736254383,0.00244548271962696,0.00515052397665279,0.00514086133372272,0.00274015399486267,0.00202838935627649,0.00230259513959638,0.00291677904540843,0.00372061924391599,0.00217069378619115,0.00475721095712721,0.00147887208478222,0.00222706435639723,0.0037857505207696,0.00216456615135518
"69001",0.00389066787512327,0.00217380546236079,0.0022427857669296,0.00159621242257429,0.00209740313104477,0.00149941422205876,0.00200959048095304,0.00715439083123589,0.00538796591805176,0.00506945522827249,0.00139688948908621,0.0018108995267681,0.00249019761598812,0.00222171678337818,0.00271176826081325,0.00155634563848083,0.0026303220169395,0.00212071664198596,0.00303215901773394,0.00914235509006969,0.0021910742588121,0.0029901490430275,0.00269710355031259,0.00434614717918066,0.00248741221219382,0.00332134721464057,0.00203951473176712,0.00185396851968547,0.00814985050607649,0.00942370249748128,0.003766461182902,0.00772288969396171,0.00345473200450384,0.00327727247886841,0.00811341492809531,0.00367755742226105,0.00701420505969671,0.00274495953600056,0.00159954063921733,0.0012936513227298,0.00152814685657851,0.00148186599052908,0.00915690857627466,0.0026322591924465,0.0030782645458578,0.00155183771245941,0.00496120221017201,0.00256110578713501,0.00502858535535853,0.00791302683480482,0.00525569312457379,0.00211516678792627,0.00265598518650126,0.00238875997480074,0.00255551536886259,0.00235797116689627,0.0037426095562438,0.00313260519681969,0.0106673724717079,0.00184043044085551,0.00549742822310442,0.00272824925844621,0.00522238563966933,0.00344307248499528,0.0024450934775847,0.00197337420961701,0.00136954790659831,0.00191349009123894,0.00338246263336319,0.00269466435521068,0.0035286895648986,1.07081155363333,0.00228117336182159,0.010797361676494,0.00162316220308628,0.00194828120760706,0.0025742108055354,0.00222749451009231,0.00210110322083601,0.00199466993171709,0.0028807071960734,0.0080557419536695,0.00937052766971738,0.0071346279011821,0.00465311659625588,0.00551843656922561,0.00276684764725047,0.00229800330701372,0.0101423055705578,0.00518833523816418,0.00268723135908099,0.00521743124997,0.00224273672333909,0.00174768371237506,0.00264481472016513,0.00310340285898671,0.00215342076808416,0.00165240162700095,0.0023754651133836,0.00175205986690653,0.00196829326634408,0.0021643030399207,0.00205394548568166,0.00353869995024339,0.00214712570070984,0.00272424907553241,0.00235479547070422,0.00205110865609154,0.00304074834454048,0.00668082657293345,0.00700532649536125,0.00592947291501153,0.00247636823030818,0.00538455308693197,0.00224934772279865,0.00219818758726672,0.00469473621555867
"69007",0.00160730332626406,0.00272333792387985,0.00344433889863185,0.00159489858966572,0.00287907608591061,0.0140032259068833,0.0118891234687677,0.00139867442318361,0.00259053700982123,0.00847965327663426,0.00528603971436966,0.00282775961250748,0.00620306801770812,0.00261497239598101,0.00227644395776246,0.00751630861160161,0.00715334048142136,0.00487615786007003,0.00271640248321786,0.00723984626248254,0.00643232598457531,0.00639523901598061,0.00555012100290025,0.00417851815643451,0.00319092796533311,0.00259121080678884,0.00245939481387433,0.00183585325636849,0.00355288020825939,0.00133013405525899,0.00151289092629703,0.00132868569369694,0.00202487504505779,0.00156915478620128,0.00163856442777038,0.00224378527557923,0.00197778068204308,0.00216654373812702,0.00307337641611211,0.00404419936317862,0.0101438832636326,0.00969878791737692,0.00316684859067349,0.00782158450911524,0.0060742818270264,0.00250389611934903,0.00927426259865606,0.00905558125444221,0.00997894474206891,0.00229578053615549,0.00246287895495458,0.00783340873748962,0.00143608746687553,0.00185159151396981,0.00134550278955177,0.00208055993567395,0.00303177122520024,0.00207617179573433,0.00215262161249799,0.00624802205778233,0.00135782723607344,0.00140226162634603,0.00191621000673848,0.00151424845750151,0.00145779591874328,0.00259594482607135,0.00594428034558555,0.00883655315825693,0.0101390885934771,0.00249084095677422,0.00311535614564552,0.00228117336182159,1.04347271576996,0.00293053367080118,0.00975521570952224,0.00972302356432546,0.00354206032432619,0.00381882602546278,0.00437516946690675,0.00348987942740957,0.00291486566281981,0.00139215311767552,0.0015343724317041,0.00152000540216426,0.0018344555579786,0.00156560216476333,0.00171620330827965,0.00337523731101842,0.00195261346754134,0.00240413462654783,0.00218049284271531,0.00345071438524329,0.00208148707952852,0.00371173416407806,0.00287588762541585,0.0117721124828533,0.00583498588115004,0.00853713192953612,0.00264985140507448,0.00219969525821084,0.00200584194993908,0.00242923440369312,0.00260274842751122,0.00156308666481117,0.00156728821493155,0.00201839195401653,0.00580623648094778,0.0031374142105132,0.00257768909291283,0.00203454240850769,0.00385078998307716,0.00272405405166205,0.00157688636574533,0.00177049210331905,0.00664827088539557,0.00480775308271477,0.00389795538241423
"69008",0.00595866992947002,0.00618251118553075,0.00217168303701486,0.00344463375171627,0.00249576159096033,0.00231634071079052,0.00511113785801421,0.00385526492880921,0.00189824089680848,0.00269618201337215,0.00384444887577495,0.00656127009292626,0.0058629180434025,0.00867984226087225,0.00147544392092786,0.00194969483209063,0.00199657705601126,0.00377378663163733,0.00152864640020501,0.00261220232894232,0.00160849146216918,0.00175355093046208,0.00141385840796923,0.00295481974038098,0.00154811979972041,0.0014314880264031,0.00182374080941108,0.00176931846679733,0.00288812066989705,0.011001138926464,0.0065870338437319,0.00449998395563023,0.00198493542022821,0.00669786285233883,0.00723787297492841,0.00297586076845823,0.00211217727930268,0.00575433641850494,0.00271123514143719,0.0020512727093493,0.00222332881620335,0.00564888957261028,0.00234693566324402,0.0019603927383097,0.00293598159608183,0.00377589315381651,0.00156322179956892,0.00447279221030912,0.00188932772584599,0.00184925162850973,0.00305927370651777,0.00182177024021806,0.00561177880047303,0.00385903482511351,0.0047911971779019,0.00197626550837623,0.00237267710826435,0.00158415741822374,0.00680250559040935,0.00160327940368661,0.00630764283440344,0.00208175998810501,0.00370668758141711,0.0032022318415144,0.00600875178355439,0.00187345377029556,0.00200475465481766,0.00274434140709075,0.00518073190043583,0.00178310133406269,0.00238011220215973,0.010797361676494,0.00293053367080118,1.07916132292219,0.00439020603858989,0.00556654998471785,0.00674994772131843,0.00703688426829589,0.00518036789742973,0.00732090916926867,0.0017185885210031,0.00279401107090713,0.00466188040382571,0.008211624587932,0.00993360329796243,0.00178438722745201,0.00230069550939323,0.00274112358663602,0.0104212467300382,0.00161100292898968,0.00217893425171505,0.00513460309320642,0.0016161247712719,0.00225965173417731,0.00262418286459067,0.00244740726879935,0.002022196274375,0.00331574359716157,0.0033149434346713,0.00540067248717097,0.00243559697505161,0.00217203410701465,0.00132930656337445,0.00231481577604687,0.00132079023306476,0.00147385735899133,0.00149577167843503,0.00253603900869681,0.00556642752262949,0.00456373179279335,0.00344819347650983,0.00206395277581201,0.00130617821159517,0.00750118211170578,0.00177904289337552,0.00168315214066321,0.00162669971308335
"69015",0.00145264413887629,0.00193050218196045,0.00230431211821326,0.00147249325196966,0.00474173501174993,0.0131118618635244,0.00948792452793046,0.00150847213128913,0.0030488634393424,0.00196883994119836,0.00524445019722723,0.00278997399798703,0.00366967399011671,0.00170483282287212,0.00225302976703653,0.0154658426309579,0.00163580462605405,0.00360837165831549,0.00221616125677679,0.00299745322750824,0.00545565200699665,0.00671849013261717,0.00569861938765974,0.00215818555097743,0.00557919197661284,0.00244458242474884,0.00231458829035038,0.00170951040374694,0.00138713011392396,0.00132481874536214,0.00135145964796708,0.00158131785342103,0.00179926389663538,0.00119396741840067,0.00154172406742799,0.00312595070226693,0.00164028201546656,0.00388733092192491,0.00250544562350617,0.00826537145641688,0.00902242944892801,0.0107957735641299,0.00177341678600731,0.00203748905307036,0.00368718880158093,0.00265979788324719,0.00475496047109135,0.0044140950559447,0.00393053001332541,0.00198524570607183,0.00155674115114181,0.00497885842831866,0.00123954325873374,0.00141787763598838,0.00126460642695482,0.00156714798855274,0.00135119476195975,0.00160758247892314,0.00162467546316482,0.00412368358706459,0.00109135930286934,0.00150637212066867,0.00129838707967437,0.00107343392779605,0.00120897412831523,0.00204775896810488,0.00824380964185831,0.00877989379348513,0.00301769586369355,0.00175612024408967,0.00182263264625396,0.00162316220308628,0.00975521570952224,0.00439020603858989,1.02932317592534,0.0163677513792613,0.00749475639378579,0.0129099559735009,0.0120038509411222,0.012720725451386,0.00248395471481929,0.00155143321671937,0.00143002228330754,0.00132923344498986,0.00326407564538761,0.00209815147123609,0.00165722562098499,0.00521221035040435,0.00593056096044626,0.0042033398259068,0.00176897650251272,0.00343018486772783,0.00290917760958024,0.00320265990852219,0.00238045647690748,0.00697943689976706,0.00558346003510359,0.0124311726063757,0.00823492529007804,0.00253657060950269,0.00180402130960045,0.00696580192425422,0.00519410678661235,0.00300112007585013,0.00176582687745504,0.0019746884828202,0.00572175204726666,0.00382848990608715,0.00179299109971426,0.00161727101041031,0.0073854230169143,0.00245706215601433,0.00202267369482923,0.00510202934710538,0.0108572587514677,0.00829790318114982,0.005934366125651
"69016",0.0017636349167604,0.00461368860083958,0.00691052927526531,0.00178286857891267,0.00273974772870284,0.00910435996321961,0.010037821461312,0.00189175315874204,0.00250037874699775,0.00190046146834717,0.00297260203882323,0.0049654285820924,0.00830929891760044,0.00210739708011614,0.00225156658052287,0.00914438043852389,0.00206317695582313,0.00405703884552119,0.00188933798703319,0.00580925927571395,0.00615270485857846,0.00379737757235138,0.00364336175165801,0.00221698765008669,0.00510374484006911,0.00218961459174667,0.00302736007482411,0.00181957954965834,0.00167262217308382,0.0016489879674386,0.00159271738859888,0.00179908071078252,0.00166034153047403,0.00185911885430544,0.00262733086674804,0.00258217872596768,0.0017675776897329,0.005292292124479,0.0022135815239026,0.00467476939495216,0.00689303702907389,0.00941885284969918,0.00331864253502693,0.00366176991259495,0.00315188626338656,0.00288211956020705,0.00650686392060316,0.00356065786727969,0.00350191300622475,0.00182898300479829,0.0021901886295783,0.00336487870394484,0.00150460656864751,0.0015837999496273,0.00144993337707109,0.00171773189081697,0.00237070732483386,0.00164107304116623,0.00209312490353506,0.0034509365374024,0.00131856284464288,0.00140207849556896,0.00212811958106774,0.00185183821608306,0.00141201532395195,0.004763496270418,0.00501060789113351,0.0106347982280357,0.00572969269540477,0.00188334896438622,0.00158408119842759,0.00194828120760706,0.00972302356432546,0.00556654998471785,0.0163677513792613,1.03355248872293,0.00706591904066672,0.0149093649226761,0.0073669825387015,0.0111249002493223,0.00216586777050733,0.00154860609587555,0.00153694786469072,0.00174538461431235,0.00647314346110386,0.00194325372870615,0.00215870954402753,0.00695052905859557,0.00688513110716579,0.00284370354692233,0.00265400794477557,0.0053200354943368,0.00493120201591266,0.00273299159779957,0.00227090242413866,0.00461041041573197,0.00367534286612068,0.00831491309240704,0.00566998498911363,0.00306515234794938,0.00185901816453639,0.00638048396927567,0.00262208699387118,0.00418636798636019,0.00159213866858115,0.00166414930632768,0.00343644664616725,0.00280341106811264,0.00457555960600041,0.00188169124470199,0.00912334400259001,0.00231179499027426,0.00169932681741769,0.00487568628702399,0.00910170661257531,0.00357825307112244,0.00612491382019938
"69017",0.00694420680393729,0.0017437652726427,0.00165339735822212,0.0015878819796678,0.00168827285310605,0.00535962756986679,0.00422102029232464,0.00287510598017213,0.00130796608072031,0.00158864261831907,0.00190494435935946,0.00217364747432562,0.0023954947854096,0.00176822972994492,0.00175779139752683,0.00398557854604684,0.00158412745121933,0.0018556138683608,0.00191698477249948,0.00205238233276424,0.00206091065575523,0.00449863238943542,0.00164717459826019,0.00699456098684747,0.00221388520348414,0.00206280089246699,0.00499468828059838,0.00277027469045342,0.00187594946877591,0.00212315154332949,0.00647389407283845,0.00292261587193436,0.00245436326919656,0.00175331980991652,0.00279812689849145,0.00189458266030126,0.00195682415445123,0.00411558930995583,0.00184601269527597,0.00282603994707314,0.00405132786388141,0.00911222233636209,0.00242847020525629,0.0020820232594483,0.00249246448707133,0.00209282225432638,0.00191560615950947,0.00477844548927556,0.00214522386253674,0.00511064506241979,0.00167810449402345,0.00188232765224035,0.00427028159872947,0.00213375434810732,0.00270827053174634,0.001841329517262,0.00142360521678597,0.00157056804737327,0.00257095299231209,0.00209157844148168,0.00226182117523806,0.00506359138911838,0.00170111028126747,0.00174906289221766,0.00397701626528141,0.00154351501454932,0.00637893091119857,0.00944365373699387,0.00192712799116041,0.00213692182852375,0.00149387335825136,0.0025742108055354,0.00354206032432619,0.00674994772131843,0.00749475639378579,0.00706591904066672,1.04241518571434,0.014748061165356,0.0146844078391974,0.0122388016138066,0.00354755859315245,0.00585473557886381,0.00300368793385383,0.00469449335232097,0.0128900965155453,0.00250211375363055,0.00442073659317281,0.00979632486357998,0.0134690941264309,0.00253518665234114,0.00173080539528659,0.0114317747532883,0.00239038546207755,0.00197007667046545,0.00354523078814935,0.00264838703123404,0.00511669726115274,0.00934346515784812,0.0161429351108448,0.00357985684914593,0.00289604677820768,0.00618587459576811,0.00215484451028004,0.00444078254059983,0.00207958315027028,0.0023780635244715,0.00139266436030812,0.00963686273383043,0.00217847483411597,0.00168621317672457,0.00302163311309089,0.00235297906697139,0.00195733845766792,0.010568487430858,0.00269128877858215,0.00322691720316254,0.00249692022492237
"69019",0.0019200729598609,0.00145578129099185,0.00155777849477194,0.00138161717793514,0.00253648369208015,0.00441398871386635,0.00975716196043687,0.00190110573642811,0.00195354919319164,0.00136879140471081,0.00427215359781174,0.00302341600108398,0.00343758329687102,0.00168021968147224,0.00238410962536707,0.00465142579094008,0.00135722270267677,0.0019720322243423,0.00234920715846201,0.00218637266429341,0.00413733929921446,0.00621447979437963,0.00206837474549215,0.00387361086192795,0.00492839883121025,0.00257875589777901,0.00255250848279784,0.0022252604538654,0.00149046144882116,0.00184022331540148,0.00213287632895688,0.00224525748142849,0.00171459503884161,0.00128290890509678,0.00205530973358202,0.00205095718934958,0.00203099602031172,0.00483641917457558,0.00194218258155802,0.00443391195109253,0.00414124690382761,0.0120544961043248,0.00162630733675775,0.00388166075464198,0.00527447784003436,0.00223507223245938,0.00254725477221404,0.00478675247949771,0.00315400967508949,0.0023668609303328,0.00130316973783976,0.00207061728932127,0.00159663024741013,0.00149022967942163,0.00142339611263392,0.00143535251420441,0.00138319397865874,0.00146399871853037,0.00206920827204709,0.00207312830856962,0.00132375745789771,0.00206507375780527,0.00126117202448331,0.0012280492801365,0.0012873281399248,0.00162741546728567,0.00559143954779215,0.00933402987267034,0.00219435803335133,0.00183634960309136,0.0019108131352565,0.00222749451009231,0.00381882602546278,0.00703688426829589,0.0129099559735009,0.0149093649226761,0.014748061165356,1.03855431855388,0.0166267609917811,0.0190657919202215,0.00232293066839862,0.00238747928606748,0.00387201518996227,0.00191769455009363,0.00882735157458375,0.00418602376330672,0.00292044150586533,0.0140728150895648,0.0105248153713398,0.00279006907131355,0.00165155896220749,0.00837241054073241,0.00452475813710594,0.00317135665505221,0.00206167027862891,0.00547655302046068,0.00378072165899846,0.0118378145398649,0.00897762938093185,0.00333775802410172,0.00187350690011908,0.00660283897752441,0.00242921800908658,0.00257623214691234,0.00194393608196234,0.00173459875272556,0.00188462936547488,0.0067457000229472,0.00165646297975683,0.00147736803336301,0.00653035646393746,0.00266894745630183,0.00193579376240441,0.00728312508748165,0.00487025336618197,0.0084145791439347,0.00320957686555406
"69020",0.00244417153404563,0.00141128542483896,0.00169078649631792,0.00135619131405486,0.00208591957586408,0.00771038653162828,0.00348798792157658,0.00222451064424706,0.00156071830126198,0.00153073215019954,0.00323228475995727,0.0023842652943935,0.00205368530290835,0.00137681189641125,0.00211640876668775,0.00665330407702776,0.00135500746854616,0.00147821220338374,0.00209964394770304,0.00183881322924854,0.00478834995580877,0.00434031139680828,0.00228623129287086,0.0089482745246975,0.00240270043793427,0.00272377636930115,0.00352005158671598,0.00183015416214112,0.00124717339392776,0.00200694578821699,0.00183615429907737,0.00412004835621181,0.00163875477262372,0.00139732454356099,0.00196328024565118,0.00193118605009161,0.00195512392319937,0.00814379100162698,0.00603164738491038,0.00756721997650127,0.0116799230809306,0.00964908725283757,0.00175691156854511,0.00183836397780814,0.00364989861980496,0.00194381465294013,0.00249216548981233,0.00303594459233412,0.00238057967091239,0.00273658811696298,0.00123101366447602,0.00528733346591912,0.00144238479556051,0.00176060817345168,0.00155558162816775,0.00144074235160262,0.00131124801027582,0.00143504519948465,0.00201790536002005,0.00269201482495499,0.00143471017250602,0.00458939762727719,0.00138595650634227,0.00122420250837229,0.00125453269254634,0.00141529886640619,0.0064937459123234,0.00631174260714406,0.00164902691616249,0.00149454938517219,0.00158723652783958,0.00210110322083601,0.00437516946690675,0.00518036789742973,0.0120038509411222,0.0073669825387015,0.0146844078391974,0.0166267609917811,1.05294267845634,0.0165726478631001,0.00206699982712323,0.00242498297441226,0.00182195463285302,0.00159723514339742,0.00764203474071386,0.00290412220192195,0.00173852691887309,0.00713259902727997,0.0110409743548223,0.00285394099172451,0.00141713009233663,0.00803716958927646,0.00189208535353437,0.00498720225410752,0.00213127669719105,0.00278519056240602,0.00549186531212814,0.0135013807277275,0.0132716981208521,0.00263583334173351,0.00256596030076835,0.00631726487160336,0.00249419689444688,0.00464055027153893,0.00181194377593032,0.00198115529080441,0.00189095085080162,0.00672856268577253,0.00212939839269134,0.00236289971895212,0.00359897379331292,0.00212015702366632,0.00167675767706188,0.00883115098418449,0.00307825015246015,0.0037594112865684,0.00228267636474148
"69021",0.00180753522920413,0.00155345874982575,0.00158607598611579,0.00130873728346519,0.00217784388570473,0.0051577573610225,0.00528391151912702,0.00154383784497536,0.00153900068493421,0.00133395428463106,0.00238995028075512,0.00463471544018882,0.00237700564874726,0.00162310885762419,0.00476712553896591,0.00532027898456809,0.00136757028148328,0.00209628677218509,0.0046979261230762,0.00187468116369118,0.00441787882032499,0.00562292660502036,0.00211492421111449,0.00395480689043813,0.0029144390079688,0.0032982677810181,0.00240203237499658,0.00267473961808062,0.00133538369664631,0.00437298748564026,0.00199345730830736,0.00215958108469963,0.00172010947521308,0.00138262001628126,0.00193235688601551,0.00188545342777627,0.00437694245183223,0.0058334768380197,0.00216496959049534,0.00611891483871192,0.0040946617758082,0.00832879882654946,0.00156026029827181,0.00231989124852754,0.00626086879391191,0.00197547030670601,0.00269724294925345,0.00292268221130429,0.00410520573091682,0.00270891796202115,0.00137680465162959,0.00232655327020526,0.00134393495349687,0.00144788097812077,0.00129028535708007,0.00149316378741717,0.00130114426364897,0.00154521715916401,0.00185053145555045,0.00243003247351583,0.00123134274002237,0.00216383958725141,0.00139318593857463,0.00132246477964969,0.00125327061468821,0.0014860505485011,0.00706389722839991,0.006426364951145,0.00199425677629224,0.00186454757182283,0.0017666156008527,0.00199466993171709,0.00348987942740957,0.00732090916926867,0.012720725451386,0.0111249002493223,0.0122388016138066,0.0190657919202215,0.0165726478631001,1.0528905220689,0.00242543978383467,0.00334567865693141,0.00191369413802996,0.00176961199313651,0.00697219125230386,0.00546060469740091,0.00201998991775731,0.0127932296677629,0.00853307599460535,0.00263279401163561,0.00140884523144959,0.00632631371390033,0.00237283279760576,0.00267904579454161,0.00240553681231124,0.00428023597685881,0.00631120179606596,0.0141026668094146,0.011137903342101,0.00250347288034204,0.0018425263967138,0.00615723489531322,0.00244859919018025,0.00205768665236882,0.00200810936702329,0.00189449332273971,0.00188975661899131,0.00724564093415769,0.00152808170572869,0.00163535122687141,0.00497724161767991,0.00256851530844764,0.00214951641066501,0.0057869023126011,0.00473472323639022,0.00792584706129102,0.00289174343971059
"69029",0.00227701696215202,0.001945272487414,0.00216877601098274,0.00183411314518983,0.00237371365853792,0.00496174414185872,0.00697653436826166,0.00577189841734941,0.00271320948043121,0.00220808296043454,0.0021032748050503,0.00165186820656233,0.0058366661218447,0.00183036463871697,0.00592468358344826,0.00294982632340016,0.00492416869637493,0.00351191750242228,0.00714137720409599,0.00260792910768163,0.00378066178135098,0.00353396403647738,0.00355705048306722,0.00210405790025557,0.00573857102361509,0.00380216260470377,0.00490826947753145,0.00490140867910567,0.00676373422184829,0.00273331259810732,0.00369736346261119,0.00336539040594876,0.00567344855312792,0.00183388006995879,0.00180187655305593,0.0059469669228955,0.00701968729400397,0.00157530971560495,0.00170495563680195,0.00194654072047096,0.00320942575477496,0.00306517012375011,0.00276632588899922,0.00364312268964102,0.00249683091106113,0.00295300878189276,0.00395185898962566,0.00288539541257892,0.00574270813667962,0.00423580727632734,0.00506703538911724,0.00283825122185139,0.00190375811750306,0.00243974761021175,0.00265657452373673,0.0103190393910671,0.00515686782311644,0.00586362618410772,0.00519949819375038,0.00223002133899712,0.00252582586954734,0.0058391493056386,0.00232965436225839,0.00198723665348239,0.00183693481245412,0.00280289447934199,0.0100772907473641,0.00338995507827965,0.00263893405975103,0.00500286937038619,0.00490048781096173,0.0028807071960734,0.00291486566281981,0.0017185885210031,0.00248395471481929,0.00216586777050733,0.00354755859315245,0.00232293066839862,0.00206699982712323,0.00242543978383467,1.05163907962418,0.007777063853906,0.00275820426748061,0.00447588780333847,0.00235522943268585,0.00476101929225152,0.00899618737529083,0.00324798286696893,0.00187634351826704,0.00317913426595703,0.00462944270908589,0.00211281807865458,0.00608168332138294,0.0020063842103977,0.00257806182024969,0.00546059159551385,0.00539425147796711,0.00517683039917441,0.00539683296758197,0.00312947297635736,0.00454345789958578,0.0101199834637254,0.00353316833973998,0.00318107893269882,0.00337015145948847,0.00347517202272571,0.00237816283505249,0.00245561198937766,0.00180372822108459,0.00359492382692745,0.00221990427906396,0.00974048169956845,0.00581338819393313,0.00224154502944703,0.00367659517324229,0.00713702446454157,0.00387020791416878
"69033",0.00576109815142704,0.00136851268929797,0.00181400986122991,0.00168780922326367,0.00183995301703119,0.00161249459829758,0.00185442190127201,0.00567665722425446,0.00242221523689048,0.00145123395457042,0.00164445602935243,0.00143761501359769,0.00167233201499711,0.00136412417706679,0.00275914177632296,0.00184991828362068,0.0016655894515483,0.00166643853829398,0.00261032682844779,0.00491919274906593,0.00153593219871252,0.0020090396883653,0.00218847652752985,0.0056572953675031,0.00625579879936826,0.00506855980422,0.00326223532540031,0.00381742530151894,0.00370914669883178,0.00547996475531697,0.00917946217040855,0.00596226374109004,0.00308994862701128,0.00215575615226552,0.00241196499724055,0.00525528762898673,0.00814904385510696,0.00183486107125904,0.00174460185564901,0.00155860702995945,0.00177829485074394,0.00174175745972911,0.00540083821311424,0.00232424117278212,0.00220105134030971,0.00200987448880382,0.00198211381168053,0.00190786041301007,0.00213635282066496,0.012013789580144,0.0029936258337179,0.00228965966688016,0.00203617432126901,0.00169405859625843,0.00651456792941581,0.00240445644150586,0.00182658009541968,0.00227461752264214,0.00914188446255218,0.0021839923266377,0.00544792341676901,0.0065183497277475,0.00216533872325125,0.0021739590318824,0.00214197906499931,0.00162454844643943,0.00207122356942512,0.0018455111606275,0.00160802611543748,0.00413286534372871,0.00186869185118418,0.0080557419536695,0.00139215311767552,0.00279401107090713,0.00155143321671937,0.00154860609587555,0.00585473557886381,0.00238747928606748,0.00242498297441226,0.00334567865693141,0.007777063853906,1.06247505191507,0.00849994506535331,0.00653668520460136,0.00514412711356227,0.0155452100412362,0.0033458947943922,0.00478855769695239,0.00546312828459387,0.00611908017884585,0.00283756547599273,0.00441303911818724,0.00261846271993516,0.00165146979808366,0.00564144081831479,0.00195752098200403,0.00601077015994955,0.00227747214628354,0.00589001051356605,0.00272379454821102,0.00220601441673027,0.0050070759967873,0.00392669687697041,0.00445658807214099,0.00485971221871068,0.00921982128316226,0.00177228345309861,0.00717726054540633,0.00178329910542478,0.00506185787741899,0.00189813933029834,0.00797938823555648,0.0103768163679248,0.00958797866848492,0.00204160762077243,0.00266042351271413,0.00236070364658444
"69035",0.00643586300516656,0.00227875424727683,0.00199185739395884,0.00387267832520485,0.00171867997727487,0.00140104084413995,0.00169262091633302,0.00362783711662483,0.00255332081487594,0.00301381334571978,0.00187056147767086,0.00211801402802955,0.00224906816840325,0.00213958061842107,0.00462674958468844,0.00147699837777751,0.00243097840969329,0.00217856092563799,0.00249269886654244,0.00474609940290347,0.00215791497403235,0.00191623763436605,0.00528356491715713,0.00821026494963487,0.00289769877665333,0.00571159066642011,0.00583187560980691,0.00777287069521511,0.00982596193203335,0.00284172138066328,0.0095358674875637,0.00295624080042783,0.00705666392736396,0.00252497989806685,0.00588357871321548,0.00304124777912643,0.00339585464183511,0.00201066063284782,0.00453971351945916,0.00171844609500675,0.00159898129332477,0.00167667528190549,0.00570786519317037,0.00336126768076134,0.0020242886831719,0.00289023686358969,0.00214849845944884,0.00198498217918613,0.00203878335107404,0.0115241052331556,0.00367624220720668,0.00261652022896192,0.00570328543888056,0.00300468860178927,0.0061067760376316,0.00330674685374341,0.00240517388142923,0.00345061778439526,0.00727192749336261,0.00209134376767043,0.00357113375189687,0.00480686977822422,0.00266912915748775,0.00518320585974415,0.00411941673809015,0.00233921013237258,0.00152883662632565,0.00183905262790003,0.00203511692598808,0.00389340748575731,0.00215532861820595,0.00937052766971738,0.0015343724317041,0.00466188040382571,0.00143002228330754,0.00153694786469072,0.00300368793385383,0.00387201518996227,0.00182195463285302,0.00191369413802996,0.00275820426748061,0.00849994506535331,1.04638995955908,0.00812807467207502,0.00289051691108792,0.0100055515876871,0.00799140077811347,0.00241222594380518,0.00371752794173651,0.00485351403336617,0.00344832601021399,0.00333102648942647,0.0035917186139209,0.00244159324752368,0.00575730838439959,0.00196104677645757,0.00214195566208987,0.00168247411330195,0.00472415407850551,0.00567235197979371,0.0062116848089465,0.00296218937667499,0.00617618798122547,0.0031285217994359,0.00785114767161248,0.00663727511068072,0.00235148234750912,0.0027797931952737,0.00711640971675593,0.00492041115749921,0.00210642136791972,0.0055105890464479,0.00819881874658816,0.00384077845675489,0.00221170052573558,0.00225559122419738,0.00461264842077269
"69040",0.00291855046531593,0.00254991991775514,0.00342997212720985,0.00203054951640255,0.00233132346800185,0.00134712085207813,0.00161250992150217,0.0101838254202116,0.00303883073632833,0.00274581837290978,0.00288746853510124,0.00233829385715235,0.00280562849048076,0.00349477273726108,0.00342054558940279,0.00135675186425042,0.0025090222013008,0.00204508029435722,0.00241827685094055,0.00433512041835604,0.00296444151419179,0.00246960249826323,0.0048854816837497,0.00799179811709387,0.00406623668290659,0.00175271582125038,0.00191138576719619,0.00182314047465575,0.00706530105699428,0.00847633237082538,0.00825370980716216,0.00273128401790284,0.00531205312281178,0.00348391615026511,0.00830292431215563,0.00715637134955213,0.00346691184749433,0.00265186886083566,0.00158919253316989,0.00133201318063663,0.00142839007774798,0.00129694829553222,0.00544651126436774,0.0017315026848649,0.00158614241441302,0.00154331516034712,0.00211078024203449,0.00267200000990984,0.00299629527565841,0.00280589112386251,0.00493149537419055,0.00256032512394352,0.0127494076154492,0.00727161558268916,0.00938042354582792,0.0105958538666839,0.00285190281919597,0.00289780724006474,0.00965014639921145,0.00155229675968598,0.00940075522673011,0.00214986162775072,0.00701704395630586,0.00791728401961659,0.00900078449074895,0.00607103181369155,0.00150202566643092,0.00252085761163348,0.00198226562663684,0.0028733311979537,0.00436926105956364,0.0071346279011821,0.00152000540216426,0.008211624587932,0.00132923344498986,0.00174538461431235,0.00469449335232097,0.00191769455009363,0.00159723514339742,0.00176961199313651,0.00447588780333847,0.00653668520460136,0.00812807467207502,1.04576564222973,0.00511674783159858,0.0028717433970862,0.0137002146515552,0.00413876762635255,0.00339634343299077,0.00201138042699796,0.00544616010203209,0.00323931556509676,0.00837617325261884,0.00167107302949553,0.00202887672563368,0.00172071911046393,0.00193410723338293,0.00143091406576924,0.0018896902635947,0.00180571472473792,0.00626111378920574,0.00264313651509164,0.00162374716067074,0.00332348443525345,0.0017143180024209,0.00225793957390615,0.00240836216763079,0.00200208834097186,0.00338985180371353,0.00314889927337996,0.00268177302934877,0.00438220014010505,0.0019293982286903,0.00301868518360947,0.00597495273109216,0.00159067693662524,0.00399610587627531
"69045",0.00336071939266176,0.00417113629013578,0.00157746287880184,0.00190208329372517,0.00161579948496623,0.00177950413603456,0.002769013149039,0.00790464124733337,0.00180676798791906,0.00264178339906058,0.0016081852538242,0.00452398156935555,0.00216221596979671,0.00278871086344458,0.00210191513748985,0.00205860382637785,0.00167019544251987,0.00176923650863431,0.00156265007326236,0.00404088931188102,0.00211865238464189,0.00460721112990749,0.00186670861046722,0.00843763072407997,0.00196290776045432,0.00173490900403966,0.00244164774099997,0.00145126408266014,0.00194138590915105,0.00585490056424543,0.00690574022037954,0.00624169362130922,0.00243109489287249,0.00267697427709228,0.00752483085193464,0.00502637757060637,0.00467965603209124,0.00993015247482778,0.004361145207065,0.00211109009790272,0.00270154185418636,0.00292313599882082,0.00209217792508134,0.00155426892895513,0.0018479765241829,0.00154312627980317,0.00176096762358319,0.00213086095730148,0.00160065740235834,0.00260618793338439,0.00297270739688223,0.0018552243180645,0.0077235433618711,0.00669396342922476,0.00423117749279973,0.002625998010939,0.00186130781121788,0.00177966057078955,0.00473211012213808,0.00142316331113882,0.00596348468943067,0.00460841117861947,0.00212510657082349,0.00275906496941403,0.00522748367612856,0.00191893147503162,0.00230871807379306,0.00606503918121961,0.0029849199382421,0.00215741126370616,0.00158215261871001,0.00465311659625588,0.0018344555579786,0.00993360329796243,0.00326407564538761,0.00647314346110386,0.0128900965155453,0.00882735157458375,0.00764203474071386,0.00697219125230386,0.00235522943268585,0.00514412711356227,0.00289051691108792,0.00511674783159858,1.03925896015441,0.00205603624105599,0.00332887524316755,0.0106239514774774,0.016382654560669,0.00193846095554549,0.00477500839072454,0.012001705259619,0.00414581019647217,0.00194446873076679,0.00177632610538056,0.00185470957312985,0.00193247201877913,0.00310538341209378,0.00771070028472733,0.00478817791908882,0.00581941232969609,0.00522371706297312,0.00184470532408354,0.00678159766264873,0.00171229817757976,0.00226252647291805,0.00160874308871391,0.00584723740539631,0.00598919593951076,0.00315081698875755,0.00629931490625146,0.00421168393229817,0.00154416950794301,0.00916119967105564,0.00423887381806509,0.00193758775696525,0.00475421213279191
"69048",0.0054576631169074,0.00133442036205201,0.00189164909144856,0.00288014055013214,0.0045187776713395,0.00199324517544302,0.00239430134961634,0.00240188192924509,0.00484321476577354,0.00176374067169688,0.00264032403770372,0.0018483557735716,0.00188204143443188,0.00147924151691128,0.0052555416652331,0.00242136132163573,0.00168093920398816,0.00168087663721584,0.00538553172677455,0.00298486908808229,0.00247419802594144,0.00248452973860969,0.0042509310602128,0.00397575965617007,0.00705128396018166,0.0130682780266386,0.00336648714946208,0.00654791496699202,0.00248436870931608,0.00356380801661103,0.0046885800113592,0.00615708932512103,0.00418375784480846,0.00196930480154413,0.00162915933499767,0.00589786695008081,0.00816525007963027,0.00147813549714589,0.00369914626629203,0.00249755189845928,0.00222130746617056,0.00205872293409997,0.00271862823850475,0.00325129271148219,0.00537357760084677,0.00470124776285903,0.00287550302656314,0.00193591710993836,0.00260321583502642,0.013819887488866,0.00226327759906998,0.00552900391207523,0.00147711137847921,0.00178245054720807,0.00269206780335166,0.00239343532961218,0.00146928809566228,0.00299809464537453,0.00533592443369355,0.00276106414067365,0.00203377361748717,0.00756238805063666,0.00173250780136141,0.00162380136304745,0.00148852708344087,0.00194129878858938,0.00208345981703927,0.00231960326902971,0.00170047398018253,0.00347627892875681,0.00238196468239299,0.00551843656922561,0.00156560216476333,0.00178438722745201,0.00209815147123609,0.00194325372870615,0.00250211375363055,0.00418602376330672,0.00290412220192195,0.00546060469740091,0.00476101929225152,0.0155452100412362,0.0100055515876871,0.0028717433970862,0.00205603624105599,1.03185257822684,0.00396865900594282,0.00632806355138687,0.00207798119025589,0.00462834643480591,0.00486258110193772,0.00216314238367579,0.00500860056124462,0.0025975003173988,0.00555280460506013,0.00239096515050909,0.00379450886652466,0.00320306542754503,0.00280723645439361,0.0071811596975536,0.00569097341509204,0.00517005525884217,0.00806404922872022,0.00342783417322572,0.00966423774348083,0.00930784157418273,0.00280398034824637,0.00326477525611262,0.00167903126572243,0.00859117625503647,0.00254885693047633,0.00902314974033126,0.0188712982515752,0.00241497656121683,0.00452278809743559,0.00632180134394221,0.00589541998231883
"69052",0.00238146150754239,0.00306678693551963,0.00431537128095565,0.00212255065460959,0.00244125721957284,0.00166676175407923,0.00246253486068992,0.0102812063051747,0.0033374805562236,0.00234407163228861,0.00199369485735284,0.00236090481518144,0.00553784327668988,0.00235867050459179,0.00984144930827419,0.00166814145894587,0.00388254796782993,0.00234577610533111,0.00257573366318269,0.00565223227486462,0.00553731556215279,0.00332560682672246,0.00473427003936145,0.00613840541471861,0.00257022330142998,0.00212507931808495,0.0019422355291695,0.00342459221756633,0.00709970130781649,0.00293652259728468,0.00855575769191927,0.00264264296229124,0.00764888344451325,0.00219252065509199,0.00343853188591528,0.00994444565054269,0.00628240216508755,0.00202672304648775,0.00192093463808128,0.00159467938273937,0.00181463851704604,0.00155347331130531,0.00515363754019126,0.00254299861664281,0.00196550367376244,0.00195106481978352,0.00214357770362988,0.00236408008697216,0.00246950060413805,0.00254464197829535,0.00533013811565715,0.00509799147538782,0.00774974526516353,0.00594492069967037,0.00607354715459,0.0136191883698131,0.00269850719627905,0.00360514182843584,0.00435077655247827,0.00179893694383881,0.00420425274139454,0.00238441493220429,0.00562430106428927,0.00577726352653869,0.00423189281138321,0.00512051444011938,0.0019004334696839,0.00216722788507609,0.00248334097813233,0.00671635432290276,0.00216477635140717,0.00276684764725047,0.00171620330827965,0.00230069550939323,0.00165722562098499,0.00215870954402753,0.00442073659317281,0.00292044150586533,0.00173852691887309,0.00201998991775731,0.00899618737529083,0.0033458947943922,0.00799140077811347,0.0137002146515552,0.00332887524316755,0.00396865900594282,1.03516642132569,0.00455383010223829,0.00234039964734387,0.00204769373644527,0.00763907107276272,0.00320487571367479,0.018050432888729,0.00224954312884738,0.00243692321001175,0.00212886509780708,0.00316021372828042,0.00196021968679393,0.00228237536885566,0.0022434264146711,0.00936914871291179,0.00714783968536965,0.00267996511276432,0.00360195873105828,0.00226263870117841,0.00223572313733703,0.00289995148178506,0.00183851681837717,0.00497341042267794,0.00262364054151085,0.00336039699634381,0.00644607408279348,0.0026038767789487,0.00223119242763351,0.00658838802174073,0.0021254044600613,0.00282861927130738
"69060",0.00205387310224976,0.00138988239147365,0.00177436705510848,0.00166263258009816,0.0054550290769171,0.00356880460969288,0.00891439717398388,0.00220226202563061,0.00221469281076008,0.00167414433856282,0.0060078670889226,0.00359390159088629,0.0035682249443379,0.00169353356997648,0.00602535234500158,0.00647849458356263,0.00148310083024682,0.00239425489505283,0.00225745567029921,0.00277468514492739,0.00369074600233233,0.00698153755434983,0.00292352385990197,0.00293403002881175,0.00621950710082231,0.00445221769219032,0.0022515571635122,0.00258840878277884,0.00181882924791266,0.0018943329121575,0.00196835148062657,0.0029120701769167,0.00238952192438689,0.00126359717200344,0.00215441894828201,0.002815320941896,0.00310101466479856,0.00438141720985676,0.0021846333209201,0.00322077662750643,0.00311481220515163,0.00713661739085384,0.00192027933298498,0.00207958611809181,0.00578257365788539,0.00251384902382569,0.00318155742878345,0.0027269745568164,0.00400871667141743,0.00466628748183729,0.00159366161721915,0.0033149724964752,0.00179069699077004,0.00185800467876214,0.00153804249716653,0.00234687709754008,0.00145615016084964,0.00190468888768516,0.00215277940829687,0.00261164573653488,0.00134866694108593,0.00185963249334558,0.0015382309976109,0.00132184934329924,0.00142915468597617,0.00182686973961147,0.00426130753654735,0.00939571291184864,0.00221079514027425,0.0025700550395967,0.00196111988479882,0.00229800330701372,0.00337523731101842,0.00274112358663602,0.00521221035040435,0.00695052905859557,0.00979632486357998,0.0140728150895648,0.00713259902727997,0.0127932296677629,0.00324798286696893,0.00478855769695239,0.00241222594380518,0.00413876762635255,0.0106239514774774,0.00632806355138687,0.00455383010223829,1.04266480303294,0.00684057965783529,0.00263021697750785,0.00222398601221812,0.00706821782230747,0.00612412355910289,0.00542583325149611,0.00249296342572909,0.00585880952444391,0.00823271050016777,0.00808763979092692,0.00439555491748105,0.0059376841789084,0.00496447050046691,0.0086747370267184,0.00285856604474123,0.00225636059428344,0.00207474548940056,0.00195814244074747,0.00214569583381366,0.00548227693694979,0.00183150744195803,0.00214519176224566,0.00637844205871142,0.0056460536724809,0.00290950287215856,0.00305931937850339,0.00725856667116419,0.0070638059862345,0.00708110154365881
"69064",0.00406354064257189,0.00193659804725647,0.00171402933307372,0.0014501381307257,0.00162120713806112,0.00223715127347999,0.00255542033272242,0.00641066541858751,0.00190277312751169,0.00295125923374833,0.00149117359215358,0.00244035171970635,0.00220948905307637,0.00220063781454719,0.00179794464837283,0.00268158324706595,0.00146751495958319,0.00136803007957862,0.00149045660207401,0.00298943456317146,0.0018700642353891,0.00439764388320688,0.00170724442889939,0.00980964698107153,0.00179184744617594,0.00159585588305528,0.00418895575701744,0.00155578749156805,0.00197353669589779,0.00597639952625179,0.00346059542839908,0.00548976097843782,0.00168181934011197,0.0024559478923713,0.00804726794122352,0.00260507779024596,0.00226400619538534,0.0103344691333182,0.00278874449042396,0.00194518556615125,0.00242889485350107,0.00373634484179385,0.00468879038507426,0.00152824772474141,0.00190483436136064,0.00145022993371486,0.00170987046308567,0.0022632980792923,0.00171379634196917,0.00286338010899372,0.00209053743959394,0.00167194447811088,0.00400292618457293,0.00475146293431247,0.00260794398002742,0.00181642487953782,0.00169150313963452,0.0016177763642512,0.00838167454301608,0.00148306095876855,0.00303482587720836,0.0044523576703663,0.00479428897591233,0.00259876527917016,0.0024695720907489,0.00166803285346872,0.00238447470033939,0.00352152653367452,0.00184989148319607,0.00148944630812156,0.00164128520027013,0.0101423055705578,0.00195261346754134,0.0104212467300382,0.00593056096044626,0.00688513110716579,0.0134690941264309,0.0105248153713398,0.0110409743548223,0.00853307599460535,0.00187634351826704,0.00546312828459387,0.00371752794173651,0.00339634343299077,0.016382654560669,0.00207798119025589,0.00234039964734387,0.00684057965783529,1.05676213521604,0.00246566178147244,0.00205186005200269,0.0120237977656687,0.00220725088431796,0.00182373558132485,0.00204052733323931,0.00170988564186172,0.00226733413094026,0.00513647853588593,0.00911877532354164,0.00350144703685576,0.00333573407620212,0.00640677536655622,0.00196015069101916,0.00559471475052326,0.00180815426287567,0.00239603255354762,0.0016739265770951,0.00576442636691415,0.00517407651439808,0.00266424091776945,0.00850858991171585,0.00253768044768014,0.00147817184576041,0.01115774948306,0.00234435595707133,0.00204493092360404,0.0029407691199885
"69065",0.00232531417190745,0.00120983887684656,0.00136903073149238,0.00170338255604711,0.00193309272386012,0.00270625494423296,0.00249625017305201,0.00172857520016117,0.00223666860824101,0.00134914442766316,0.00236782551803435,0.00169542940608141,0.00178271370671509,0.00122392216228082,0.00213991260973474,0.00603604617236744,0.00139279522598262,0.00232093083607243,0.00262627798956363,0.005396952907708,0.00226278732730657,0.00435552084065093,0.0102715239127699,0.00460842779509175,0.00496147286300159,0.00397148884823109,0.00265008852714112,0.00298908631912654,0.00433825435057541,0.00237013117253338,0.00212169165361206,0.00348101316823306,0.00296420525527573,0.00169188271270195,0.00178587078938691,0.0019960907455115,0.00236173307669049,0.00238740709172259,0.00353379557076515,0.00257688076601803,0.00277287834739722,0.00506453454628128,0.00570695329505702,0.00165184169378778,0.00270113901092917,0.00274195893403879,0.0024940992582361,0.00171294408675432,0.00268039800583534,0.00730366428752188,0.00167669028300703,0.00233354596985184,0.00134483339478347,0.0013326151293576,0.00162296016681707,0.00172835965496089,0.00149968826663364,0.00211530846314282,0.00206140829185262,0.00411855924140932,0.00140740006433689,0.0035053740826858,0.0014279367013859,0.00157100903057378,0.00124836204321843,0.00158962709106562,0.00328293396626348,0.00334660589690233,0.00164754261536349,0.0024906829445572,0.00173535465135628,0.00518833523816418,0.00240413462654783,0.00161100292898968,0.0042033398259068,0.00284370354692233,0.00253518665234114,0.00279006907131355,0.00285394099172451,0.00263279401163561,0.00317913426595703,0.00611908017884585,0.00485351403336617,0.00201138042699796,0.00193846095554549,0.00462834643480591,0.00204769373644527,0.00263021697750785,0.00246566178147244,1.12679122577503,0.00181964470902497,0.00633334276267961,0.00321256883603907,0.00392039570716404,0.00528412851778438,0.00403383152738242,0.00314695271026451,0.00287340050626387,0.00538602917492778,0.00223603971630842,0.00222903136249249,0.00307864979731689,0.0106842200564625,0.00222878182177531,0.00423942411700801,0.00453733924341039,0.00254317888683976,0.00241636790875084,0.001567977160671,0.00317390739674316,0.00345075894750667,0.00333291321940824,0.00651091036691744,0.00497630611608018,0.00662754063191878,0.00626952665651355,0.00531071256770614
"69068",0.00262549343909733,0.00555575428643408,0.00224033656279815,0.00234618597624278,0.0028680745211743,0.00164842610744813,0.00304298869772899,0.00524616428721184,0.00742109201268398,0.00598334888881346,0.00194101706263852,0.00249174648504935,0.00565339871352646,0.00545234736826851,0.0098454775329631,0.00191269328017209,0.00533425308905628,0.00249085127152016,0.0060890650885194,0.00298306926582226,0.00445883816112375,0.00276379390045891,0.00551260824558036,0.00211021251797682,0.00613512049301405,0.00347565403360592,0.00191444732189037,0.00255580939327079,0.0056006657235237,0.00390371206300004,0.00296757018892038,0.00450202943138663,0.00686996315361808,0.00561335001437218,0.00279779571787076,0.00941473043681019,0.00892830093291087,0.00269309454135912,0.00229431077229588,0.00174064253175429,0.00184028128812067,0.00139120473704869,0.004460018732011,0.00434640159164076,0.0021685320353944,0.00192303417996476,0.00463377429643833,0.00209052251721986,0.00262596940194304,0.0027143150607081,0.00629688651159197,0.00566100509152566,0.00429916998193534,0.00935381822242403,0.00487875586574793,0.00644257006343667,0.00284269720723015,0.00680955949106099,0.00271423254039622,0.00182741153959428,0.00551271931757146,0.00650129658604119,0.00252656174269216,0.00499865977466732,0.00573263208705575,0.00535429051555334,0.00154563814538568,0.00190924153575393,0.00572752682461424,0.00948797378030995,0.00257082190240996,0.00268723135908099,0.00218049284271531,0.00217893425171505,0.00176897650251272,0.00265400794477557,0.00173080539528659,0.00165155896220749,0.00141713009233663,0.00140884523144959,0.00462944270908589,0.00283756547599273,0.00344832601021399,0.00544616010203209,0.00477500839072454,0.00486258110193772,0.00763907107276272,0.00222398601221812,0.00205186005200269,0.00181964470902497,1.03568676210673,0.00169644724805206,0.00729136011276509,0.00238618008793625,0.00209213013047949,0.00203114060615792,0.00226521814085983,0.00158718259879521,0.00172985396117811,0.0052247945633915,0.00854261917723084,0.00579642109586472,0.00322141552436725,0.00690113444265213,0.00625000976680456,0.00513081215483666,0.00835976450196086,0.00205565965678674,0.00421814117477236,0.00664232776401676,0.00262431341439975,0.00741657751783972,0.00379848396710182,0.00191120480113198,0.0026200654659401,0.00276968954185135,0.00264281975304839
"69073",0.00584798669512326,0.00175012520088445,0.00162838200143531,0.00177381960633063,0.0017020659360512,0.00216169321039527,0.00456239085082067,0.0086296161563361,0.0019188850783364,0.0018143909118964,0.00174916980791284,0.00178516701722574,0.00224574100986273,0.0017031672921,0.0016291759805552,0.00330423180756148,0.00163380630796811,0.00198921041424605,0.00159389702412085,0.0110339942982705,0.00201645603505267,0.0046204494549934,0.0049112454313328,0.0138627547050861,0.00204903787502,0.00178260027722841,0.00475962532456185,0.00165866023582858,0.00178745722741898,0.00244773905015599,0.00599480566030818,0.00485413853559158,0.0021670291244649,0.00455794650325711,0.00832615352159987,0.00335645839816137,0.00217089219967817,0.00315039482262452,0.00175300984423013,0.0018131950868674,0.00210516897801839,0.00372599114248942,0.00357804315994587,0.00150797918467471,0.00178039212610853,0.00185637324418114,0.00201216976875833,0.00211087304649845,0.00173117506959349,0.00444235676989095,0.00386060297105747,0.00172371514522805,0.00266603733694423,0.00190080597523759,0.00297640020411817,0.00238638021861289,0.0018168202762349,0.00158520959364694,0.006350955652533,0.00188706696630752,0.00357157873244917,0.00508429519360705,0.0018361067349405,0.00202103555206307,0.00255417316514378,0.00289656164666349,0.0026700319625413,0.00999616011986498,0.00198685680928875,0.00148236496949219,0.00153534585611453,0.00521743124997,0.00345071438524329,0.00513460309320642,0.00343018486772783,0.0053200354943368,0.0114317747532883,0.00837241054073241,0.00803716958927646,0.00632631371390033,0.00211281807865458,0.00441303911818724,0.00333102648942647,0.00323931556509676,0.012001705259619,0.00216314238367579,0.00320487571367479,0.00706821782230747,0.0120237977656687,0.00633334276267961,0.00169644724805206,1.06200582605127,0.00369854022596039,0.00172238784670016,0.00226582990725498,0.00240302318094668,0.0021323410736118,0.00306884168831722,0.00778846709414581,0.00206999828853306,0.00231088566686423,0.00292280781253747,0.00448410223997575,0.00555326440628919,0.00231532036385021,0.00426168112611615,0.00219251000170569,0.00659279935504843,0.00341180032574776,0.00206570292652835,0.00645739043812179,0.00225127191383069,0.00191386269751789,0.0092050053040434,0.00409027479238614,0.00219487106947606,0.00554202082439335
"69076",0.00200939192959525,0.00204035859774109,0.00204972498202794,0.0017283666919163,0.00550385608741775,0.00211142690874526,0.00424184129808958,0.00959999703627729,0.00628031352804486,0.00223099002318654,0.00234576586133881,0.00214941158911267,0.00418958150442436,0.0020870097241498,0.00906361316222376,0.00275328662275115,0.00274608650758244,0.00246704340999168,0.00262087413162107,0.00720554893022904,0.00538504640721223,0.00394262570039428,0.00470734983461487,0.00576427156691064,0.00604871183610752,0.00294806202504832,0.00198513403910066,0.00582774609239252,0.00535792430074319,0.00229992547234078,0.00574902267019617,0.00356552776012922,0.00696315859662202,0.00186180337004912,0.00293457757716467,0.00992762432124108,0.00558687694980959,0.00193941833988528,0.00235182589433652,0.00230215690654296,0.00409166429289196,0.00238285223204625,0.00274405033460894,0.00259656525496218,0.00363057723577508,0.0025509292417516,0.00201753540897511,0.00209120380327493,0.00223600868891173,0.00231322027223288,0.00587420156248488,0.00332560748630179,0.00508228107508211,0.00396974852112171,0.00354654887009516,0.00820148765278694,0.00201193024083591,0.0050217910942041,0.00301978561763689,0.00251365929182783,0.00304937662049072,0.00234065696056575,0.00226723705880349,0.0024297101735276,0.00356267040287286,0.00387098188310993,0.00231543657474928,0.00452841544500607,0.00260171373080061,0.00644156498536648,0.0022483845599773,0.00224273672333909,0.00208148707952852,0.0016161247712719,0.00290917760958024,0.00493120201591266,0.00239038546207755,0.00452475813710594,0.00189208535353437,0.00237283279760576,0.00608168332138294,0.00261846271993516,0.0035917186139209,0.00837617325261884,0.00414581019647217,0.00500860056124462,0.018050432888729,0.00612412355910289,0.00220725088431796,0.00321256883603907,0.00729136011276509,0.00369854022596039,1.03250865616173,0.00384167692194956,0.00265308548521149,0.00482436061539303,0.00336597181486643,0.00218920118302687,0.00210668052417959,0.00236692933179261,0.0089387945757372,0.0093115521311247,0.00467072457298681,0.00708624767347372,0.00359123709615277,0.00245674410676374,0.00420143262056019,0.00198782437676792,0.00458286998528207,0.00211954626985963,0.00614385208015803,0.00591274842148122,0.00507711113710411,0.00177742696407408,0.00904200797828142,0.00244895763341358,0.00589303256855863
"75001",0.00581650267998975,0.00668872187512866,0.00444791830499576,0.00542097847177172,0.0060901397588651,0.00363746046736541,0.00320100219272498,0.00151012623841122,0.00232985565584134,0.00694697667287873,0.00694094134706627,0.011465300486836,0.00660298762690535,0.00542027157281116,0.00449372573436081,0.00326329896151068,0.00294084297770441,0.0101577474191747,0.00229954174209518,0.00232373021020209,0.0056110239019702,0.0067141264908848,0.00995095261168371,0.00249429979117387,0.00632491520611937,0.00362205331812586,0.00353966910672624,0.00787715527746108,0.00389990386476134,0.00176358844638261,0.00195271195953529,0.00193781766205212,0.00510051501016277,0.00171983641287765,0.00188516133369595,0.00227526055992862,0.00216986022981616,0.00261815301167079,0.00663600387771993,0.00733784666506409,0.00552447739483823,0.0028565609415014,0.00488427307053734,0.00587167346427839,0.0101485559222688,0.00663051985290305,0.00322029857505525,0.00312993028847016,0.00477461515280425,0.00242595876960151,0.00247813912820277,0.0101742090333797,0.00222061913250617,0.0025594245246742,0.00181414570622968,0.00207132566233141,0.00499547606694721,0.00197559454033653,0.00173430136846712,0.00783381150377389,0.00164383137319752,0.00171693680414819,0.00260676631497361,0.00200320124449263,0.00169591842847947,0.00256244398183974,0.00489191620823631,0.00275535788876904,0.0041822685687848,0.00626440797594458,0.00715360465521691,0.00174768371237506,0.00371173416407806,0.00225965173417731,0.00320265990852219,0.00273299159779957,0.00197007667046545,0.00317135665505221,0.00498720225410752,0.00267904579454161,0.0020063842103977,0.00165146979808366,0.00244159324752368,0.00167107302949553,0.00194446873076679,0.0025975003173988,0.00224954312884738,0.00542583325149611,0.00182373558132485,0.00392039570716404,0.00238618008793625,0.00172238784670016,0.00384167692194956,1.03892815027837,0.0117948068892252,0.00612568422681423,0.00259636824941546,0.00470563927396195,0.0021295831688436,0.00304563457354968,0.00867272154173405,0.00224541977442303,0.00430592892575157,0.0018354449216043,0.00288208047244309,0.00231509963362969,0.00336729953719635,0.00271202347710288,0.0047326838813587,0.00573420857896574,0.00241222700851422,0.0022467800790529,0.00263967263099911,0.00145799208712225,0.00521677179422091,0.00329893847625697,0.00355249068904965
"75002",0.00828757754685624,0.00493606685956198,0.00491672594875224,0.00624757180070325,0.00351583732852763,0.00313540102389848,0.0030229228620795,0.00188519233911664,0.0021804115912982,0.00265375808706898,0.00494697837775623,0.00389128969635389,0.0072664209286948,0.00410519050784288,0.00311538762556014,0.00489414068400271,0.00296233480625914,0.00667097772923596,0.0025319318148783,0.00442977537743547,0.00266762639083752,0.0028596875829813,0.00371237261868537,0.00437182222664101,0.0063184444669617,0.00578086275950695,0.00801773624365399,0.0116002470275277,0.00908459961946996,0.00161584953563447,0.00254259553308024,0.00250160062478449,0.00409964393873077,0.00154162501219173,0.0016509914325893,0.00214354984786832,0.00475218564550523,0.00157159265335915,0.0062688108488944,0.00433469529801615,0.00509101006654668,0.00270769331246464,0.00674989584021802,0.0086764121705408,0.00855020139364473,0.00892705791138148,0.00265986466625585,0.00323794194122071,0.00366860192507597,0.00762909935477657,0.00224032281198332,0.00736847730043723,0.00168555933476728,0.00158002576779188,0.00202686613441889,0.00226471137291238,0.00308494017700389,0.00247777671201926,0.0022026770270063,0.00708651248385305,0.00160554070632685,0.00299003768691791,0.00467280636759969,0.00191163363312613,0.00177886490774723,0.00247046501731359,0.00295190518755427,0.00287236079799512,0.00354077624764474,0.0120076407932751,0.00579621617067336,0.00264481472016513,0.00287588762541585,0.00262418286459067,0.00238045647690748,0.00227090242413866,0.00354523078814935,0.00206167027862891,0.00213127669719105,0.00240553681231124,0.00257806182024969,0.00564144081831479,0.00575730838439959,0.00202887672563368,0.00177632610538056,0.00555280460506013,0.00243692321001175,0.00249296342572909,0.00204052733323931,0.00528412851778438,0.00209213013047949,0.00226582990725498,0.00265308548521149,0.0117948068892252,1.03648878278576,0.00623012028242455,0.00627865563306692,0.0023887987210488,0.00736976867569406,0.00395153651266337,0.00249906953030176,0.00365698666443276,0.00313500110333246,0.00241499934116473,0.00348469407869595,0.00573619580319707,0.00222171914087739,0.00394298633645376,0.00208831098272451,0.00221409651901792,0.00196469377310008,0.00287129369747247,0.00470013305791779,0.00222801436125054,0.0034425818663692,0.00265127359543385,0.00576070344561651
"75003",0.00204149156374889,0.00232561306089658,0.00290373293189621,0.00203656186259367,0.00367123646592495,0.0119118002610096,0.0132101294332882,0.00144641895284887,0.00238915219375057,0.00603889376313053,0.00284027392937977,0.00278810582727991,0.00757745736535826,0.00322846850810856,0.00382741139628174,0.00866612196798242,0.00538138423181326,0.00843992140299626,0.00442480354167826,0.00270074189370729,0.00585416545006778,0.00698389098210722,0.00341564216976134,0.00171281019938682,0.00403966061609588,0.0037287826054329,0.00274455657524807,0.00376787587385104,0.00537999833190302,0.00141248010805752,0.00162800768013771,0.00204376383991091,0.00289485396647397,0.00143113835545087,0.0020010872011857,0.00237283433657121,0.00268191112393646,0.00165308272444068,0.00225508455113356,0.00348087504097299,0.00669038492772047,0.0107343495415646,0.00233631750107961,0.00440605284127137,0.00952851173828452,0.00560156747078264,0.00604723582124084,0.00806414075910786,0.00999155720282428,0.00357898810142647,0.00305461537079439,0.00579930731976749,0.0013681681962597,0.00160400632788138,0.00148490758507267,0.00333868150465932,0.00349347033277421,0.00454868852412965,0.00207104187833975,0.0074916864507095,0.00134424555698316,0.0021078866334284,0.00155057010662483,0.00120606080967494,0.00140317927111269,0.00223062065179697,0.00747454368049175,0.00777700707437975,0.00875899456843022,0.00386823930579269,0.00435956184355365,0.00310340285898671,0.0117721124828533,0.00244740726879935,0.00697943689976706,0.00461041041573197,0.00264838703123404,0.00547655302046068,0.00278519056240602,0.00428023597685881,0.00546059159551385,0.00195752098200403,0.00196104677645757,0.00172071911046393,0.00185470957312985,0.00239096515050909,0.00212886509780708,0.00585880952444391,0.00170988564186172,0.00403383152738242,0.00203114060615792,0.00240302318094668,0.00482436061539303,0.00612568422681423,0.00623012028242455,1.01739056730436,0.00479399248515159,0.00659801916496456,0.00282918781649486,0.00231147761526631,0.00190529264256011,0.00454351999254846,0.00638583272197926,0.00238006821230828,0.00460790474476337,0.0048382100793498,0.00278677923401292,0.00229856297312947,0.00193221756820454,0.00179824594113452,0.00511156250156703,0.00752815893774443,0.00282381063072842,0.00173205052760099,0.00994233771572587,0.00715286073067686,0.00778219693496095
"75004",0.00204678663243722,0.0017731180724338,0.00245585711567396,0.00184370186866165,0.00358377274904753,0.00874142150694933,0.00460363327091924,0.0017391511563899,0.00231379448693402,0.00190406570337532,0.00242919817501975,0.00198353997079314,0.00414513441423458,0.00171929662682015,0.00855141735286161,0.0118554785092387,0.00296726524998177,0.00277786074919649,0.00240384674786,0.00305627217499735,0.00288530626273943,0.0027512826113353,0.00203661737814173,0.00172858548719278,0.0028156681316138,0.00438016279906468,0.00331243824223813,0.00278723833577223,0.002496802026131,0.00190520486132187,0.00182206988315539,0.00214659191255279,0.00202149374983997,0.00158815001004002,0.00152136542863638,0.00236483266631719,0.00625806988938952,0.00218367703252816,0.00249092992045997,0.00501549838975338,0.0106921473414102,0.00750800560135052,0.00296126900648574,0.00750571329844186,0.00680393468614285,0.00250912942707633,0.00368615490509062,0.00315589767709621,0.00403897069535264,0.00539633911992813,0.00185233465186739,0.00270462983475898,0.00135101971575856,0.00148944054008968,0.0014789881720858,0.00202854719328125,0.00202152127660907,0.002043458461395,0.00202765920722385,0.00873142193458955,0.00130814436538732,0.00194011450558242,0.00219184899260833,0.00251170650658725,0.00145573062263179,0.00195527736174876,0.00734006693145248,0.00451128320779795,0.00389924311671524,0.00399247597782503,0.00184324900259084,0.00215342076808416,0.00583498588115004,0.002022196274375,0.00558346003510359,0.00367534286612068,0.00511669726115274,0.00378072165899846,0.00549186531212814,0.00631120179606596,0.00539425147796711,0.00601077015994955,0.00214195566208987,0.00193410723338293,0.00193247201877913,0.00379450886652466,0.00316021372828042,0.00823271050016777,0.00226733413094026,0.00314695271026451,0.00226521814085983,0.0021323410736118,0.00336597181486643,0.00259636824941546,0.00627865563306692,0.00479399248515159,1.07052675722196,0.00994565266815439,0.00444632129795516,0.00899032672543626,0.00223763731782923,0.00359641202673727,0.00438386536986295,0.00179179349889805,0.00201514669670127,0.00200590878547134,0.0022275374505746,0.0122511502860041,0.00180709152044975,0.00206041015689328,0.00248056393116806,0.00402904909321483,0.00230715271828575,0.00741723181638576,0.00288913807241254,0.00316739837592103,0.00262883501533545
"75006",0.00168092006049822,0.00132653532589211,0.002159451222415,0.00128545862596305,0.00223386051659409,0.0114324615183292,0.00724305487947968,0.00139117970234807,0.00167629441155933,0.00191080353685752,0.00261885466923418,0.00219822432512748,0.00543878816349261,0.00143918989135614,0.00270385720538589,0.0142204523286469,0.00184530230802867,0.00260818753625043,0.00497103936352115,0.00205493753556482,0.00626818435190118,0.00691829902301367,0.00248291026939746,0.00265179023736812,0.00284652036618729,0.00246892515804679,0.00285878933298306,0.00184596970441073,0.00154802303108995,0.00150995784718246,0.00145803393154023,0.00171782063944692,0.00203224628555966,0.00114709605622383,0.00133417413334928,0.00198011551439016,0.00212613464217632,0.00398423947610275,0.00313709351502351,0.00692383311153848,0.00870919527496163,0.00697503453025604,0.00156115401255461,0.00273289888187605,0.00347855772772395,0.00230932399181096,0.00388484562231772,0.00594912290948937,0.00861970094247397,0.00446977953021093,0.00138471913630457,0.00508434723278944,0.00127713246369768,0.00203982390874829,0.00135401826926295,0.00195090170890308,0.00148347117788529,0.00176742502647546,0.00205010796062308,0.00310735277663078,0.00106339481302337,0.00203716010130268,0.00132558378923131,0.000970839225607678,0.00114557324858197,0.00171815397628815,0.00501651457337314,0.00442145415963798,0.00427679126950625,0.00214357571434817,0.00181581482181645,0.00165240162700095,0.00853713192953612,0.00331574359716157,0.0124311726063757,0.00831491309240704,0.00934346515784812,0.0118378145398649,0.0135013807277275,0.0141026668094146,0.00517683039917441,0.00227747214628354,0.00168247411330195,0.00143091406576924,0.00310538341209378,0.00320306542754503,0.00196021968679393,0.00808763979092692,0.00513647853588593,0.00287340050626387,0.00158718259879521,0.00306884168831722,0.00218920118302687,0.00470563927396195,0.0023887987210488,0.00659801916496456,0.00994565266815439,1.03983259044499,0.0136792911276861,0.00297223437088078,0.00218693047148549,0.00768476483546252,0.00580888057306667,0.00166253838625769,0.00212189083217332,0.00228928535927905,0.00205653989302502,0.00732258886514763,0.001624090253916,0.00191295367056882,0.00282852444521644,0.00379559145413293,0.00212796390352972,0.00664960554994661,0.00591213216281339,0.0102845989125351,0.00282837945175151
"75007",0.00371793234015312,0.00186793073078733,0.00151784785610194,0.00203139765264002,0.00167151070836076,0.0051342132909244,0.00326371645659076,0.00223860524838363,0.00153608534059208,0.00145116082138121,0.00172692243529022,0.00172930957221145,0.00206553803870886,0.00148130803051485,0.00219156979084266,0.00638439498593604,0.00394072006411725,0.00232406637927162,0.0048643727927925,0.00189184749197586,0.00233501941698724,0.00549645734732605,0.00209965497356683,0.00709452981581137,0.00263516185399829,0.00252103103402304,0.00596285305845908,0.00509349154220457,0.00232489853025506,0.00174724689047319,0.00512312054387434,0.00295884875265767,0.00636696422381838,0.00161659767001726,0.00194141554430884,0.00187823827997935,0.00248106841810287,0.00530848131915213,0.00197716460562568,0.00273808858485271,0.00403678073100614,0.00807925676775084,0.00242407546126289,0.00416671798468377,0.00235172757155827,0.00485089519283894,0.00423808805141947,0.00264105289789175,0.00299508228060302,0.00710375537865692,0.00171769480229568,0.00206568235997801,0.00166498658363102,0.00173006313850917,0.00418484109643798,0.00266364570285255,0.00210314309832683,0.00261553479696458,0.00203211994060214,0.00211179985606661,0.00198246112767747,0.00788313610535341,0.00138522249677418,0.00142078238591074,0.00187811472407416,0.00192886044021167,0.00773046253050742,0.0054854463193518,0.00186685083184305,0.0051401867218673,0.0019263535981476,0.0023754651133836,0.00264985140507448,0.0033149434346713,0.00823492529007804,0.00566998498911363,0.0161429351108448,0.00897762938093185,0.0132716981208521,0.011137903342101,0.00539683296758197,0.00589001051356605,0.00472415407850551,0.0018896902635947,0.00771070028472733,0.00280723645439361,0.00228237536885566,0.00439555491748105,0.00911877532354164,0.00538602917492778,0.00172985396117811,0.00778846709414581,0.00210668052417959,0.0021295831688436,0.00736976867569406,0.00282918781649486,0.00444632129795516,0.0136792911276861,1.0371075610123,0.00266704023073019,0.00185927824994684,0.0087751496574126,0.00557536588632882,0.00312567747544011,0.00357344903949503,0.00320740071516166,0.00166477365685301,0.00867922495558983,0.00151085519551976,0.00184161000810036,0.0025564787885848,0.00318197629507498,0.00277947229487714,0.0102460747469552,0.00250849195014914,0.00608505241510301,0.00260083779793955
"75008",0.00445637842654263,0.00247916797632307,0.00251628100185849,0.00923627390962265,0.00491913943543546,0.00460494943030692,0.002503752010428,0.00186615600130914,0.00158465109016327,0.00224154482829013,0.00630456628128433,0.00261859197916994,0.00273403034319983,0.00313530482767343,0.00212384988534576,0.00355858957716234,0.00174498216951096,0.00212625228828458,0.00185190625930543,0.00144671173295951,0.00195557590919755,0.00235934492831568,0.00287879603627292,0.00253540529448973,0.00256331614840064,0.00725150753490255,0.0095521456159764,0.00716231531776223,0.00174256094536358,0.00181935581778692,0.0022907494516704,0.0023948847533641,0.00395510323810574,0.0019371676805741,0.0021655373460929,0.00244693217418483,0.00212345166667496,0.00262991389246531,0.00907198829167059,0.0105536178290565,0.00617327365909975,0.00592423510125408,0.00185772442458362,0.00211835698133307,0.00297483998061664,0.00760250097849667,0.00194419061197777,0.00228097598734451,0.00210264295719386,0.00381887192485104,0.00170803204281727,0.00294836590113724,0.00236555150640529,0.00547293871867749,0.00245291157458364,0.0018427907603753,0.00149090679783095,0.00176948565581576,0.00195935317153954,0.00845803310059061,0.00175893573560343,0.00228489744487196,0.00244762564476044,0.00149045378228791,0.00279082871410766,0.00213914205663009,0.00540780651362117,0.00313672680019991,0.0050038996378418,0.00342345109447818,0.00167838668435158,0.00175205986690653,0.00219969525821084,0.00540067248717097,0.00253657060950269,0.00306515234794938,0.00357985684914593,0.00333775802410172,0.00263583334173351,0.00250347288034204,0.00312947297635736,0.00272379454821102,0.00567235197979371,0.00180571472473792,0.00478817791908882,0.0071811596975536,0.0022434264146711,0.0059376841789084,0.00350144703685576,0.00223603971630842,0.0052247945633915,0.00206999828853306,0.00236692933179261,0.00304563457354968,0.00395153651266337,0.00231147761526631,0.00899032672543626,0.00297223437088078,0.00266704023073019,1.07362262089486,0.0100038203082347,0.00381895382163369,0.00717300165903591,0.00214475901901791,0.0049814720095749,0.00368230954019777,0.00184538608019779,0.0112410530281645,0.00326334695669679,0.00341008287195471,0.00189180133992843,0.00224416838127599,0.00792696542056893,0.00537732970746761,0.00208575962199359,0.00246091078648223,0.00383624603763421
"78003",0.00443462815898286,0.00242242823247052,0.00287909160035448,0.00341692454976026,0.00268626954138173,0.00177139931137316,0.00190318260820664,0.00543976931118138,0.00482049127181511,0.00548560854511828,0.0028164600928316,0.00551425175856035,0.0035415288937616,0.00346873399150309,0.00471468254580681,0.00187895663615083,0.00253651810263676,0.00228090852772185,0.0046375755788931,0.00313846477424584,0.00713392875496874,0.0050920205132184,0.00856548142988205,0.00457843322830768,0.00314966741943794,0.00531286447702859,0.00243560114861813,0.00483624680654143,0.00257374737708191,0.0033384849746793,0.00294694182889277,0.00259474611758266,0.00986330654503195,0.00261415586514271,0.00531753247286286,0.00774007482251459,0.00287315445508419,0.00549385209022935,0.00684568591594245,0.00364543325005703,0.00289674408961693,0.00184600394597821,0.0025969116691553,0.00197527649785368,0.00474798731839117,0.00432915831896094,0.00250004900776317,0.00219018699384846,0.00270739303536157,0.00295290870265284,0.00294866187487455,0.00783357023960619,0.00873396293014126,0.0120844204317281,0.00677614701978998,0.00609069629688503,0.00204591817080976,0.00318144970265557,0.0027601895720756,0.00263168631925216,0.00281227485096392,0.00238096966916925,0.00226008715184152,0.00315739557793478,0.00437217326618315,0.00659829285867799,0.00201015566899433,0.00221032842495994,0.00255472088434041,0.00311359108101939,0.00225690396078926,0.00196829326634408,0.00200584194993908,0.00243559697505161,0.00180402130960045,0.00185901816453639,0.00289604677820768,0.00187350690011908,0.00256596030076835,0.0018425263967138,0.00454345789958578,0.00220601441673027,0.0062116848089465,0.00626111378920574,0.00581941232969609,0.00569097341509204,0.00936914871291179,0.00496447050046691,0.00333573407620212,0.00222903136249249,0.00854261917723084,0.00231088566686423,0.0089387945757372,0.00867272154173405,0.00249906953030176,0.00190529264256011,0.00223763731782923,0.00218693047148549,0.00185927824994684,0.0100038203082347,1.02390517460027,0.00522002553799296,0.00737928211135156,0.00603564218465753,0.00352464496313,0.00282412221793277,0.00532664354271019,0.00440908599702738,0.00896611047039251,0.00606527506684842,0.00253986130690018,0.00304650169591689,0.00660216038075375,0.00196695063163475,0.00634885247080321,0.00248927116867322,0.00359935123186425
"78012",0.00229583444602456,0.00164276497568441,0.00189358597275144,0.00190318358681788,0.00253300607333064,0.00343445470664661,0.00784739385507612,0.00349489624394906,0.00260839240047694,0.00175540959524355,0.00218633048961156,0.0016703119325181,0.00541428972936732,0.00174863145148509,0.00411458134583977,0.00470003306182874,0.00268263331328541,0.00233520228354079,0.00510024130756881,0.00232763279362189,0.0027606451944102,0.00596782141182414,0.00256037201782467,0.00197691386946185,0.00541207830518483,0.0030329769304816,0.00487470922460782,0.00526120891930725,0.00537048257842642,0.0018653331288878,0.00295324073548392,0.00371675793982862,0.00638704346175833,0.00160775343546765,0.00178631430010218,0.00351218575849121,0.00552413079592818,0.00480219343369868,0.00208332581343325,0.00190936546645295,0.00265652223845645,0.00608752166632657,0.00317542767999675,0.00252976902388668,0.00233389634534312,0.00474378766853122,0.00369862102551901,0.00283421655427505,0.00482339861106201,0.0038720445794831,0.00272347711511316,0.00528982722025328,0.00171551447358055,0.00192458306496693,0.00228849789496549,0.00695034077962663,0.00401412980843583,0.00538754865711654,0.00273186157782191,0.00236276243292603,0.0018125889632008,0.00318450862289831,0.00168426259835848,0.00161896008703554,0.00182557970233963,0.00216507183582304,0.0044064270609294,0.00369984932303429,0.00217087655667927,0.00789683258873289,0.00264284316497065,0.0021643030399207,0.00242923440369312,0.00217203410701465,0.00696580192425422,0.00638048396927567,0.00618587459576811,0.00660283897752441,0.00631726487160336,0.00615723489531322,0.0101199834637254,0.0050070759967873,0.00296218937667499,0.00264313651509164,0.00522371706297312,0.00517005525884217,0.00714783968536965,0.0086747370267184,0.00640677536655622,0.00307864979731689,0.00579642109586472,0.00292280781253747,0.0093115521311247,0.00224541977442303,0.00365698666443276,0.00454351999254846,0.00359641202673727,0.00768476483546252,0.0087751496574126,0.00381895382163369,0.00522002553799296,1.02308028505373,0.0112047417324019,0.00541915919605106,0.0046919830183835,0.00646854413810503,0.00241801155655326,0.00269747429168285,0.00161818774083351,0.00206696102049968,0.00474773121375467,0.010591156802232,0.00713502533570137,0.00536389132067861,0.00358391471821934,0.0080372425491084,0.00556738778909855
"78013",0.00306119439659871,0.00127302283141436,0.0016982125431793,0.00272806787293496,0.00230408959221771,0.00302972206303193,0.00274484555169118,0.00172280718188159,0.00264900608917486,0.00173714798164844,0.00267906383616672,0.0014345399482525,0.00199198228713213,0.00134819820885487,0.00403316878115387,0.00835697008745872,0.00172100338855665,0.00183854843333237,0.00673948443997853,0.00408775271832599,0.00257647319412256,0.00556709609111154,0.00633002228963264,0.00245247635886529,0.00339973520480795,0.00718664069611243,0.00344050928074836,0.00612039046570041,0.00213356366344719,0.00156233523441465,0.00218013104875506,0.00495945601490068,0.00684315750959258,0.00177852719316292,0.00133450712437014,0.0021332399022226,0.00280826145164313,0.00182079139688661,0.00291308458021345,0.00232174540210519,0.00259655426000038,0.00561499426343522,0.00217765274396504,0.00174963752276978,0.00240507768149607,0.00401161805191628,0.00526319869116921,0.00204805661401057,0.00339455236320215,0.00957056476287244,0.00157314677035644,0.00488466113423579,0.00137684308932034,0.00183395046278413,0.00227261032449545,0.00261251868747694,0.00150942814908257,0.00586280955398122,0.00176914925334307,0.00538597417995887,0.00128354574491845,0.00665891144714867,0.00147457980635475,0.00126623357585046,0.00140624420778666,0.00214030969153556,0.00519871776066226,0.0027071778724662,0.00160948509661299,0.00268013116967191,0.00231845736254383,0.00205394548568166,0.00260274842751122,0.00132930656337445,0.00519410678661235,0.00262208699387118,0.00215484451028004,0.00242921800908658,0.00249419689444688,0.00244859919018025,0.00353316833973998,0.00392669687697041,0.00617618798122547,0.00162374716067074,0.00184470532408354,0.00806404922872022,0.00267996511276432,0.00285856604474123,0.00196015069101916,0.0106842200564625,0.00322141552436725,0.00448410223997575,0.00467072457298681,0.00430592892575157,0.00313500110333246,0.00638583272197926,0.00438386536986295,0.00580888057306667,0.00557536588632882,0.00717300165903591,0.00737928211135156,0.0112047417324019,1.04753521541663,0.00265784740496258,0.0151850568638626,0.0137499012482198,0.00525595008963313,0.00298638094362338,0.00155542643199193,0.00297285287309709,0.00264632492607991,0.00646711512536087,0.0141042471513215,0.00439986934796621,0.00557688003863972,0.0113769063023174,0.00424200770854244
"78015",0.00569790078850439,0.00208543148423968,0.00230187815534566,0.00216484873472391,0.00263359836385886,0.00181980595962055,0.0026136203917877,0.00997103469807203,0.00987594171816133,0.00238148245280267,0.00178274976258511,0.00173487897883645,0.00196422209671167,0.00207205254326696,0.00576717189147488,0.00215481268474665,0.00454251042623927,0.00212650153471326,0.0039620022878794,0.00341782173355442,0.00414166717099795,0.00303548884774746,0.00337505017977298,0.00608153289336402,0.00527645690810925,0.00517354205253644,0.00830162776511169,0.00359539985918463,0.00221089150938186,0.0024943342276554,0.00298113992558523,0.0108101220418395,0.00523670617213825,0.0036382404799698,0.00221960492811925,0.00976730984401187,0.00776043128288302,0.00193009029175779,0.00173782608514595,0.00192668768990002,0.0016272896607634,0.0022460886734329,0.00807165018629137,0.00243742144022601,0.00218129641728311,0.00433119847037212,0.0029368711598626,0.00212144150921194,0.00233846306663133,0.00500026676676948,0.00550298859746209,0.00231517540434338,0.00362217875183721,0.00579248857758738,0.00800835148133521,0.00353541441784577,0.00343498062067375,0.00553055024067862,0.00328168503423913,0.00203757288100344,0.00321101925888648,0.00825823259615232,0.00215098334532948,0.00341333222385524,0.00480170599655299,0.00682570358816172,0.00210683796045022,0.00256370174129156,0.00205167926834799,0.0028006360797128,0.00244548271962696,0.00353869995024339,0.00156308666481117,0.00231481577604687,0.00300112007585013,0.00418636798636019,0.00444078254059983,0.00257623214691234,0.00464055027153893,0.00205768665236882,0.00318107893269882,0.00445658807214099,0.0031285217994359,0.00332348443525345,0.00678159766264873,0.00342783417322572,0.00360195873105828,0.00225636059428344,0.00559471475052326,0.00222878182177531,0.00690113444265213,0.00555326440628919,0.00708624767347372,0.0018354449216043,0.00241499934116473,0.00238006821230828,0.00179179349889805,0.00166253838625769,0.00312567747544011,0.00214475901901791,0.00603564218465753,0.00541915919605106,0.00265784740496258,1.04106783422659,0.00699764141199089,0.00625966760308427,0.00696306507713282,0.00519949241922196,0.00437996689198844,0.00517089642496391,0.0037877964985556,0.00334453998824711,0.00331914619942354,0.00539344353962222,0.00676430538713366,0.0024435834066614,0.00528488269655983
"78020",0.00776418916145716,0.00145552853387093,0.00179638419767027,0.00287561331805087,0.00217871680247781,0.00194359592209072,0.00458058132439409,0.00220491918019381,0.00515965326461069,0.00186542371418294,0.00240523368741677,0.00149682257555447,0.00169470284000484,0.00162505981853515,0.0060831520221316,0.00211434413786384,0.00231958950868763,0.00199697686520037,0.00940886669485763,0.00186034039340085,0.00279105381264525,0.00300447516985713,0.00452027847388325,0.00452119946789943,0.00573157155162287,0.0120599429513637,0.00781729229449168,0.00989911129157946,0.00209481228659298,0.00231614894454253,0.00252736818773288,0.00832006089106698,0.00575215347658269,0.00416455876971412,0.00136761674188122,0.00213239113592355,0.00416214289471561,0.00149268094603538,0.00253601121732505,0.0018242752126046,0.00154073086333358,0.00223691290516621,0.00295908181830959,0.0043746956092932,0.00266214426008253,0.00398326647715007,0.0031031145353804,0.00202937393850165,0.00283520343413163,0.00828035250622097,0.00170332919031313,0.00256001232298395,0.00165268974755881,0.00288019627769986,0.00495293326731995,0.00287096513979442,0.00188560047307601,0.00905455255961526,0.00173087083725731,0.00271436179235274,0.00175485033184237,0.0164856425268538,0.00176937531113345,0.00204241359744812,0.00175475955365285,0.0022938399306815,0.00286785625244255,0.00183825534558933,0.00148730156179835,0.002972778105592,0.00515052397665279,0.00214712570070984,0.00156728821493155,0.00132079023306476,0.00176582687745504,0.00159213866858115,0.00207958315027028,0.00194393608196234,0.00181194377593032,0.00200810936702329,0.00337015145948847,0.00485971221871068,0.00785114767161248,0.0017143180024209,0.00171229817757976,0.00966423774348083,0.00226263870117841,0.00207474548940056,0.00180815426287567,0.00423942411700801,0.00625000976680456,0.00231532036385021,0.00359123709615277,0.00288208047244309,0.00348469407869595,0.00460790474476337,0.00201514669670127,0.00212189083217332,0.00357344903949503,0.0049814720095749,0.00352464496313,0.0046919830183835,0.0151850568638626,0.00699764141199089,1.0428321839153,0.0234402361259797,0.00590131022900224,0.00298041554515943,0.00178484925231831,0.00530145623276351,0.00174374112667076,0.00359967632029693,0.0159834644655662,0.00225217629572155,0.00254240187232865,0.00832091267802985,0.00335618788896001
"78022",0.00820608448981669,0.00147927940695234,0.00225658376530946,0.00203765987437448,0.00182165050923436,0.00221277080574822,0.00236757084947973,0.00409732677572614,0.00312434646379174,0.00198045281782276,0.00232861779558887,0.0015406257626013,0.00199978201784434,0.00151565044334427,0.00387585690505995,0.00222796332768835,0.00198703919566031,0.00172510152815047,0.00710956979255913,0.00239410646160505,0.00244176454902018,0.0050430722804306,0.00530439957587985,0.00558313550801644,0.00341369130566107,0.00838041921754644,0.00756230176179056,0.00401968369520244,0.00233251678360643,0.00444010988187731,0.00493972381229735,0.00852527293901207,0.00545477557400096,0.00466088310831642,0.00151844943256903,0.00210988996621089,0.00437639253423865,0.00156022714456972,0.00194270544765168,0.00197233650394375,0.00162200589605028,0.00247196784964349,0.00294620354336554,0.00249219590915471,0.00240003049787138,0.00257171993395116,0.00492928353764609,0.00239371294820413,0.00600744188390221,0.0114699449452243,0.0018307870129795,0.00291081524171717,0.00175259921415106,0.00209232849381495,0.00635222415037844,0.00265713781529372,0.0022196118352415,0.00625998112291487,0.00240745876347509,0.00365687504920852,0.0023201602063856,0.0138280550798912,0.00401138067553818,0.00229688110027256,0.0017738475851592,0.00223855491283686,0.00495533075496863,0.00186148940725148,0.00163176512371367,0.0039516343067591,0.00514086133372272,0.00272424907553241,0.00201839195401653,0.00147385735899133,0.0019746884828202,0.00166414930632768,0.0023780635244715,0.00173459875272556,0.00198115529080441,0.00189449332273971,0.00347517202272571,0.00921982128316226,0.00663727511068072,0.00225793957390615,0.00226252647291805,0.00930784157418273,0.00223572313733703,0.00195814244074747,0.00239603255354762,0.00453733924341039,0.00513081215483666,0.00426168112611615,0.00245674410676374,0.00231509963362969,0.00573619580319707,0.0048382100793498,0.00200590878547134,0.00228928535927905,0.00320740071516166,0.00368230954019777,0.00282412221793277,0.00646854413810503,0.0137499012482198,0.00625966760308427,0.0234402361259797,1.04053087013525,0.00496621042377494,0.00526487705711342,0.00168588571688074,0.00535100632088651,0.00187169141957558,0.00349954374263087,0.0118538826414185,0.00292785639958322,0.00469432689926347,0.00674762513729966,0.00269441274957992
"81008",0.00183836870537521,0.0051860868887137,0.00593490552954473,0.0029546794186893,0.00545233583724463,0.00327083054227882,0.00257614512796249,0.00253179395024219,0.0110824041693939,0.00651755804401332,0.00563914215386814,0.00594166758470197,0.00234807461289818,0.00272842069066912,0.00591239256977259,0.00502654564122195,0.00365233553935303,0.00279348905164177,0.00804530902477385,0.00547387444905868,0.00642304052850894,0.00489229140416747,0.00903321149408959,0.00236855584413839,0.00537331164309794,0.00281844316977396,0.00306973397608824,0.00250810829789578,0.00220088824654289,0.00205714784349372,0.00156168577322914,0.00267702263276534,0.0034711266643051,0.00351352625475279,0.00235071980982694,0.00740691835917019,0.0029914098116478,0.0021489460773312,0.00266203917674986,0.0055478618391644,0.00393919175859439,0.00230884977421,0.00634527869986198,0.00279369895128445,0.00674211521110271,0.00291746028581483,0.00891924982703364,0.00341086796237401,0.00543120006094981,0.00261666130880207,0.00269113273303486,0.00614702542025656,0.00321069874901958,0.00699113498333683,0.00388861313311727,0.0041110419011742,0.00284505793493041,0.00866166577686807,0.00266792414300002,0.00819733942984821,0.00202031378084642,0.00481559778387585,0.00499813462800485,0.00292741073137275,0.00506021922744744,0.0116350710849004,0.003959136691873,0.00264331032210774,0.00228313405666335,0.00265832784619702,0.00274015399486267,0.00235479547070422,0.00580623648094778,0.00149577167843503,0.00572175204726666,0.00343644664616725,0.00139266436030812,0.00188462936547488,0.00189095085080162,0.00188975661899131,0.00237816283505249,0.00177228345309861,0.00235148234750912,0.00240836216763079,0.00160874308871391,0.00280398034824637,0.00289995148178506,0.00214569583381366,0.0016739265770951,0.00254317888683976,0.00835976450196086,0.00219251000170569,0.00420143262056019,0.00336729953719635,0.00222171914087739,0.00278677923401292,0.0022275374505746,0.00205653989302502,0.00166477365685301,0.00184538608019779,0.00532664354271019,0.00241801155655326,0.00525595008963313,0.00696306507713282,0.00590131022900224,0.00496621042377494,1.04042338474537,0.00209731256799994,0.00948883651190611,0.00308980834988658,0.005790331876731,0.00301336458907215,0.00258883907782468,0.00140267870887011,0.00371725042573822,0.00360915555016837,0.00371276426148255
"81011",0.00351100045027171,0.00152528428285281,0.00222347194505203,0.00201596467731286,0.00444575434199558,0.00536574105017397,0.00237687984251617,0.00249166288182368,0.00185007932030033,0.00196220291297879,0.00266090457571733,0.00202538755598067,0.00203465703813261,0.00171365520836904,0.00230184224488918,0.00642815691477109,0.00176474934672666,0.00160560899193782,0.00295377524145244,0.00192984553587795,0.00353104750913647,0.00494976713815626,0.00209219497713125,0.00690846523435664,0.00276948414853118,0.00579505183447901,0.0103022059170043,0.00356956813579531,0.00160732207156864,0.0019472756399471,0.00251155620866563,0.00689778957648984,0.0022270635179109,0.00134727770746605,0.00162375790786519,0.00423407265671329,0.00229074607516788,0.00256830694798416,0.00328827939603929,0.00847464333972038,0.00751951726695177,0.00435111897223745,0.0022173530953635,0.00450129875997877,0.00577608048785116,0.0025383008369709,0.00231682459453491,0.0049173043865499,0.00484644576643735,0.00645188631092428,0.00159132867814481,0.00300049022162734,0.00198108354894856,0.00220027293289219,0.00526067634697071,0.00146784862094122,0.00170878433799948,0.0017853326621205,0.00218747158498913,0.00690975464954772,0.00170403470988769,0.00509100336962325,0.00190614017761118,0.00131248550945143,0.00169535771501276,0.00182335902364401,0.00638009856818,0.00300143227057172,0.00197679928211378,0.00426615521820669,0.00202838935627649,0.00205110865609154,0.0031374142105132,0.00253603900869681,0.00382848990608715,0.00280341106811264,0.00963686273383043,0.0067457000229472,0.00672856268577253,0.00724564093415769,0.00245561198937766,0.00717726054540633,0.0027797931952737,0.00200208834097186,0.00584723740539631,0.00326477525611262,0.00183851681837717,0.00548227693694979,0.00576442636691415,0.00241636790875084,0.00205565965678674,0.00659279935504843,0.00198782437676792,0.00271202347710288,0.00394298633645376,0.00229856297312947,0.0122511502860041,0.00732258886514763,0.00867922495558983,0.0112410530281645,0.00440908599702738,0.00269747429168285,0.00298638094362338,0.00519949241922196,0.00298041554515943,0.00526487705711342,0.00209731256799994,1.0649436157123,0.00183015794208629,0.00426918685922813,0.0022985590250198,0.00216569309812696,0.00232651351074217,0.00574342118015233,0.00224866613358116,0.00308880530258757,0.00225127920074077
"81012",0.00422699551535659,0.0080138214333702,0.00720364550599695,0.00224204252011364,0.00200832630101354,0.00205185111322701,0.00185918447461322,0.00400998248727713,0.00382138725496509,0.00643056779184144,0.00227263127414084,0.00846287051473369,0.00484375016599118,0.00526162110005358,0.00286165082588254,0.00169456611565163,0.00479556842841085,0.00272496896070218,0.00241102709132564,0.0090406633595422,0.00483533209822056,0.00265532098584003,0.0026683316959234,0.00564308467222568,0.00182110289509584,0.00161940939363001,0.00187420711792191,0.00172255935127488,0.00486254436170167,0.00356443485218549,0.00269875602211764,0.00189312591598855,0.00225341579693837,0.00563519337770308,0.0107155472717277,0.00599732331706728,0.00208204464075525,0.0103131282800932,0.00578934950970414,0.00388587773643457,0.00682024371504995,0.00146448938074277,0.00852183913831598,0.00594320532339231,0.00308901951513836,0.00207237325618606,0.00610089851055606,0.00310742518467428,0.00238426188229425,0.0018991580988506,0.00542921427558028,0.00254788671848796,0.0102863008995289,0.00961154915431507,0.00341261365013742,0.00347869438716692,0.00562730370500187,0.00474583307224523,0.0103975034237622,0.00226671434004554,0.0034708943952318,0.00186064676423065,0.00564896893121471,0.00634094545456729,0.00407322624280248,0.00610538919184945,0.00191919615696675,0.00201267952446054,0.0056738569984602,0.00211488836949293,0.00230259513959638,0.00304074834454048,0.00257768909291283,0.00556642752262949,0.00179299109971426,0.00457555960600041,0.00217847483411597,0.00165646297975683,0.00212939839269134,0.00152808170572869,0.00180372822108459,0.00178329910542478,0.00711640971675593,0.00338985180371353,0.00598919593951076,0.00167903126572243,0.00497341042267794,0.00183150744195803,0.00517407651439808,0.001567977160671,0.00421814117477236,0.00341180032574776,0.00458286998528207,0.0047326838813587,0.00208831098272451,0.00193221756820454,0.00180709152044975,0.001624090253916,0.00151085519551976,0.00326334695669679,0.00896611047039251,0.00161818774083351,0.00155542643199193,0.00437996689198844,0.00178484925231831,0.00168588571688074,0.00948883651190611,0.00183015794208629,1.04661703991844,0.00568684810893275,0.00328157995834375,0.00204199874977073,0.00149417161027802,0.00207415319606124,0.00257131334146628,0.00165170429296352,0.00210647685214748
"84002",0.00236411680356017,0.00217108147384453,0.0036951944843163,0.00168911383757576,0.0026099325571897,0.00193208384577293,0.00161590569959423,0.00333938914764329,0.00659088602319469,0.00335704681078762,0.00207285536162659,0.00458062366004771,0.00202747656549249,0.00422289652683426,0.00313099145745787,0.00165247717475217,0.0027226774241173,0.00186609830125398,0.00561295693162391,0.00374040070486001,0.0027082540577531,0.00224683442227857,0.00646208843171232,0.00467803974114807,0.00670533641891977,0.00773029707296871,0.00219902756027573,0.00232095811142155,0.00340893843667017,0.00649739520298143,0.0021513743783454,0.0182235600010876,0.0057097126464123,0.00663226944380078,0.00314465265269647,0.0049992456013945,0.00853059270384566,0.00718429719900776,0.00511606852561886,0.00256459255352594,0.0049697168320813,0.00150693945282645,0.00460996333185117,0.00251604117435711,0.00238896524217559,0.0018189072486077,0.00520860548195136,0.00237419772752693,0.00290262973551064,0.00520448140179809,0.00235663806992198,0.00532010146593746,0.00299746625434218,0.00608668169613213,0.00227576200468907,0.00218835539982036,0.00353452947444819,0.00395959866334956,0.00313021965056426,0.00313988597138005,0.00239173593328697,0.00640157052859545,0.00527430955612051,0.00648890057009291,0.00243075289942692,0.00237309906923225,0.00165986538561425,0.00152917740572284,0.00288467037396201,0.00261790834348928,0.00291677904540843,0.00668082657293345,0.00203454240850769,0.00456373179279335,0.00161727101041031,0.00188169124470199,0.00168621317672457,0.00147736803336301,0.00236289971895212,0.00163535122687141,0.00359492382692745,0.00506185787741899,0.00492041115749921,0.00314889927337996,0.00315081698875755,0.00859117625503647,0.00262364054151085,0.00214519176224566,0.00266424091776945,0.00317390739674316,0.00664232776401676,0.00206570292652835,0.00211954626985963,0.00573420857896574,0.00221409651901792,0.00179824594113452,0.00206041015689328,0.00191295367056882,0.00184161000810036,0.00341008287195471,0.00606527506684842,0.00206696102049968,0.00297285287309709,0.00517089642496391,0.00530145623276351,0.00535100632088651,0.00308980834988658,0.00426918685922813,0.00568684810893275,1.05889705192549,0.00535595420695517,0.00474179376833472,0.00723492218447901,0.00233139048866488,0.00235761294049751,0.00348377233853791,0.00339737562589228
"84003",0.00170777638242508,0.00269901134899315,0.00264306823740354,0.0015310348322943,0.00946734682301624,0.00301999534002795,0.00607688881588474,0.0032891200671564,0.0100093657867741,0.0055780143426449,0.00232469873780136,0.00214103351187495,0.00380115090221648,0.00497672817258782,0.00474017434939676,0.00531751264810437,0.0053860770005299,0.00204690808946715,0.00511442225580653,0.0119374385403918,0.00487093752574595,0.00550091473288757,0.004755690960584,0.00310394307099136,0.00290161615312619,0.00198638720812086,0.00164819085083459,0.00180740891851909,0.0047576616219378,0.00343121239577525,0.00200535749261672,0.002111768187735,0.00210526685640054,0.00673137371139276,0.00884407575115366,0.00843909628646896,0.00261861285862898,0.0111550970751713,0.00194606057309046,0.00250456368454164,0.00251006495718225,0.00318560774189144,0.00243474632369143,0.00495894707878714,0.00452685627048768,0.00197726960576005,0.00269334165102835,0.00727477304970862,0.0022286823414794,0.00212333473298469,0.00298225987915765,0.00377890472902285,0.00287518195901442,0.00364144047333357,0.00191650016568888,0.00282111119220829,0.00524283278673381,0.00574895101611282,0.00393986013798747,0.00402287342199896,0.00221906791028592,0.00168277504477467,0.00466598833048312,0.0053270004064346,0.00296395760902841,0.00269404543502015,0.00226264940061752,0.00605559903819655,0.00585524632953927,0.0021879253698349,0.00372061924391599,0.00700532649536125,0.00385078998307716,0.00344819347650983,0.0073854230169143,0.00912334400259001,0.00302163311309089,0.00653035646393746,0.00359897379331292,0.00497724161767991,0.00221990427906396,0.00189813933029834,0.00210642136791972,0.00268177302934877,0.00629931490625146,0.00254885693047633,0.00336039699634381,0.00637844205871142,0.00850858991171585,0.00345075894750667,0.00262431341439975,0.00645739043812179,0.00614385208015803,0.00241222700851422,0.00196469377310008,0.00511156250156703,0.00248056393116806,0.00282852444521644,0.0025564787885848,0.00189180133992843,0.00253986130690018,0.00474773121375467,0.00264632492607991,0.0037877964985556,0.00174374112667076,0.00187169141957558,0.005790331876731,0.0022985590250198,0.00328157995834375,0.00535595420695517,1.03089648408924,0.00356652859499462,0.00185475190149814,0.00246061652802031,0.00850044860288147,0.00242725482803116,0.00804424239263749
"84004",0.00324734762723274,0.00171378213514388,0.00330676967516222,0.00176668424557464,0.00254499212146352,0.00502970714832164,0.00492080198434177,0.00324948650344495,0.00471367882461127,0.00217006734820105,0.00208033798904911,0.00189602572045179,0.00497787012017607,0.00169996271970098,0.0095120139715462,0.00352856682109812,0.00270071748170339,0.00246265328809005,0.00610785067735236,0.00284927905492006,0.00528932747778417,0.00616840472767343,0.00510327412834127,0.00213824805834968,0.00353527494488262,0.00294090349960028,0.002712298499295,0.00285937021604699,0.00390413872418709,0.00316532148070048,0.00290783679307892,0.00434480403278419,0.00559988995502316,0.00181265419791675,0.00216748827006358,0.00685964784975132,0.0128475383664431,0.00184217867928165,0.00187172830484648,0.00215038052037314,0.00416119488627391,0.00281010423848422,0.00545839107781334,0.00244109619218242,0.00262651280456092,0.00476330156119305,0.00680854774628666,0.00487964679466591,0.00562441404841723,0.00951292747823118,0.00575358432791698,0.00427548427824977,0.00191846530919635,0.00250877468397057,0.00304279281440808,0.00566288059992262,0.00225032944929127,0.00752527679583619,0.00842616474076985,0.00519604725694,0.00318678931505858,0.00576378647864878,0.00226353727404492,0.00189829793840307,0.00171564388275692,0.00258489049481328,0.00277587898044574,0.0037064840503675,0.00237075990906731,0.00860164886270306,0.00217069378619115,0.00592947291501153,0.00272405405166205,0.00206395277581201,0.00245706215601433,0.00231179499027426,0.00235297906697139,0.00266894745630183,0.00212015702366632,0.00256851530844764,0.00974048169956845,0.00797938823555648,0.0055105890464479,0.00438220014010505,0.00421168393229817,0.00902314974033126,0.00644607408279348,0.0056460536724809,0.00253768044768014,0.00333291321940824,0.00741657751783972,0.00225127191383069,0.00591274842148122,0.0022467800790529,0.00287129369747247,0.00752815893774443,0.00402904909321483,0.00379559145413293,0.00318197629507498,0.00224416838127599,0.00304650169591689,0.010591156802232,0.00646711512536087,0.00334453998824711,0.00359967632029693,0.00349954374263087,0.00301336458907215,0.00216569309812696,0.00204199874977073,0.00474179376833472,0.00356652859499462,1.02243545705184,0.00414310567800103,0.0023502133351815,0.00522057272716639,0.00872719329948034,0.00695163883160729
"84006",0.00519653697480093,0.00133547366701066,0.00169348380812045,0.0047692803964963,0.00246248571819531,0.00195032468827238,0.00262961750643566,0.00175159463381519,0.00268863772209763,0.00157449736697039,0.00494299023383461,0.00161701643568922,0.00173970459565719,0.0014379286009097,0.00321003550712699,0.00236142628574142,0.00193936651756357,0.0018527630698084,0.00684496346746111,0.00214050707142602,0.00212655381893787,0.00264392015815021,0.00601519822659912,0.00262920854753255,0.00740621506820838,0.0156093710371864,0.00456137032445548,0.0110882619821169,0.00307814726891787,0.00192128560208499,0.00244522694485394,0.00598890574936201,0.00602424541350759,0.00246367918171462,0.001266146823922,0.00208627455610508,0.00427347453997077,0.00140329043262738,0.00508197736331938,0.00220281261402348,0.00190948594868576,0.00264473993642703,0.0022955671326434,0.00237200837919278,0.00309800972925267,0.00578916536822476,0.00293873224906531,0.0018153218554691,0.0027334183253454,0.00979474178388329,0.00151276361135387,0.00359851347463273,0.00144529844749943,0.00182572524562537,0.0024240111613537,0.00343766605767579,0.00164638094395407,0.00614287045610634,0.00184347965998968,0.00311599945253955,0.00151359999950828,0.0100493966211854,0.00148171462335212,0.00155916595980306,0.00145241383505126,0.00214200725901613,0.0027216649963969,0.00299548723184674,0.0014831895087284,0.00315789749851976,0.00475721095712721,0.00247636823030818,0.00157688636574533,0.00130617821159517,0.00202267369482923,0.00169932681741769,0.00195733845766792,0.00193579376240441,0.00167675767706188,0.00214951641066501,0.00581338819393313,0.0103768163679248,0.00819881874658816,0.0019293982286903,0.00154416950794301,0.0188712982515752,0.0026038767789487,0.00290950287215856,0.00147817184576041,0.00651091036691744,0.00379848396710182,0.00191386269751789,0.00507711113710411,0.00263967263099911,0.00470013305791779,0.00282381063072842,0.00230715271828575,0.00212796390352972,0.00277947229487714,0.00792696542056893,0.00660216038075375,0.00713502533570137,0.0141042471513215,0.00331914619942354,0.0159834644655662,0.0118538826414185,0.00258883907782468,0.00232651351074217,0.00149417161027802,0.00723492218447901,0.00185475190149814,0.00414310567800103,1.04687444751518,0.00196707471218122,0.00361120483269596,0.00818184509072964,0.00807005070773067
"84007",0.00668753745332752,0.00246614636046161,0.00141815221241209,0.00479815964276277,0.00141002392189061,0.00235567716903091,0.00195347062675742,0.00706954084709921,0.00152357153208891,0.00169808250341959,0.00157516583845341,0.00170095519944702,0.00183709448954055,0.00202160361633975,0.00167149036145359,0.00653693722843602,0.00194340830121157,0.00443281240389707,0.00164681365190004,0.00234814689926145,0.00148023868111292,0.00226416831706788,0.00156935995016072,0.00637896800491403,0.00368745435389722,0.00180177990476666,0.00248543312395724,0.00182685461468671,0.0021913537945338,0.00610469201534598,0.00952442803171221,0.00739867356263528,0.00476994147684963,0.00676633915534364,0.0058483209876897,0.00232626047766849,0.00298041244532774,0.00839170995703004,0.00171537780920151,0.00169725539684954,0.00245397695096778,0.00548338824180373,0.00237894366084728,0.00166151317170187,0.00157524519393038,0.00188712323581735,0.00169386397325423,0.00171843203905408,0.00146774810907312,0.00327569499020386,0.00351227913644254,0.00172276193729115,0.00267606900257724,0.00234659398603415,0.00821082430216735,0.00229092402638753,0.00206771205223542,0.00161164890172055,0.00515180173907447,0.00172298640136527,0.0077758061128528,0.00595912271066111,0.00174406379487832,0.00361512030115883,0.00582651308579328,0.00179923114837806,0.00256915581009518,0.00263332782474895,0.00274289233308547,0.00199258590340093,0.00147887208478222,0.00538455308693197,0.00177049210331905,0.00750118211170578,0.00510202934710538,0.00487568628702399,0.010568487430858,0.00728312508748165,0.00883115098418449,0.0057869023126011,0.00224154502944703,0.00958797866848492,0.00384077845675489,0.00301868518360947,0.00916119967105564,0.00241497656121683,0.00223119242763351,0.00305931937850339,0.01115774948306,0.00497630611608018,0.00191120480113198,0.0092050053040434,0.00177742696407408,0.00145799208712225,0.00222801436125054,0.00173205052760099,0.00741723181638576,0.00664960554994661,0.0102460747469552,0.00537732970746761,0.00196695063163475,0.00536389132067861,0.00439986934796621,0.00539344353962222,0.00225217629572155,0.00292785639958322,0.00140267870887011,0.00574342118015233,0.00207415319606124,0.00233139048866488,0.00246061652802031,0.0023502133351815,0.00196707471218122,1.06183853749475,0.00167545458859859,0.00217787272032717,0.00180564885577233
"84008",0.00164462431763745,0.00197626577145406,0.00256294690577014,0.00164391067880949,0.00375801686679238,0.0086052140472121,0.00852106707198056,0.00463366783449579,0.00511870487592049,0.0019781601536796,0.00287369968052953,0.00352932110551546,0.00353579167023097,0.0016584106450336,0.004700049057814,0.00931793186514394,0.00215640046041015,0.0050722070606384,0.00311052007575151,0.00557032315338652,0.00937763629487137,0.0106019807957273,0.00883566774288186,0.00455791348305766,0.00680314514415165,0.00528805635123814,0.00239672841378874,0.00243088216992446,0.00179203620402563,0.00162104926713636,0.00177983549404816,0.0023349658321203,0.00552023629871821,0.00157523362405759,0.00206357480654976,0.00608521695817904,0.00251967027676261,0.00200334937138962,0.00219844874195981,0.00664784454635104,0.00468195893280826,0.00719897148835343,0.00233367386872577,0.00234573065558278,0.00371461552523064,0.00282586498235635,0.00445177945858627,0.00283276360885364,0.00615016665046412,0.00244044520060502,0.0030378642770319,0.00456362622602926,0.00224003079424883,0.00343979748510142,0.0027347963212983,0.00547936595636025,0.00166037907096771,0.00271002330073263,0.00223729694825665,0.00457227879012721,0.00180977058639915,0.00182974991126877,0.0016591089756576,0.00170185065791111,0.00213523806898292,0.00488945702921454,0.00655572097301097,0.0107120583590986,0.00372660498772011,0.00219251573206627,0.00222706435639723,0.00224934772279865,0.00664827088539557,0.00177904289337552,0.0108572587514677,0.00910170661257531,0.00269128877858215,0.00487025336618197,0.00307825015246015,0.00473472323639022,0.00367659517324229,0.00204160762077243,0.00221170052573558,0.00597495273109216,0.00423887381806509,0.00452278809743559,0.00658838802174073,0.00725856667116419,0.00234435595707133,0.00662754063191878,0.0026200654659401,0.00409027479238614,0.00904200797828142,0.00521677179422091,0.0034425818663692,0.00994233771572587,0.00288913807241254,0.00591213216281339,0.00250849195014914,0.00208575962199359,0.00634885247080321,0.00358391471821934,0.00557688003863972,0.00676430538713366,0.00254240187232865,0.00469432689926347,0.00371725042573822,0.00224866613358116,0.00257131334146628,0.00235761294049751,0.00850044860288147,0.00522057272716639,0.00361120483269596,0.00167545458859859,1.01175452902249,0.00697281457446236,0.0111464435674036
"84009",0.00176522383367501,0.00145480959219593,0.00259326032544954,0.00169381168633826,0.0023108553859861,0.00632517465639067,0.00613833445907542,0.00143531902369397,0.00255447709110572,0.0019994259743022,0.00541927924456412,0.00251430127609281,0.00270298713112103,0.00145996143146755,0.00481048286188735,0.00705858895357839,0.00187812450626942,0.00283772918201324,0.0118091893854302,0.00177165299097923,0.00624068694612877,0.0133577345684107,0.00690007609364057,0.00190807795101568,0.00584596300712096,0.00577920832686829,0.0053016603728712,0.00294386501093351,0.00177610645400907,0.00127199062295087,0.0013753104722665,0.00294398093744458,0.00414186410184413,0.00137026232655899,0.0011740245585483,0.00181612719558777,0.00313472438425478,0.00180542037783924,0.00231557727764473,0.00481122588073795,0.00351962893302424,0.0100862987170885,0.00228337668512293,0.00255934687293723,0.00453946855722689,0.00409788063940052,0.0099547155108434,0.00517095441675216,0.0124548043194053,0.00688755717274976,0.00156915909129557,0.00270527974662359,0.00132767793257628,0.00209100679876191,0.00148603877803946,0.00244902634012247,0.00192379146548537,0.00395150678618287,0.00213380702720896,0.00441183169461473,0.00107106014601383,0.0051952807737281,0.00145169961160369,0.00112659129553323,0.00123068499222045,0.00261677697033878,0.009538270667857,0.00559216618390393,0.0020077178863835,0.00214400533875611,0.0037857505207696,0.00219818758726672,0.00480775308271477,0.00168315214066321,0.00829790318114982,0.00357825307112244,0.00322691720316254,0.0084145791439347,0.0037594112865684,0.00792584706129102,0.00713702446454157,0.00266042351271413,0.00225559122419738,0.00159067693662524,0.00193758775696525,0.00632180134394221,0.0021254044600613,0.0070638059862345,0.00204493092360404,0.00626952665651355,0.00276968954185135,0.00219487106947606,0.00244895763341358,0.00329893847625697,0.00265127359543385,0.00715286073067686,0.00316739837592103,0.0102845989125351,0.00608505241510301,0.00246091078648223,0.00248927116867322,0.0080372425491084,0.0113769063023174,0.0024435834066614,0.00832091267802985,0.00674762513729966,0.00360915555016837,0.00308880530258757,0.00165170429296352,0.00348377233853791,0.00242725482803116,0.00872719329948034,0.00818184509072964,0.00217787272032717,0.00697281457446236,1.02563040538442,0.00516076752657545
"84010",0.00224935009146053,0.00174067236385804,0.00237251673984679,0.00594699419514664,0.00499176849482464,0.0039332040997696,0.00518381502647139,0.00205383164242612,0.00288120927834758,0.00189818202629403,0.00626210042082469,0.00429637064318842,0.00374879588723904,0.00177334415388239,0.0032658623681553,0.00897544965814338,0.00208413675104546,0.0029428376516984,0.00415533722677578,0.00272999517056046,0.00436584071860512,0.00556658946094607,0.00960316582638622,0.00239295717710756,0.00906034478183497,0.00754899432001196,0.00329384767931457,0.00733822041016717,0.00207668718398204,0.00148932389779241,0.00166654811350297,0.00275980644958667,0.00603663998257172,0.00144411592847355,0.00183760187255983,0.00476162500590055,0.00298277364284132,0.00199600465502686,0.00582801145324555,0.00390555898024898,0.00550953997599022,0.00667677761923993,0.00256645162029484,0.00208780031357485,0.00650167202454421,0.0114365472423362,0.00662194115568118,0.00440918996148127,0.00411990526717263,0.00340006753009635,0.00201465032895827,0.0047820118623161,0.0017813148866004,0.00204282311217383,0.00182520692642308,0.00267865225649483,0.00177554061487612,0.00277267563758418,0.00203734814634326,0.00678204478241793,0.00141838363335384,0.00226772642787718,0.00163911295598038,0.00138847344421105,0.00155382571237613,0.00611029218377701,0.00385221197713207,0.0113890552211897,0.00312334260500762,0.00283131241912468,0.00216456615135518,0.00469473621555867,0.00389795538241423,0.00162669971308335,0.005934366125651,0.00612491382019938,0.00249692022492237,0.00320957686555406,0.00228267636474148,0.00289174343971059,0.00387020791416878,0.00236070364658444,0.00461264842077269,0.00399610587627531,0.00475421213279191,0.00589541998231883,0.00282861927130738,0.00708110154365881,0.0029407691199885,0.00531071256770614,0.00264281975304839,0.00554202082439335,0.00589303256855863,0.00355249068904965,0.00576070344561651,0.00778219693496095,0.00262883501533545,0.00282837945175151,0.00260083779793955,0.00383624603763421,0.00359935123186425,0.00556738778909855,0.00424200770854244,0.00528488269655983,0.00335618788896001,0.00269441274957992,0.00371276426148255,0.00225127920074077,0.00210647685214748,0.00339737562589228,0.00804424239263749,0.00695163883160729,0.00807005070773067,0.00180564885577233,0.0111464435674036,0.00516076752657545,1.02660061396407
